customer_id,credit_score,country,gender,age,tenure,balance,products_number,credit_card,active_member,estimated_salary,churn
15634602,619,France,Female,42,2,0.0,1,1,1,101348.88,1
15647311,608,Spain,Female,41,1,83807.86,1,0,1,112542.58,0
15619304,502,France,Female,42,8,159660.8,3,1,0,113931.57,1
15701354,699,France,Female,39,1,0.0,2,0,0,93826.63,0
15737888,850,Spain,Female,43,2,125510.82,1,1,1,79084.1,0
15684819,726,France,Female,32,2,0.0,3,0,1,186162.54,0
15704591,805,Germany,Male,39,10,120705.84,1,1,1,60192.17,0
15666765,610,Germany,Female,46,5,0.0,2,1,1,139948.16,1
15761055,617,France,Female,37,10,113110.56,1,0,1,90757.0,1
15644962,714,France,Male,33,2,0.0,1,1,1,163418.27,0
15719549,501,France,Female,33,1,0.0,1,0,0,93888.93,0
15682448,552,France,Male,46,5,76577.05,1,1,1,57837.48,0
15759938,754,Spain,Male,33,1,0.0,1,1,0,55982.27,0
15682785,431,France,Female,33,4,148379.6,2,0,1,182319.78,0
15784563,657,France,Male,47,2,63340.96,2,1,0,116238.46,0
15732165,605,Germany,Male,24,8,0.0,1,0,0,107546.44,0
15671649,614,Germany,Male,26,5,0.0,2,1,1,3308.54,0
15755578,663,France,Female,39,7,168215.57,1,1,0,17714.73,0
15566091,504,France,Male,56,6,0.0,1,1,0,5437.01,1
15603724,657,France,Female,33,0,78086.02,1,1,1,199412.21,0
15734458,621,France,Female,43,1,112262.49,1,1,1,79788.46,0
15626197,592,Germany,Male,37,10,121451.11,2,0,1,31560.94,1
15814243,727,Spain,Male,47,2,0.0,2,1,1,20557.8,0
15814189,555,France,Male,32,3,0.0,1,1,0,64729.81,0
15620727,615,Spain,Female,23,6,119659.0,1,1,0,51388.21,0
15744461,615,Spain,Male,31,3,107384.42,1,1,0,57134.32,0
15798958,669,Germany,Male,37,4,0.0,2,0,0,137658.52,0
15646377,678,Spain,Female,33,6,81463.66,1,1,1,118058.41,0
15672793,709,France,Male,25,1,143692.29,2,0,1,37991.12,0
15710964,517,France,Male,37,8,94012.52,3,1,0,5068.03,0
15581585,610,France,Male,42,4,141993.09,2,0,1,31351.13,1
15653553,507,Germany,Female,29,0,97237.55,1,0,1,123208.25,0
15610444,837,Germany,Male,49,6,142562.41,1,0,0,169350.31,1
15587280,712,France,Male,30,3,0.0,1,1,1,34111.48,0
15783088,623,France,Female,55,1,0.0,2,1,1,122191.37,1
15747900,689,Germany,Male,24,1,110014.5,2,0,1,151141.63,0
15699034,673,France,Male,42,8,0.0,1,1,0,109999.78,0
15597945,579,France,Female,41,6,126551.45,1,0,0,110157.01,0
15709521,442,Spain,Female,30,9,90687.74,2,1,1,132186.56,0
15749940,612,France,Female,38,9,0.0,1,1,1,185339.91,0
15597357,847,France,Male,36,10,0.0,2,1,0,151715.79,0
15639212,513,Spain,Male,36,7,130066.79,2,1,1,60913.53,0
15594777,628,Germany,Male,37,0,0.0,2,0,0,57136.76,0
15807864,595,Spain,Female,43,10,147438.41,2,0,1,56520.93,0
15774870,693,Spain,Female,27,0,95749.85,1,0,1,118023.24,0
15781785,626,France,Male,41,10,113913.66,2,1,1,161331.34,1
15589835,685,Germany,Male,39,6,90278.76,1,0,1,99241.17,0
15734259,745,France,Male,41,7,0.0,1,0,1,11684.77,0
15670982,850,Germany,Female,27,1,52408.76,2,1,1,35390.77,0
15662164,753,Spain,Female,22,2,113023.55,1,1,1,79543.25,0
15737860,742,Spain,Female,60,2,140876.84,1,0,1,176755.83,1
15804000,581,Germany,Female,43,5,92822.74,1,0,1,162015.61,0
15700793,630,Spain,Female,42,3,0.0,2,1,1,79609.12,0
15601781,591,France,Male,46,6,0.0,2,0,1,193964.04,0
15736334,516,France,Male,57,9,0.0,2,1,1,17338.18,0
15797676,687,Spain,Female,44,2,145997.35,2,0,1,94251.85,0
15756073,546,France,Male,42,4,114161.28,1,1,1,102441.29,0
15572199,363,Spain,Male,36,8,0.0,2,0,0,155755.82,0
15685571,779,France,Male,43,6,105331.24,2,1,1,20999.92,0
15589638,663,Spain,Male,37,9,146716.81,1,0,0,77600.49,0
15773634,500,Spain,Female,35,10,94276.19,1,1,1,179955.27,0
15797719,551,France,Male,46,7,0.0,1,1,0,53835.23,0
15809449,618,France,Male,51,7,42991.27,2,1,0,46557.98,1
15807077,650,Spain,Male,39,8,0.0,1,0,0,132659.9,0
15571984,649,France,Male,45,3,162828.09,1,0,0,167395.09,0
15670756,640,Germany,Male,29,7,86297.45,1,0,1,41346.57,0
15697014,426,Germany,Male,29,3,149065.19,1,0,0,75440.22,0
15792640,667,France,Female,37,6,0.0,1,1,1,144424.8,0
15635745,639,Germany,Male,30,6,113322.63,1,1,1,138071.18,0
15749075,531,France,Male,40,1,177726.51,2,1,0,145958.22,0
15740300,500,France,Male,51,1,136332.61,2,0,0,197499.8,1
15667511,598,France,Female,45,3,54169.9,2,0,1,6929.67,0
15746085,673,Germany,Female,38,0,69693.27,1,1,0,52698.26,0
15764952,701,France,Male,72,5,0.0,2,1,0,20810.24,1
15653750,598,Germany,Male,48,3,123979.91,2,1,0,10203.42,1
15632497,668,France,Female,41,4,0.0,1,1,1,77730.11,0
15709614,669,France,Female,40,0,124381.85,1,1,1,1903.07,0
15786000,673,France,Male,48,1,160022.33,2,1,0,82283.23,1
15766220,473,Spain,Female,44,5,0.0,1,0,1,11787.55,0
15768574,539,France,Female,36,9,175428.02,2,0,1,68747.75,0
15597573,553,France,Male,42,7,0.0,1,0,1,86853.43,0
15615129,565,Germany,Male,28,9,128046.64,2,0,1,77728.64,0
15655596,571,Spain,Female,38,7,141639.32,1,1,1,144783.22,0
15597315,543,France,Female,47,6,98093.23,2,1,0,68701.08,1
15739011,671,France,Male,33,6,128905.5,1,1,1,34772.3,0
15787447,549,France,Male,47,7,0.0,1,0,0,28009.17,0
15637155,672,France,Male,46,7,0.0,2,1,0,30551.05,1
15806951,713,Germany,Male,25,8,0.0,1,0,1,11371.83,0
15812786,715,Spain,Male,35,4,0.0,1,0,0,21602.8,0
15615377,623,France,Male,29,0,0.0,1,1,0,31457.16,0
15754272,563,France,Male,31,7,131499.88,2,1,1,13142.75,0
15732380,821,Germany,Female,27,2,133709.67,1,1,1,53721.54,0
15723760,725,France,Male,34,8,0.0,1,0,0,56416.99,0
15568462,675,Germany,Male,52,0,0.0,2,1,1,61134.04,1
15787043,535,Spain,Male,49,8,111867.24,2,1,1,150214.25,0
15718990,524,Spain,Male,41,9,0.0,1,1,1,92592.03,0
15577656,676,Germany,Female,33,5,0.0,1,0,1,79164.74,0
15771195,611,France,Male,45,3,0.0,2,0,1,4028.53,0
15608227,546,Germany,Male,28,9,115455.19,1,1,1,170607.29,0
15805745,627,France,Female,36,7,104395.72,1,1,0,119455.69,0
15641025,776,Spain,Female,41,9,97118.58,1,1,0,71946.31,1
15578964,582,Spain,Male,32,7,155537.76,2,1,0,104220.59,1
15665638,586,Germany,Male,43,4,76569.78,2,1,1,174844.79,0
15730173,554,Germany,Male,31,10,58083.7,1,1,0,70321.5,0
15731733,495,France,Male,41,6,142388.64,2,1,1,150869.94,0
15708031,583,France,Female,57,9,98550.72,1,1,1,149255.94,1
15670658,563,Spain,Female,71,9,0.0,2,0,1,9670.67,0
15783935,478,Spain,Female,47,3,0.0,1,0,0,176102.0,0
15581890,740,France,Male,39,9,0.0,2,1,0,14019.16,0
15660901,722,Germany,Male,38,5,0.0,2,1,1,79637.6,0
15663852,620,Spain,Female,43,2,84225.22,1,0,0,43807.76,0
15649938,731,Spain,Female,26,6,127666.01,2,1,1,36113.13,0
15616113,666,France,Female,53,10,0.0,1,1,0,85549.21,0
15764198,748,France,Male,38,1,110065.84,2,0,0,95569.12,0
15750490,711,France,Male,29,9,0.0,2,1,1,61754.19,0
15686786,725,Germany,Male,30,3,78048.57,1,1,0,176427.54,0
15797116,673,Spain,Female,44,4,0.0,2,1,0,148040.3,0
15604350,744,France,Female,39,9,113346.36,2,1,0,167875.67,0
15753488,813,Spain,Female,52,0,131670.73,2,0,1,77638.75,1
15621765,582,Germany,Male,36,3,0.0,2,0,1,77629.48,0
15719990,675,Germany,Female,52,8,0.0,2,1,1,1494.76,0
15673797,366,Spain,Male,46,7,0.0,2,1,0,67125.75,1
15803098,774,Germany,Male,39,1,130264.58,2,1,1,71254.91,0
15744831,526,Germany,Female,36,6,140202.83,1,0,0,159727.71,1
15736359,738,France,Male,31,5,124974.0,1,1,0,115837.77,0
15614120,653,France,Male,50,2,108046.31,1,1,1,167384.9,0
15625788,669,France,Female,31,9,54020.66,2,0,0,94999.08,0
15640357,576,Spain,Female,35,3,116099.9,2,1,0,61764.22,0
15686461,610,Germany,Female,41,2,126471.72,2,0,0,189711.62,1
15760768,492,France,Female,54,5,156586.51,1,0,0,13097.04,1
15605736,556,France,Male,35,1,102059.73,1,0,0,124213.27,0
15694422,692,France,Male,37,5,97741.84,1,1,0,90003.32,0
15572500,598,Spain,Male,52,8,143387.59,3,1,1,103297.63,0
15771595,610,France,Female,34,5,0.0,1,1,1,160116.33,1
15754826,745,Germany,Female,35,7,86512.26,1,1,0,196658.75,0
15718132,690,France,Female,72,9,153929.25,1,0,1,55051.09,0
15628165,604,Germany,Female,27,9,0.0,2,1,1,54192.73,0
15624216,690,France,Female,31,7,0.0,1,1,0,109511.94,0
15734405,584,Spain,Male,28,0,101743.73,1,1,0,153752.67,0
15574084,802,Spain,Male,33,3,94803.35,1,1,1,71504.29,0
15625255,539,Spain,Female,53,8,80840.59,2,1,1,76530.7,1
15642619,571,Germany,Female,34,0,0.0,1,1,1,27628.93,0
15654718,616,France,Male,34,8,110415.93,1,0,0,2955.49,0
15593319,424,Germany,Male,43,6,0.0,2,0,0,158076.32,1
15639921,723,France,Male,40,4,0.0,2,1,1,36209.99,0
15701206,830,France,Male,41,5,90768.69,2,1,0,177978.98,0
15812404,788,France,Female,49,8,115095.2,2,1,1,105613.35,1
15709702,634,Germany,Female,32,2,160527.95,1,1,1,40321.89,0
15691335,668,Spain,Male,37,0,141354.32,2,1,0,33431.92,1
15656331,752,Spain,Female,42,3,0.0,1,1,1,147656.83,0
15651162,475,Spain,Female,37,3,0.0,2,1,1,16169.67,0
15764105,737,France,Female,36,5,152626.13,2,1,0,198500.77,0
15577972,474,France,Female,32,10,0.0,1,0,0,33101.81,0
15664905,644,France,Female,39,1,125923.15,2,1,0,198693.75,0
15728612,731,France,Female,30,3,146673.31,1,0,0,9007.42,1
15702730,607,Spain,Male,43,9,84138.25,2,1,0,121286.14,0
15630388,743,France,Male,30,7,0.0,1,0,1,77467.44,0
15718058,644,France,Female,43,2,0.0,1,1,1,121011.48,0
15702174,787,Spain,Female,43,7,160385.56,2,1,1,64687.02,0
15707486,605,Germany,Female,44,2,169575.83,2,1,1,17829.39,1
15666931,568,France,Male,31,3,0.0,2,0,1,182754.59,0
15626953,560,France,Male,52,7,0.0,1,1,0,160701.66,0
15626762,668,Germany,Female,43,0,130188.71,1,0,0,3262.07,0
15641995,701,France,Male,29,9,139740.16,2,1,1,74039.13,0
15668614,477,Spain,Male,38,1,0.0,2,1,1,22592.11,1
15669562,591,Germany,Male,28,5,125575.72,2,0,1,95586.61,0
15642548,734,France,Female,53,5,84437.82,2,1,0,3883.38,1
15570006,850,Spain,Female,28,9,111677.57,2,0,1,199993.55,0
15731810,497,France,Female,41,8,121156.41,2,0,1,131442.98,0
15642239,510,Spain,Female,29,9,91741.48,1,1,0,161060.67,0
15814296,615,France,Female,28,3,164303.26,2,0,1,31383.85,0
15657981,737,France,Female,42,0,140049.18,2,1,1,139406.68,1
15752176,680,Spain,Male,39,10,116723.44,1,1,1,94976.44,0
15566747,719,France,Male,32,0,0.0,1,1,0,100466.84,1
15574335,787,France,Female,60,4,80730.59,2,1,0,125897.9,1
15597605,570,Spain,Female,38,10,0.0,1,1,0,119986.03,0
15708444,711,France,Female,42,8,0.0,2,1,0,9020.36,1
15695883,531,Germany,Male,50,6,102565.77,1,1,0,3504.32,1
15604596,700,France,Female,54,1,122469.16,1,1,1,71369.01,1
15807664,809,France,Male,33,1,0.0,4,1,1,197182.01,0
15682125,850,Germany,Female,53,4,69954.55,2,0,0,117688.99,1
15635991,482,France,Male,35,10,0.0,1,1,0,93100.8,1
15796602,733,France,Female,25,9,115602.7,2,1,0,42671.33,1
15683682,642,Spain,Male,50,5,123243.67,2,0,0,93182.98,1
15619123,599,France,Female,56,6,86631.76,1,1,1,42426.43,0
15751220,795,France,Male,33,4,114741.16,2,1,1,52611.17,0
15697466,675,France,Female,39,5,0.0,2,0,1,126388.25,0
15793220,599,Spain,Female,35,9,120508.57,2,0,0,32125.42,0
15586417,755,France,Female,34,6,0.0,2,1,1,105062.63,0
15614096,672,Spain,Male,27,5,89031.89,2,0,0,95775.48,1
15733779,599,Spain,Male,50,0,0.0,1,1,1,109207.28,0
15569733,575,Germany,Female,32,5,0.0,1,1,1,27220.09,0
15762278,599,Germany,Male,38,8,126541.15,1,1,1,33294.47,0
15760131,656,Germany,Female,37,0,99867.14,2,1,1,183884.61,0
15690445,673,France,Female,54,9,190998.5,2,1,0,178012.72,0
15613517,651,Spain,Male,41,1,93071.15,2,0,1,116781.44,1
15662268,488,France,Male,34,2,191049.63,1,1,0,179974.89,0
15581332,748,France,Male,30,3,0.0,1,0,1,72197.53,0
15711669,662,Germany,Male,40,9,0.0,1,0,0,12141.26,0
15766597,629,France,Female,42,7,133717.34,1,1,0,13573.47,0
15587546,488,France,Male,34,10,171145.41,2,1,1,122235.61,0
15748566,781,Germany,Female,38,8,65407.44,1,0,1,174885.24,0
15804490,476,Germany,Male,39,2,0.0,1,0,0,121962.03,0
15738792,478,Spain,Female,30,2,0.0,2,1,0,113040.22,0
15772126,713,Germany,Female,32,4,0.0,1,1,1,164796.03,0
15712437,620,France,Female,56,3,137930.24,1,0,0,120796.1,0
15688978,595,Germany,Female,27,0,0.0,1,1,0,45258.25,0
15785192,647,Spain,Male,30,6,132370.02,1,0,1,118256.45,0
15671609,431,France,Male,41,6,126580.87,2,1,0,184433.89,0
15813570,590,France,Female,38,5,0.0,1,0,0,62014.18,0
15695143,693,Spain,Female,50,8,0.0,1,0,1,64793.34,0
15733042,711,Germany,Male,42,8,0.0,1,1,1,162267.7,0
15747141,499,Spain,Female,55,8,0.0,1,1,1,927.76,0
15754745,636,France,Female,30,2,140355.11,2,1,1,4119.52,0
15598492,532,France,Female,42,9,143006.95,2,0,0,100405.37,0
15585356,811,Germany,Male,44,0,0.0,2,0,0,52734.42,0
15579575,796,France,Male,33,2,143708.84,1,0,0,110813.33,0
15698600,515,France,Female,35,3,83633.44,2,1,0,81656.14,0
15742671,723,France,Female,39,4,0.0,2,1,0,154255.91,0
15704600,559,France,Male,31,10,0.0,2,1,1,21852.52,0
15776058,563,Germany,Male,48,3,109073.2,1,0,1,178463.63,0
15693086,466,Germany,Female,28,4,165608.33,1,1,1,162769.99,0
15762974,584,Germany,Male,56,3,118188.3,1,1,0,191815.28,0
15765888,603,Germany,Female,46,3,110192.25,2,1,0,176615.59,1
15701273,676,Spain,Male,32,3,0.0,1,1,1,75137.08,0
15576823,350,Spain,Male,35,7,131224.27,3,1,1,136206.47,0
15584826,719,Spain,Male,30,10,120546.83,2,1,1,74089.92,0
15674077,643,Germany,Female,42,9,149818.79,1,1,1,79261.24,0
15698191,696,France,Male,44,3,122600.86,2,1,1,34522.27,0
15570330,650,France,Male,34,9,48666.38,1,1,0,120094.37,0
15707698,709,France,Male,34,5,0.0,1,0,0,140101.17,0
15579495,652,France,Male,35,3,166022.78,1,1,1,133988.38,0
15729325,745,France,Male,41,5,143084.04,3,1,1,32950.39,0
15603911,581,Spain,Female,34,5,121158.49,1,1,1,14839.87,0
15801894,724,Spain,Male,48,5,99558.3,1,1,0,122145.75,1
15709555,697,France,Male,28,7,131218.36,1,0,0,58974.84,0
15570816,489,France,Male,53,9,108721.63,1,0,1,116875.3,1
15693511,690,Germany,Male,46,3,134747.24,1,0,0,188967.68,0
15621970,499,France,Female,49,3,144666.75,2,0,0,8274.13,1
15648605,785,Germany,Male,33,10,0.0,2,1,0,49682.7,0
15800310,786,France,Female,39,7,76752.1,1,1,0,165232.47,0
15590257,577,France,Male,33,4,0.0,1,1,0,161000.04,1
15697909,580,France,Male,69,0,86566.35,1,1,0,188284.5,0
15659596,617,France,Female,34,8,127138.0,1,1,0,164480.86,0
15579435,714,Spain,Female,37,9,0.0,2,1,1,188651.23,0
15702554,535,Spain,Female,33,5,133810.6,1,1,0,9031.3,1
15770319,764,Spain,Male,37,8,113156.55,2,1,0,106867.49,1
15754303,403,France,Male,34,5,78033.14,1,1,0,170529.12,0
15790968,661,Germany,Male,41,6,99644.28,1,1,1,30374.51,0
15618171,607,Germany,Female,37,1,78160.73,2,1,1,142177.26,1
15645738,625,Spain,Female,29,9,84775.63,1,0,0,146399.28,0
15769838,671,France,Male,28,3,102031.65,1,1,0,46287.32,0
15658364,570,Spain,Male,36,6,0.0,1,1,0,142671.98,0
15813665,785,Spain,Male,35,5,127236.33,2,1,0,105369.72,0
15711154,542,France,Female,48,10,157739.13,2,0,0,126881.5,0
15657130,605,France,Male,45,0,0.0,1,1,0,54364.51,0
15784209,751,France,Female,35,9,79061.65,2,0,0,186995.79,0
15623208,677,France,Male,48,2,0.0,2,1,0,116819.48,0
15746083,785,France,Male,50,2,0.0,1,1,1,159674.25,1
15605883,572,Spain,Female,49,5,170302.23,2,0,1,88309.08,0
15573178,583,France,Male,33,5,0.0,1,1,1,149774.19,0
15568905,546,France,Male,42,7,0.0,1,0,0,150267.28,0
15660657,509,France,Male,31,2,147481.14,2,1,1,163295.85,0
15701764,808,Spain,Male,51,4,173276.78,1,1,1,39264.16,1
15734178,627,Spain,Male,33,4,0.0,1,1,0,74495.17,0
15755096,542,France,Male,39,7,129862.93,2,1,0,11596.99,0
15797777,597,Spain,Male,37,9,0.0,2,1,1,38627.59,0
15587148,447,Germany,Male,23,9,108942.1,1,1,1,51264.79,0
15639320,627,France,Female,39,8,31883.33,2,0,0,147531.36,0
15646624,684,Germany,Male,45,8,0.0,1,1,0,78405.84,0
15750388,731,Spain,Male,37,4,129962.1,2,0,0,111990.78,0
15782402,756,France,Male,27,9,0.0,1,1,1,67977.47,0
15782734,709,Germany,Female,41,9,154093.55,1,1,0,43208.63,0
15639690,665,France,Male,42,8,0.0,1,0,0,153909.89,0
15727178,680,Germany,Male,61,5,0.0,2,1,1,172664.17,0
15702955,648,Germany,Male,41,0,121063.96,1,1,1,180521.23,0
15695024,850,Spain,Male,43,8,132111.51,1,0,1,159801.12,0
15736173,685,France,Female,34,8,109941.59,2,0,0,45018.63,0
15627256,775,Spain,Male,43,5,0.0,1,1,1,108142.15,0
15724666,717,Germany,Female,33,2,0.0,1,1,0,197884.97,0
15607121,552,Germany,Female,31,1,126474.67,2,1,1,192214.3,0
15585053,661,France,Female,35,6,187977.3,1,1,0,86547.08,1
15644889,692,France,Female,31,5,145557.14,1,1,1,53536.58,0
15619109,541,France,Female,42,2,121029.07,1,0,1,46950.38,0
15609254,580,France,Female,45,7,150335.47,1,1,1,59578.52,0
15697336,715,Germany,Female,33,9,130249.88,1,0,1,11496.35,1
15609760,673,France,Female,30,8,0.0,2,0,0,79218.01,0
15662955,556,France,Male,29,10,73105.57,1,1,0,7601.3,0
15675482,764,France,Male,44,2,0.0,2,0,1,194926.7,0
15698013,615,France,Female,32,7,136680.59,2,1,0,75099.61,0
15725071,605,Spain,Male,58,8,107161.02,2,0,0,187610.07,0
15677766,842,Germany,Female,44,2,80209.97,2,1,0,64756.43,1
15781640,660,Germany,Female,36,0,145258.41,3,0,0,152021.04,0
15665147,670,France,Female,53,0,134888.72,1,1,1,13153.04,0
15587528,669,Spain,Female,35,4,175641.23,2,1,1,155368.21,0
15575774,656,France,Female,37,5,0.0,1,0,0,153699.21,0
15738895,687,Germany,Male,39,4,143092.82,1,1,1,32719.2,1
15686484,560,France,Male,40,7,0.0,1,1,1,28877.3,0
15576702,666,France,Male,38,1,78415.33,2,1,0,191403.47,1
15607694,683,France,Female,30,4,64351.13,2,1,1,29270.4,0
15605562,661,France,Male,32,8,90167.27,1,1,1,96859.91,0
15727496,669,France,Male,24,4,0.0,1,1,1,162578.74,0
15635672,551,Spain,Female,32,1,145580.17,1,1,1,140345.42,0
15641835,774,Spain,Female,35,1,0.0,2,1,1,73222.04,0
15596379,537,Spain,Male,30,6,162262.29,2,0,0,100849.08,0
15698623,644,Spain,Female,34,2,0.0,2,1,0,149933.18,0
15736816,685,France,Male,49,7,0.0,1,0,0,61009.91,0
15639113,742,Spain,Female,36,2,121202.96,1,1,1,28220.77,0
15757486,508,France,Female,26,6,155485.74,1,1,1,89337.22,0
15577633,631,Spain,Female,27,6,103306.33,1,1,0,173767.64,0
15808132,621,France,Male,37,5,107033.91,2,1,1,129369.21,0
15807156,603,Germany,Female,36,9,75280.23,2,1,1,69373.24,0
15597145,611,Germany,Male,32,3,92678.93,2,1,1,62681.39,0
15708152,638,Spain,Male,28,2,62070.14,1,1,0,78855.67,0
15810533,541,Germany,Male,44,5,182142.83,1,1,0,106737.2,0
15583274,577,Spain,Female,31,4,0.0,1,1,0,115158.49,0
15689120,557,France,Male,40,4,132131.33,1,1,0,78452.58,1
15633314,777,Germany,Male,27,7,96770.23,2,1,0,6966.73,0
15672653,703,Spain,Female,31,3,102870.96,2,1,1,194562.6,0
15565858,830,Germany,Male,55,0,0.0,1,1,0,135582.87,1
15698922,553,France,Female,37,4,0.0,2,1,0,128403.98,0
15588525,850,France,Male,31,1,0.0,1,1,0,30897.14,0
15693242,605,France,Male,66,7,131757.96,1,0,0,181815.27,1
15692465,694,France,Female,26,2,0.0,1,0,1,46894.97,0
15803671,628,France,Male,46,9,101896.97,2,1,1,151547.97,0
15568666,745,France,Male,34,0,100565.69,2,1,1,4197.75,0
15644783,573,Spain,Female,34,10,142873.14,2,1,0,99036.62,0
15611235,492,Spain,Female,34,5,0.0,2,1,1,21218.38,0
15778191,602,Spain,Male,42,6,155069.34,2,0,0,112411.05,1
15601690,835,France,Male,35,5,122019.49,1,1,0,22299.97,0
15622146,753,Germany,Male,32,0,0.0,2,1,1,180084.42,0
15762052,618,France,Male,29,1,134702.04,1,1,0,46423.84,0
15755734,713,Spain,Female,34,8,0.0,1,0,0,48715.1,0
15781369,561,France,Female,34,0,154769.35,2,0,1,60645.79,0
15746538,751,France,Female,55,0,119248.89,1,1,0,60898.87,1
15633344,707,Spain,Male,33,9,156568.02,2,1,0,77441.27,0
15702866,685,France,Female,45,8,105487.81,1,0,1,23028.57,0
15764107,664,France,Male,39,4,172297.62,1,1,1,77491.29,0
15571909,785,France,Female,35,8,0.0,1,0,1,43862.17,0
15608147,692,France,Female,41,0,93039.75,1,0,0,33037.39,1
15584330,810,France,Male,39,6,143241.57,1,1,1,118025.19,0
15667303,730,Spain,Male,35,0,86628.91,4,1,1,98267.59,0
15623471,611,Germany,Male,41,1,86610.98,1,1,1,139764.97,1
15784588,714,France,Female,60,8,118206.78,2,1,0,164184.32,0
15713434,577,Germany,Male,37,1,163755.23,2,1,0,56739.85,0
15567783,503,Germany,Male,37,8,0.0,2,0,0,54645.75,0
15673968,648,Germany,Male,30,0,139418.72,1,0,1,37166.52,0
15633803,796,Spain,Female,25,7,97195.87,2,0,1,123087.59,0
15734545,740,France,Female,24,2,171923.45,2,1,0,12328.26,0
15799324,695,France,Male,39,4,147192.15,1,1,0,42972.85,0
15806927,648,Germany,Male,60,7,145330.84,1,0,1,13969.49,1
15587322,630,Germany,Female,42,7,135636.55,2,0,0,29292.81,1
15613568,686,France,Male,50,10,146484.7,2,1,1,96327.98,1
15729894,741,Spain,Female,26,10,150706.66,1,1,1,169863.64,0
15810332,655,France,Male,40,7,0.0,2,0,1,5826.44,0
15689810,800,France,Female,37,8,43234.83,3,1,1,138282.18,0
15596360,567,France,Male,27,1,121952.21,1,1,1,134116.5,0
15569903,663,Germany,Male,36,9,117593.87,4,0,1,3021.74,0
15813667,671,France,Male,31,3,114059.18,2,0,0,33635.35,0
15692605,580,Germany,Female,44,7,110658.06,1,0,1,172443.42,0
15666842,705,Germany,Female,41,9,0.0,1,1,0,115369.45,0
15759189,645,France,Male,44,7,109931.97,2,1,0,144162.74,0
15731017,727,France,Male,63,3,0.0,3,1,1,9003.08,1
15610203,661,France,Female,30,0,0.0,1,1,0,114287.62,0
15780054,631,France,Female,33,8,123953.65,1,1,1,89398.17,0
15631443,675,Spain,Female,39,6,0.0,1,1,1,172528.16,0
15613725,669,France,Female,30,3,0.0,2,0,1,57864.24,0
15602366,662,France,Female,26,10,0.0,1,1,0,90749.52,0
15812707,563,Germany,Male,54,8,147767.08,1,1,0,178809.88,1
15586578,534,Germany,Male,26,9,104657.47,1,1,0,104988.85,0
15795325,573,France,Male,41,1,161883.54,2,0,0,192337.96,1
15717984,758,France,Male,31,3,145851.6,2,0,1,9851.93,0
15575177,662,France,Male,36,6,78167.31,1,0,1,42471.59,0
15656276,605,France,Male,37,7,135405.06,1,1,0,31556.65,0
15629181,629,France,Male,34,3,165243.96,2,0,0,97004.42,0
15663363,700,France,Male,41,3,62502.82,1,1,0,4270.62,0
15586913,697,Spain,Female,27,8,0.0,1,1,0,185467.25,0
15643047,657,Spain,Male,56,2,131394.57,1,1,1,120371.5,0
15792267,652,France,Male,28,8,130194.03,1,0,0,142290.57,0
15705651,622,France,Female,28,7,0.0,1,0,1,96163.51,0
15649562,780,Spain,Male,40,0,75360.02,1,1,0,7617.98,0
15642939,677,France,Male,39,7,114253.42,2,0,1,119332.49,1
15618803,805,France,Male,33,3,79792.62,1,1,0,132330.25,0
15652128,575,Spain,Male,36,9,0.0,2,0,0,99135.7,0
15688008,691,France,Male,28,0,0.0,1,0,1,63810.75,0
15804016,613,Germany,Male,40,5,128555.66,1,0,1,94463.54,0
15749600,605,France,Female,35,5,179216.18,2,1,0,48440.41,0
15601634,490,France,Male,47,1,192592.97,1,1,0,9970.54,1
15764135,806,France,Female,29,9,107721.49,3,0,1,131276.24,0
15728707,639,France,Female,59,0,133893.44,2,1,0,50767.0,1
15607669,677,France,Male,44,2,134728.86,2,1,1,118829.75,0
15704272,456,Germany,Male,44,7,125611.07,1,1,1,83203.24,0
15729378,810,Spain,Male,23,3,132763.81,4,1,0,70292.92,0
15732787,812,Spain,Male,29,1,211263.87,1,0,1,160794.91,0
15571114,540,France,Male,57,2,120969.69,1,1,0,131387.09,1
15802159,776,Spain,Male,67,8,0.0,1,0,0,138517.3,0
15604795,589,Germany,Female,33,7,101225.37,1,0,0,67067.91,0
15694400,723,France,Female,50,1,157754.01,1,1,0,141603.83,0
15669216,611,France,Male,28,10,78943.15,1,1,0,80426.59,0
15692857,528,Germany,Male,46,1,96910.66,1,1,0,23590.07,1
15707662,642,France,Female,46,10,0.0,1,0,1,78675.57,0
15710040,850,Spain,Male,64,9,86841.08,2,1,0,43408.3,1
15737592,665,Spain,Female,54,5,0.0,1,0,0,35977.26,1
15725191,597,Spain,Male,54,10,0.0,2,0,1,186143.32,0
15630933,743,Germany,Male,46,5,114294.16,2,0,1,170516.97,1
15645701,650,France,Male,71,9,83166.95,1,0,1,115853.92,0
15619282,456,France,Male,28,9,184484.6,3,1,1,85243.39,0
15779613,702,France,Male,41,10,116626.75,2,0,0,26650.36,0
15700804,613,France,Male,49,6,131235.75,1,1,0,7870.46,0
15618359,570,France,Female,39,1,55967.17,2,0,1,183304.5,0
15753293,428,France,Male,43,0,129699.42,2,1,1,119609.94,1
15786561,679,France,Male,33,4,153583.26,1,1,1,176087.71,0
15757146,587,Germany,Male,54,2,132600.67,1,1,1,149204.24,1
15619854,455,Germany,Male,42,5,0.0,1,1,1,168484.93,0
15685278,601,France,Female,26,1,82478.79,2,1,1,184256.95,0
15650310,519,France,Male,41,1,147483.14,1,0,0,63401.02,0
15743286,595,France,Male,50,8,0.0,1,0,0,128307.82,0
15691684,749,Germany,Female,30,6,132721.96,2,1,1,126740.3,0
15655026,636,Germany,Male,42,10,104282.26,2,1,1,124933.26,0
15724433,719,Germany,Male,24,10,114667.13,1,1,1,77034.19,0
15733693,690,France,Male,27,8,61857.51,2,1,0,65180.73,0
15783157,645,Germany,Female,48,2,119097.39,1,1,0,174978.87,0
15684274,669,France,Female,30,9,150510.73,1,1,1,72609.95,0
15786065,756,Germany,Male,40,2,0.0,3,1,0,112667.28,1
15809945,618,France,Female,31,1,149019.0,1,0,0,111035.37,1
15747571,850,Spain,Female,35,1,0.0,2,0,1,178153.35,0
15736077,424,France,Female,28,0,138656.21,1,1,0,183354.29,0
15578030,751,Germany,Female,32,3,124461.31,2,1,1,175987.62,0
15608454,591,France,Female,41,5,116181.53,2,1,1,16338.93,0
15803672,663,France,Male,54,6,152973.42,1,1,1,88809.04,1
15576478,507,Spain,Male,50,9,0.0,2,0,0,133821.17,0
15777765,635,France,Male,30,3,163020.74,1,0,0,827.11,0
15687757,771,France,Male,42,2,146010.59,1,1,1,156086.93,0
15703416,670,Germany,Female,69,2,78083.6,1,1,1,24646.3,1
15578885,850,Spain,Male,32,5,101559.32,1,0,0,86745.74,0
15697619,709,Spain,Male,32,5,0.0,1,1,1,162088.76,0
15603659,696,France,Male,30,8,0.0,2,0,1,46382.38,0
15811992,685,Germany,Male,30,6,0.0,2,1,0,101713.56,0
15751178,609,Germany,Male,31,9,0.0,2,1,1,41692.09,0
15677551,576,Germany,Male,38,7,98050.26,2,1,1,144617.8,1
15670623,720,Germany,Male,30,2,121701.93,2,1,0,197510.58,0
15763106,561,France,Female,43,9,0.0,2,1,0,175174.91,0
15705914,740,France,Male,31,9,124051.35,2,1,1,188771.2,0
15672642,704,France,Male,32,10,85418.51,2,0,0,37416.97,0
15567272,613,Germany,Female,35,0,0.0,2,0,0,102876.83,0
15639909,832,France,Female,31,10,83330.8,1,0,0,38148.72,0
15667543,518,Spain,Male,43,0,130749.11,1,1,1,144969.35,0
15718791,625,France,Male,27,7,86620.82,2,1,1,91868.97,0
15608036,588,Germany,Male,31,1,176808.92,1,0,0,79631.76,0
15696158,802,Spain,Female,38,6,68590.76,1,1,0,166438.51,0
15675780,732,France,Male,32,8,0.0,1,0,0,61721.7,0
15613114,657,France,Male,34,3,158795.29,1,1,1,54976.25,0
15639448,771,France,Male,35,0,90579.16,2,0,1,159875.78,1
15614603,602,Germany,Male,32,1,110035.36,2,1,1,196889.84,0
15577999,714,France,Female,50,6,0.0,2,0,0,123874.83,1
15739482,718,Germany,Female,46,9,127472.86,2,0,1,153418.3,0
15658549,786,Spain,Female,26,4,78955.86,2,1,1,136316.79,0
15764691,660,Germany,Male,50,1,129201.11,1,1,1,120707.68,0
15724358,749,France,Female,39,0,0.0,1,1,0,33467.45,0
15657760,688,France,Male,56,8,87674.7,1,1,0,57405.54,1
15657048,618,Spain,Male,25,8,79983.16,2,0,1,108289.33,0
15680844,678,France,Male,29,2,0.0,2,1,1,115327.4,0
15758222,600,Germany,Female,46,4,0.0,1,0,1,79469.81,0
15601196,540,France,Female,41,5,101079.33,1,0,0,177292.64,1
15576948,624,Germany,Female,45,6,68514.15,1,1,1,13099.07,1
15655573,642,France,Female,51,9,88678.49,2,1,0,99569.65,0
15669729,767,France,Male,45,9,0.0,2,1,1,116302.75,0
15576666,473,France,Female,40,0,0.0,1,1,1,130213.7,0
15759206,667,France,Male,29,3,0.0,2,1,1,43491.28,0
15600914,715,France,Male,34,6,81288.74,1,1,0,77618.94,0
15753199,614,France,Male,38,10,0.0,2,1,1,167416.86,0
15672922,559,France,Female,44,10,153388.2,2,0,1,141625.4,0
15749872,672,Germany,Male,26,9,0.0,1,1,1,167617.21,0
15614292,559,France,Female,30,8,80676.46,2,1,1,5724.65,0
15700684,570,France,Male,31,4,0.0,2,1,1,131168.69,0
15617564,850,France,Female,37,7,86586.07,1,0,0,194975.12,0
15785548,715,France,Male,43,2,122724.74,3,0,0,61962.04,0
15803874,553,Spain,Female,26,5,123264.75,1,1,0,24768.28,0
15709354,684,France,Male,34,2,95630.25,1,0,1,78508.19,0
15806451,637,Spain,Female,49,9,0.0,2,1,1,86967.87,1
15631682,590,France,Male,39,10,141517.45,2,1,1,74378.23,0
15630640,654,France,Female,37,1,134446.06,2,1,1,158817.67,0
15746801,768,France,Male,54,2,0.0,1,1,1,194499.51,0
15661242,689,France,Male,46,3,0.0,2,0,1,160535.55,0
15750831,585,France,Male,49,5,0.0,2,1,1,62928.69,0
15775499,524,France,Female,47,10,0.0,1,1,1,184002.45,0
15750360,776,Spain,Male,32,7,157261.52,2,1,1,146480.74,0
15773289,739,France,Male,35,3,0.0,2,0,0,48643.67,0
15650222,599,Germany,Male,36,5,0.0,2,1,0,46311.04,1
15703159,715,Germany,Male,40,9,175117.4,1,0,0,115856.0,1
15800705,760,Germany,Male,33,10,72470.26,1,1,0,100182.59,0
15811904,821,Spain,Male,34,10,129765.93,1,1,1,124180.22,1
15586040,661,France,Female,26,4,115463.27,2,0,1,158289.52,0
15622985,500,Germany,Male,31,9,44869.07,1,1,0,75296.4,0
15786990,717,Spain,Male,39,9,135006.4,1,1,1,107917.18,0
15572614,613,Germany,Female,32,7,103429.82,2,0,0,84315.5,0
15786625,591,Spain,Male,68,5,0.0,2,1,0,50362.91,1
15658341,850,Germany,Male,30,4,0.0,1,1,1,38745.91,0
15760114,562,France,Female,32,5,126303.41,1,0,0,15470.35,0
15740840,585,Spain,Female,38,6,135296.06,1,0,0,117788.73,1
15614843,724,Germany,Female,44,1,110878.14,1,1,0,170069.16,1
15715758,433,Germany,Male,46,3,0.0,1,1,1,124614.52,0
15681036,609,France,Female,32,6,129172.78,2,1,1,63057.23,0
15599968,693,Spain,Male,37,5,0.0,1,1,1,12760.4,0
15701251,693,France,Female,36,5,0.0,1,1,0,139404.43,1
15674336,624,Spain,Male,40,7,87680.0,1,1,1,62094.98,0
15626191,674,France,Female,33,6,156998.25,1,1,1,31393.41,0
15617908,677,Germany,Male,68,10,125219.45,2,1,0,118285.49,0
15596022,642,France,Female,37,8,138969.74,1,0,0,178425.01,0
15734036,459,France,Male,29,8,64237.82,1,0,1,198108.65,0
15794161,616,France,Male,46,3,132097.65,1,1,1,13188.62,0
15708123,535,Spain,Female,30,4,119559.33,2,1,0,32169.61,1
15572892,680,France,Male,31,8,128021.29,1,0,1,169808.65,0
15736727,631,France,Female,41,0,0.0,1,0,1,155572.95,1
15631890,500,France,Male,32,2,0.0,2,1,0,60108.69,0
15580032,628,Germany,Male,27,2,0.0,2,1,0,49447.63,0
15568478,693,France,Male,46,5,96680.13,2,1,0,36284.54,0
15618186,581,France,Male,36,6,122169.43,2,1,1,172473.77,0
15733643,683,France,Female,36,4,0.0,2,1,0,12146.16,1
15626865,581,Spain,Female,50,9,166122.61,2,1,0,18451.03,1
15626630,719,Germany,Male,30,1,81236.54,2,1,1,23250.6,0
15617259,809,France,Female,33,5,171906.81,2,0,0,125921.41,0
15610943,652,France,Female,50,7,0.0,1,1,1,99930.58,1
15808253,667,France,Male,37,3,90448.88,1,1,0,179412.4,0
15808331,670,Germany,Male,26,9,0.0,2,1,1,89566.82,0
15645581,562,France,Male,41,10,94085.2,2,0,0,92918.87,0
15715555,562,France,Female,32,4,100322.97,1,0,1,107560.86,0
15639528,588,Germany,Male,33,10,0.0,2,1,1,107325.86,0
15666744,631,France,Male,49,9,145008.63,2,1,0,41908.16,0
15756590,475,France,Male,33,9,0.0,1,1,0,140242.4,0
15738117,477,Germany,Female,42,8,117067.67,1,1,1,133806.04,0
15601021,628,Germany,Male,71,10,0.0,3,0,0,138251.83,1
15647607,496,France,Male,35,3,100215.6,1,1,1,17838.54,0
15780207,691,Germany,Female,38,9,0.0,2,1,1,172594.73,0
15705409,604,France,Male,30,6,138469.0,3,0,0,197495.79,0
15624462,719,France,Male,38,4,135004.82,2,1,1,42487.29,1
15651102,640,France,Female,42,1,156121.7,2,1,1,31119.5,0
15747610,583,France,Female,37,7,131185.88,2,1,1,53602.28,0
15627207,687,France,Female,28,4,156167.58,2,1,0,41647.27,0
15672762,640,France,Male,29,3,129094.91,1,0,0,1239.69,0
15812726,655,Spain,Female,44,10,99362.16,1,1,1,157864.4,0
15806643,644,Spain,Male,28,2,0.0,1,1,0,31116.55,0
15642393,602,Germany,Male,56,2,116952.96,2,0,1,37858.73,1
15609599,756,Germany,Female,33,7,119069.39,1,1,0,24813.08,0
15803195,752,Spain,Female,44,9,178464.95,1,1,0,27485.51,1
15764707,676,Germany,Female,25,5,112590.15,2,0,0,23622.65,0
15667102,643,Spain,Male,46,4,113917.99,1,0,1,136899.27,0
15764477,489,France,Male,45,0,0.0,1,1,0,52699.49,1
15675028,791,Germany,Male,39,3,117876.38,2,1,0,187079.25,1
15581664,772,Germany,Female,41,4,0.0,1,1,1,129838.07,0
15794493,675,France,Male,39,3,93095.71,2,1,0,87860.77,0
15805722,760,Germany,Female,38,3,98700.63,2,1,0,58400.65,0
15677377,627,Spain,Female,44,0,124427.55,1,1,0,25424.73,0
15601323,659,Spain,Female,43,0,0.0,2,0,0,144489.99,0
15783435,752,France,Male,53,6,0.0,2,1,0,36550.08,0
15688431,745,Germany,Female,38,3,148853.32,1,1,0,88753.83,0
15752089,755,Spain,Male,39,2,123081.5,3,1,0,119622.18,1
15650807,598,France,Male,48,5,115768.28,2,1,1,25676.76,0
15759766,834,France,Female,45,10,0.0,1,1,1,76157.72,0
15645204,744,France,Male,33,8,77846.85,1,1,0,10519.06,0
15636205,580,France,Female,30,7,128107.18,2,1,0,9260.49,0
15799445,628,France,Male,45,5,70594.83,1,0,0,25415.8,1
15750063,499,France,Female,39,10,182683.45,2,1,1,164354.35,0
15601943,616,France,Male,36,10,0.0,1,0,1,73878.49,0
15609663,688,Spain,Female,31,5,106573.48,1,1,0,186557.64,0
15756538,712,France,Female,31,9,79628.7,1,1,0,121887.1,0
15706738,679,France,Male,45,10,130673.83,1,0,1,132413.15,0
15755999,756,France,Male,43,1,199930.13,2,1,0,189900.07,0
15705866,628,France,Female,57,2,138396.3,2,0,1,142006.72,0
15610380,536,Spain,Female,29,7,88888.13,1,1,0,21855.72,0
15733102,564,France,Female,39,2,105147.46,1,1,0,196442.57,1
15801050,638,France,Female,47,7,0.0,1,0,1,56534.68,0
15653156,592,Spain,Male,26,6,147615.45,2,1,1,51086.08,0
15586757,669,France,Male,24,9,101616.11,1,0,0,18953.77,0
15567819,630,France,Male,25,4,136065.25,2,0,0,48625.99,0
15685481,505,Spain,Male,35,6,110723.91,2,1,1,159266.75,0
15655513,532,Spain,Female,32,10,124846.93,1,1,0,113329.41,1
15729718,622,Spain,Male,41,4,107524.7,2,0,1,112020.01,1
15639571,648,France,Male,31,7,128349.41,1,1,0,176330.43,1
15773734,850,France,Male,64,0,106071.51,1,1,0,89844.33,0
15567424,742,Germany,Male,27,10,109135.87,1,1,1,8452.35,0
15620365,645,Germany,Male,42,10,0.0,1,1,0,122836.96,0
15804014,487,France,Male,40,9,120613.81,1,1,1,193772.97,0
15792232,695,Germany,Male,33,3,0.0,1,1,0,146464.93,0
15593957,628,Germany,Male,41,10,140031.83,2,0,0,14759.73,1
15577687,654,Germany,Female,27,2,0.0,1,1,0,72807.88,0
15687910,574,Spain,Male,40,5,115087.03,1,1,1,118091.88,0
15679708,537,France,Female,62,4,0.0,2,0,0,62978.09,0
15598014,616,Spain,Male,27,7,108883.21,2,1,0,152289.36,0
15605785,571,Germany,Female,38,2,0.0,1,1,0,36630.02,0
15626806,498,France,Male,42,3,102430.97,3,1,0,113415.31,0
15638563,621,Spain,Male,32,6,126332.19,1,0,0,118973.48,0
15692196,795,France,Female,29,8,129322.34,2,1,1,72050.56,0
15679115,478,France,Male,33,3,0.0,2,1,0,119510.1,0
15780698,666,France,Male,34,2,0.0,2,1,0,96560.43,0
15687618,643,France,Female,22,10,0.0,1,1,0,127116.06,0
15743039,808,France,Male,30,5,123702.06,1,1,1,12700.39,1
15785386,639,France,Male,38,2,135072.87,1,1,0,134021.0,1
15624035,678,France,Male,56,2,184939.79,1,1,0,162431.44,1
15799447,661,Germany,Male,44,0,180225.6,3,1,0,81673.05,0
15787203,706,France,Male,34,9,0.0,1,0,1,8271.06,1
15674085,491,Germany,Male,34,8,153990.11,2,1,0,14403.68,1
15760791,454,France,Male,38,2,0.0,1,0,1,27927.51,0
15791608,677,Spain,Female,47,0,0.0,1,1,0,159264.84,0
15619626,704,France,Female,46,5,74205.77,1,0,0,173533.16,0
15721175,772,Germany,Female,50,7,90084.77,1,1,1,148322.03,1
15641591,689,Spain,Male,39,5,116566.44,2,1,1,29410.7,0
15798609,517,Spain,Female,39,7,143212.25,1,1,0,183993.44,0
15586418,501,Spain,Male,33,4,134137.17,1,1,0,31896.33,0
15745649,568,France,Male,42,8,0.0,1,0,0,161042.3,0
15592027,636,Germany,Male,42,9,106050.54,1,0,0,146942.95,1
15685283,810,France,Male,35,7,0.0,1,0,0,188087.26,0
15754799,520,Spain,Male,56,10,123432.83,2,0,0,154512.92,1
15805376,507,Germany,Female,54,8,119076.86,2,0,0,98128.71,1
15627231,623,France,Female,56,10,135075.32,2,1,0,66289.01,0
15725112,607,France,Male,26,8,0.0,2,1,1,113308.35,0
15792622,729,Germany,Male,49,3,91396.74,1,1,1,66387.4,0
15583070,705,France,Male,30,7,71192.38,1,1,0,127439.72,0
15763905,684,Spain,Male,36,5,137167.98,1,0,1,1523.66,0
15690527,726,Spain,Male,47,4,129700.3,1,1,1,125847.65,0
15716817,499,Germany,Female,39,2,108640.28,1,0,1,19135.03,0
15660610,619,France,Male,25,1,184121.46,2,1,1,73995.98,0
15814517,580,Spain,Female,53,3,0.0,1,1,1,154559.16,0
15640896,652,France,Male,43,1,113398.3,2,0,0,29187.02,1
15777547,642,France,Male,31,4,157574.5,1,1,1,195449.74,0
15647532,557,Spain,Male,33,3,0.0,1,0,0,101112.64,0
15732422,593,France,Male,25,6,105989.03,1,0,1,6040.79,0
15566365,638,France,Male,25,0,73755.02,2,1,1,3664.45,0
15686083,665,France,Male,49,7,0.0,3,1,0,28218.29,1
15771023,562,Germany,Female,26,2,63319.15,1,0,0,142456.06,1
15614253,698,France,Male,46,5,124748.24,2,1,1,60048.92,0
15740864,797,Germany,Male,32,10,0.0,1,0,1,173020.81,1
15721911,805,Germany,Female,54,2,113899.7,2,1,0,169104.75,0
15757923,581,Germany,Male,40,8,94852.84,1,0,0,81151.33,1
15640780,645,Germany,Male,72,9,177454.26,1,0,0,190695.67,0
15600650,669,France,Male,36,3,0.0,1,0,0,139938.7,1
15803906,497,Germany,Male,56,10,0.0,1,0,1,105012.11,0
15645940,774,Germany,Female,34,0,162066.93,2,1,1,126310.81,0
15729344,512,Spain,Male,35,0,121748.87,1,0,1,140068.12,0
15706859,532,France,Male,58,2,0.0,1,1,1,93405.07,0
15696333,580,Spain,Male,36,8,106615.59,1,1,1,172740.92,0
15580986,576,Spain,Male,49,1,0.0,1,1,0,152281.74,0
15683423,720,Germany,Female,51,6,0.0,2,1,1,195840.6,0
15680669,532,Spain,Male,30,9,0.0,1,1,0,59559.98,0
15702155,716,France,Female,36,3,141737.05,3,0,0,190749.31,0
15674161,522,France,Female,38,5,94210.95,2,1,0,82250.35,0
15569744,702,Spain,Male,32,9,149881.97,1,1,0,72082.26,0
15799227,631,Spain,Male,44,1,119641.37,2,1,0,70300.95,0
15776377,600,France,Female,28,3,141195.23,2,0,0,170880.72,0
15567427,677,Spain,Male,24,2,102562.45,2,1,1,3653.61,0
15697486,729,Germany,Female,39,10,121710.38,2,0,0,111919.81,1
15757951,639,Germany,Female,39,7,0.0,2,0,1,80266.62,0
15724359,850,Spain,Female,41,3,0.0,2,1,0,15443.13,0
15689156,579,France,Male,47,4,116713.57,2,0,0,128286.49,0
15643732,666,France,Male,33,8,0.0,1,1,0,163499.65,0
15810917,639,France,Male,33,2,102604.02,2,1,1,29727.98,0
15644672,601,France,Female,45,2,158659.16,1,1,1,50171.82,0
15577465,655,France,Female,50,8,0.0,1,1,1,114744.13,0
15755094,602,Germany,Female,31,6,145959.57,2,1,0,163418.4,0
15616027,646,Spain,Female,33,7,0.0,2,1,1,51420.2,0
15571801,692,Spain,Female,49,9,104810.12,2,1,0,120537.85,1
15774485,680,Spain,Male,48,5,103555.99,1,1,0,56190.76,1
15758727,743,Spain,Male,41,6,111452.31,1,0,1,151521.49,1
15802962,573,Germany,Female,34,10,176749.66,1,1,0,69921.66,1
15595686,641,Spain,Female,51,5,0.0,1,0,0,128755.5,1
15735435,502,Germany,Female,55,0,105102.55,1,0,1,145709.16,0
15778177,743,France,Male,33,10,125515.21,1,1,0,161583.63,1
15805495,582,Spain,Female,43,1,0.0,2,1,0,61621.44,0
15741229,539,France,Male,45,10,105370.59,1,1,1,117148.06,0
15798222,655,Spain,Male,39,10,163321.54,2,1,1,75455.64,1
15785458,582,France,Female,49,5,95231.74,1,1,0,125267.85,0
15647029,710,France,Male,38,1,136610.63,2,1,1,140911.63,0
15765131,581,Germany,Female,48,6,0.0,2,1,1,10542.95,0
15595438,453,France,Female,37,4,0.0,2,1,0,129596.56,0
15679398,679,France,Female,33,4,91968.68,1,1,0,131264.92,0
15572164,631,Germany,Female,26,6,149076.77,1,0,1,90432.9,0
15743766,564,Germany,Female,32,10,113407.03,2,1,0,37060.73,0
15686177,704,France,Male,34,1,150337.4,1,0,1,119322.44,1
15613388,671,France,Female,48,0,134313.51,1,1,1,80986.41,0
15699911,753,Germany,Female,33,6,137056.23,1,1,1,25753.98,0
15694518,468,Germany,Male,44,1,0.0,2,0,0,161763.67,1
15616916,616,Germany,Female,29,10,0.0,2,1,0,128909.92,0
15706281,701,France,Male,55,9,103676.56,2,0,1,65962.06,0
15745000,624,France,Male,31,5,0.0,2,1,1,155624.97,0
15747898,527,France,Female,43,3,0.0,2,0,0,180135.11,1
15767129,708,France,Male,33,0,105283.7,1,1,1,50174.16,0
15584883,643,Spain,Female,35,5,155143.55,2,1,1,191576.96,0
15643585,617,France,Male,42,0,0.0,2,1,0,179224.03,0
15623610,573,Germany,Male,27,8,0.0,2,1,1,9871.85,0
15665886,476,France,Female,25,0,0.0,1,1,0,183861.18,0
15806598,586,Germany,Male,35,7,108871.69,2,1,0,158055.25,1
15576196,706,Germany,Male,28,4,0.0,2,1,1,59035.36,0
15603744,762,France,Female,28,8,84915.6,2,1,1,158720.89,0
15673781,704,Spain,Male,31,8,142345.54,2,1,1,23517.6,0
15691271,555,France,Female,40,10,148063.04,2,1,0,122539.18,0
15769031,824,France,Female,50,2,121123.73,1,0,0,127070.53,0
15791351,665,France,Female,28,7,0.0,2,0,0,101857.75,0
15812595,595,Germany,Male,30,1,139674.81,1,1,1,65678.0,0
15633912,709,France,Female,41,8,107332.48,2,0,1,62235.91,0
15712092,677,Germany,Female,53,0,0.0,1,1,1,143904.81,1
15702909,645,Spain,Female,34,9,118987.81,2,0,0,10802.47,0
15627013,735,Germany,Male,31,1,0.0,1,0,0,108358.55,0
15799602,611,France,Female,37,1,0.0,1,0,0,166432.93,0
15602459,696,Spain,Female,28,1,156021.0,1,1,1,29939.28,0
15606768,652,Germany,Female,40,5,131848.08,2,0,1,122680.21,0
15723064,576,Spain,Male,36,7,0.0,1,0,0,137503.5,1
15813210,681,Germany,Male,42,3,0.0,1,0,0,162987.53,0
15711243,634,Spain,Female,34,10,154955.12,2,1,1,190316.08,0
15580388,751,Germany,Female,38,3,166050.82,2,1,1,120080.61,1
15571967,491,France,Male,43,8,0.0,2,1,1,195551.97,0
15728379,503,Germany,Male,42,3,0.0,1,0,1,161478.15,1
15680750,623,France,Male,39,10,0.0,1,0,1,83773.81,1
15670427,485,France,Male,28,8,85111.78,1,0,0,326.61,1
15643215,578,Germany,Male,44,7,173343.45,2,1,1,175110.47,0
15627807,649,Germany,Female,26,6,105779.81,2,0,0,65128.1,0
15656592,688,Germany,Female,52,10,120144.31,2,1,1,39617.25,1
15671818,781,France,Female,34,10,153090.33,2,0,1,181805.91,0
15770225,588,France,Male,51,0,93492.86,2,0,1,139353.73,1
15586239,516,Germany,Female,35,4,114275.26,2,0,1,134489.14,1
15613964,562,France,Male,36,4,102993.24,1,1,1,93987.38,0
15695350,711,France,Female,38,4,0.0,2,0,0,2335.03,0
15684258,755,Spain,Male,39,2,0.0,2,1,1,191559.13,0
15622628,639,France,Male,44,4,158464.79,2,0,0,127813.0,1
15676506,669,Spain,Female,27,2,132386.47,2,1,0,36384.26,0
15781082,635,Spain,Male,25,3,0.0,1,1,1,81474.21,0
15600805,559,France,Female,30,0,115307.12,1,1,1,32773.12,0
15565966,657,Spain,Female,29,3,0.0,2,1,0,38893.78,0
15635782,662,Spain,Female,34,9,83702.04,1,1,0,102152.04,0
15735938,850,France,Male,41,1,0.0,2,1,1,144218.75,0
15782605,768,France,Male,69,3,154651.53,1,1,0,4569.14,1
15704961,754,France,Male,38,6,0.0,2,0,1,186113.39,0
15577872,696,Germany,Male,30,0,80604.16,2,0,1,85319.15,0
15759377,748,France,Female,29,5,87969.89,1,1,0,193253.61,0
15750045,736,France,Male,36,7,156071.25,4,1,0,182570.89,0
15734635,591,Spain,Female,49,9,123766.05,1,1,1,26641.48,0
15654499,603,France,Female,32,6,0.0,1,1,0,12892.98,0
15712813,788,France,Male,52,4,0.0,2,1,0,136570.86,0
15613825,742,France,Male,35,6,0.0,2,0,0,86063.09,0
15693014,764,Germany,Male,52,1,117943.24,2,1,1,81643.6,1
15760106,762,Germany,Male,41,4,93331.26,1,1,1,12696.77,0
15687753,663,Germany,Male,28,4,103454.59,2,1,0,82588.69,0
15679808,850,Spain,Female,43,8,0.0,1,1,1,65274.24,0
15754037,544,France,Female,36,7,0.0,1,0,0,144611.23,1
15667958,576,Spain,Female,32,4,77641.65,2,1,0,116385.5,1
15757709,499,Germany,Male,44,3,0.0,2,1,0,90400.15,0
15812829,741,France,Male,37,6,158898.61,2,1,0,173081.28,0
15651367,734,France,Female,46,1,0.0,1,1,0,20331.47,0
15643647,674,Spain,Female,50,8,0.0,2,1,1,103445.13,0
15787181,529,France,Male,32,6,110934.1,2,1,0,18692.81,0
15812454,850,France,Female,50,1,153243.44,2,1,1,33683.68,0
15643144,701,France,Male,40,7,0.0,1,0,1,180615.46,0
15589908,636,France,Male,37,7,0.0,2,0,0,178897.69,0
15604989,723,Spain,Female,26,1,0.0,1,0,0,179431.08,0
15757965,689,Germany,Female,30,5,110285.66,1,1,1,61824.71,0
15641463,673,France,Female,44,4,0.0,1,1,0,54679.33,1
15637639,665,France,Male,34,5,146860.86,2,1,1,102100.57,1
15766651,616,Germany,Male,27,1,139378.93,1,1,1,53958.52,0
15766152,556,Spain,Male,30,3,0.0,2,1,1,88986.77,0
15659666,605,Spain,Male,36,4,85761.59,1,0,1,192450.57,0
15654313,782,Spain,Male,33,0,112191.11,1,1,1,159222.8,0
15680401,688,Germany,Male,34,2,119403.67,2,1,0,168715.93,0
15566923,649,France,Female,31,10,0.0,2,1,1,74351.21,0
15695208,635,France,Male,29,1,132322.97,1,1,0,198642.16,0
15578982,689,France,Female,34,2,91009.2,1,1,0,160536.12,0
15621509,443,France,Male,37,10,0.0,2,1,0,144821.91,0
15687777,593,Germany,Male,41,7,0.0,2,1,1,59838.89,0
15736387,601,France,Male,43,3,0.0,2,0,0,112964.52,0
15594453,686,France,Male,30,10,110058.85,2,0,0,70808.82,1
15736073,617,France,Male,38,6,0.0,2,1,0,62300.4,0
15608747,613,Germany,Female,41,7,0.0,2,0,0,5462.96,0
15772722,480,Spain,Male,29,10,144908.94,1,1,1,69191.84,0
15568482,623,Spain,Male,36,10,79290.87,1,0,1,91799.46,0
15711292,713,France,Female,32,0,193782.98,2,1,0,12695.5,0
15773883,535,France,Female,39,6,160732.5,2,1,0,113985.01,0
15760392,655,Germany,Female,27,8,120070.19,2,1,1,20709.25,0
15730369,667,France,Female,39,7,167442.58,2,0,0,50556.61,0
15780370,651,France,Female,46,5,108351.77,2,1,1,147135.6,0
15617452,635,Spain,Female,36,10,114824.68,1,0,0,11860.9,1
15776955,583,France,Male,36,8,0.0,2,1,1,105029.83,0
15811901,570,France,Male,41,2,161705.31,2,1,0,140801.18,0
15649959,673,France,Female,30,0,0.0,1,1,1,171661.59,0
15772865,764,Spain,Female,39,6,71443.59,1,1,1,108725.16,1
15613633,435,Germany,Male,35,4,97181.69,2,1,0,105350.87,0
15752716,727,Spain,Male,40,8,0.0,1,1,1,8898.36,1
15661084,529,France,Female,39,0,0.0,1,0,0,175565.54,1
15735250,667,Spain,Female,45,6,177816.36,1,0,1,63534.06,0
15589525,622,Germany,Male,39,2,0.0,1,1,0,121745.57,1
15815462,680,France,Female,41,3,0.0,2,0,1,129530.59,0
15795153,703,Spain,Female,28,0,112543.77,1,0,1,100069.77,0
15778421,546,Germany,Male,30,7,147021.5,1,0,1,67476.18,0
15788957,560,Germany,Female,51,2,0.0,1,1,0,78624.03,1
15682418,580,Spain,Female,66,3,156252.0,2,1,1,111010.62,1
15666233,593,France,Female,50,3,151574.72,3,0,0,92164.81,0
15800021,745,France,Female,41,3,94567.03,1,1,1,35561.16,0
15759240,647,France,Female,29,4,179002.17,1,1,0,108669.39,0
15611946,731,Spain,Male,39,0,96496.75,1,1,0,69941.62,0
15662247,559,Germany,Female,36,4,122145.4,1,1,1,32404.28,0
15814001,557,France,Female,23,6,128724.55,2,0,1,64641.37,0
15723214,676,Spain,Male,34,10,156931.04,2,1,1,24406.22,0
15591782,565,France,Female,33,5,0.0,2,1,1,144812.28,0
15593977,607,Spain,Female,38,3,0.0,1,1,0,77660.03,0
15645884,600,Germany,Female,40,3,104683.21,1,1,1,156642.32,0
15673395,750,France,Female,52,6,162103.38,1,1,0,87761.95,1
15638147,666,Spain,Male,21,10,144033.62,2,1,0,17800.21,0
15775431,692,France,Female,36,4,0.0,1,1,1,61110.72,0
15800238,548,France,Female,32,9,0.0,1,1,1,156345.38,0
15734791,696,France,Female,29,9,122094.88,2,1,0,26682.52,0
15792377,690,Spain,Female,44,6,154473.66,2,1,0,27687.06,0
15735452,778,France,Male,34,6,111006.96,1,1,1,131911.14,0
15775627,404,France,Male,39,8,115852.03,1,1,1,133944.86,0
15814696,480,France,Male,32,3,158389.63,1,0,0,192358.21,1
15807516,850,France,Male,46,9,0.0,1,1,1,178343.66,1
15750304,624,France,Female,42,10,0.0,2,1,0,21347.85,0
15695140,486,France,Female,36,5,100758.41,2,1,0,194421.21,0
15696428,516,France,Female,34,7,0.0,1,0,1,126002.18,1
15640119,561,Spain,Female,33,8,75846.07,1,1,0,134880.29,1
15673090,577,Germany,Female,33,2,0.0,2,1,0,171330.55,0
15705564,718,Spain,Male,28,1,115334.2,2,1,0,193441.79,0
15628049,575,Germany,Male,31,3,126723.43,1,0,0,67872.94,0
15671198,612,Germany,Male,27,9,109696.73,2,0,1,23493.26,0
15625301,489,France,Female,44,4,132766.22,2,1,1,160448.66,0
15714589,727,Spain,Male,39,10,157569.61,1,1,0,168367.81,0
15726791,729,France,Female,28,3,122820.07,1,0,1,73381.71,0
15800370,740,France,Female,43,2,95274.87,3,0,1,163642.92,1
15813117,605,Spain,Male,38,8,0.0,2,1,0,153185.35,0
15636804,684,France,Male,40,3,123798.22,2,1,0,93657.81,1
15629895,632,Germany,Female,37,10,134091.97,1,0,0,96295.93,0
15763690,580,France,Female,30,10,123708.56,1,0,0,29413.56,0
15630075,686,Germany,Male,25,5,141621.67,1,1,0,192117.26,0
15655172,581,Germany,Male,40,3,0.0,3,0,1,75418.52,1
15760806,579,Spain,Male,34,10,100124.23,2,1,1,92805.11,0
15694897,768,Germany,Female,30,0,0.0,2,1,1,149226.24,0
15718625,644,France,Male,39,5,179549.25,2,1,0,35638.46,0
15728156,749,France,Male,29,8,103018.01,1,1,1,94917.55,0
15702150,755,France,Female,42,3,108046.03,2,1,1,102926.42,0
15708958,552,France,Male,41,6,156823.75,2,1,0,181311.79,0
15591330,524,France,Male,50,3,0.0,1,1,1,196610.08,1
15771711,552,Spain,Male,32,0,143199.44,1,1,1,123046.71,0
15576002,590,Spain,Male,31,7,0.0,1,1,0,72931.8,1
15572268,725,Germany,Female,41,6,97434.77,1,1,0,18948.92,1
15630442,787,France,Male,24,8,151585.76,1,0,1,25372.3,0
15654459,746,France,Male,76,10,103766.21,1,1,0,112124.58,0
15798224,840,Germany,Male,31,4,107735.19,1,0,0,123921.93,0
15788227,583,France,Male,31,6,0.0,2,0,0,112641.21,0
15728630,799,France,Female,38,2,0.0,1,1,0,84891.49,0
15598680,624,France,Female,28,9,0.0,1,1,0,12767.72,0
15805138,714,France,Female,37,4,140181.38,2,1,1,180122.05,0
15713770,607,Germany,Female,28,0,158812.35,1,0,1,48359.8,0
15622064,763,France,Male,29,4,0.0,1,1,0,65135.9,0
15753752,660,France,Male,37,3,0.0,2,1,1,51851.23,0
15783045,850,Spain,Female,38,10,0.0,2,0,0,45380.95,0
15774992,726,Germany,Female,48,2,108072.73,2,1,0,174957.65,1
15687735,686,Spain,Male,26,0,0.0,2,1,0,51485.72,0
15656774,699,Spain,Female,36,4,0.0,2,1,0,5700.37,0
15755446,850,France,Female,34,7,148514.0,2,1,1,144346.87,0
15573626,607,Germany,Female,44,0,111115.96,2,1,0,62843.63,1
15774461,681,Spain,Male,54,10,140412.59,2,1,0,97025.2,1
15657806,599,France,Male,29,4,0.0,1,1,0,180667.95,0
15740654,664,France,Male,31,3,0.0,2,0,1,161877.64,0
15595565,647,Germany,Male,33,3,0.0,2,1,0,131700.75,0
15703407,681,France,Male,37,10,106882.99,1,0,1,54927.95,0
15730070,624,Germany,Female,34,8,87687.16,1,0,0,178964.06,1
15735571,631,Germany,Female,45,5,149176.35,1,1,1,61042.59,0
15667846,689,Germany,Male,32,9,0.0,2,0,0,52201.39,0
15740610,604,Spain,Male,24,4,107339.85,1,1,0,199079.36,1
15594472,643,France,Male,34,3,0.0,2,1,0,129572.64,1
15624808,670,France,Male,31,6,121597.69,2,0,1,150396.4,0
15635450,755,Spain,Male,44,0,119504.54,1,0,1,160478.19,0
15718670,684,Germany,Female,38,8,169469.28,2,0,0,97746.62,0
15624843,768,France,Female,35,4,0.0,2,1,1,174932.78,1
15762632,630,Germany,Male,55,7,0.0,2,0,1,162459.33,0
15737087,623,Spain,Male,32,5,151492.26,2,1,1,181049.03,0
15717547,615,Germany,Male,45,1,152668.73,2,1,1,22367.89,1
15733135,708,France,Male,33,9,135505.2,1,0,0,11008.3,0
15814572,833,Germany,Male,38,10,118353.3,3,1,1,134896.51,0
15733081,723,France,Male,26,2,0.0,3,0,1,173439.26,0
15714923,738,France,Male,30,5,92922.56,2,0,0,108305.54,0
15726190,626,France,Male,51,6,106979.54,1,1,0,71749.23,0
15674969,766,Spain,Male,34,9,145104.7,1,1,0,166300.65,0
15624023,699,Germany,Female,41,6,142120.6,1,1,0,70354.51,0
15590849,590,Spain,Male,37,1,0.0,1,0,1,93876.38,0
15567635,586,France,Male,32,1,87721.17,1,1,0,32315.43,0
15594539,671,Germany,Male,41,6,123147.7,1,1,0,168328.48,0
15809332,626,France,Male,29,6,138984.79,3,0,0,198102.31,0
15754198,713,Spain,Male,35,10,0.0,2,1,0,123861.98,0
15645729,798,France,Female,36,1,0.0,1,1,0,83562.41,1
15694663,665,Spain,Male,34,1,135061.16,1,0,0,70162.33,0
15756688,811,Germany,Male,24,7,156197.85,1,0,1,85470.97,0
15796754,704,France,Female,28,1,96046.64,2,1,1,99378.0,0
15705464,638,France,Male,41,10,0.0,2,1,1,27791.11,0
15631296,734,France,Male,46,7,188234.89,2,1,0,32677.99,1
15612185,731,Spain,Female,32,9,127116.87,1,1,1,91379.85,0
15586836,504,Spain,Female,51,4,158856.15,2,1,1,116339.83,0
15799378,621,Spain,Male,42,10,0.0,1,0,1,64079.33,0
15809588,403,Spain,Female,25,4,0.0,2,0,1,91122.66,1
15698038,650,Germany,Male,39,8,133961.35,1,1,0,131323.7,1
15811370,829,France,Male,46,8,0.0,1,1,1,90296.45,0
15762144,819,France,Female,33,4,103404.18,2,1,1,177594.25,1
15588234,760,France,Female,38,4,0.0,1,1,0,147951.09,1
15680580,682,Spain,Male,38,0,171747.4,2,1,0,91037.36,1
15574859,637,France,Male,41,8,0.0,2,1,0,54972.82,0
15745967,504,Germany,Male,36,10,102672.89,2,1,0,75476.9,0
15776749,668,France,Male,30,3,84230.42,2,1,1,90280.75,0
15778744,640,France,Female,37,10,83741.96,2,0,1,99096.67,1
15796588,796,France,Male,55,2,0.0,1,0,1,66663.97,1
15678969,814,Spain,Male,35,7,0.0,2,1,1,157502.29,0
15610314,586,Spain,Female,27,9,80765.93,2,0,0,193910.55,0
15568712,524,France,Female,41,5,102048.55,2,0,1,20631.84,0
15772591,560,Spain,Male,50,7,0.0,2,1,1,669.97,1
15807075,645,Germany,Male,48,1,0.0,1,1,0,60005.02,0
15701955,619,France,Male,46,8,0.0,2,1,0,2227.29,1
15667439,481,France,Male,36,0,126668.46,3,1,0,22273.87,0
15618249,680,France,Male,33,9,0.0,2,0,0,187169.31,0
15702218,558,France,Female,31,0,84226.29,1,1,1,127879.98,0
15632261,678,Spain,Male,39,9,135420.43,1,0,0,169679.97,0
15767275,666,Spain,Male,32,4,127429.3,1,1,0,68688.94,0
15670668,783,Spain,Male,36,3,141644.63,1,1,0,68604.09,1
15682437,717,France,Female,68,6,141528.62,1,1,1,38942.18,1
15786523,839,France,Male,55,5,0.0,2,1,1,129969.13,1
15801523,562,Spain,Female,51,8,153910.23,1,1,0,159145.92,1
15634481,817,France,Male,47,7,116325.84,1,1,1,46507.55,0
15691513,661,Germany,Male,26,10,107990.41,1,1,1,133024.82,0
15662216,505,France,Female,40,5,173163.84,1,1,0,110095.35,0
15784096,590,France,Male,48,4,147042.06,2,1,1,16231.73,1
15674036,402,Germany,Male,39,5,87095.03,2,0,1,166255.05,0
15715089,630,Spain,Male,34,4,0.0,2,1,1,122341.63,0
15630549,642,Spain,Male,56,9,0.0,2,1,1,71971.59,0
15694384,666,France,Male,33,1,0.0,1,1,1,81170.33,0
15722562,735,France,Male,31,4,185611.15,2,1,1,73200.2,0
15700411,780,France,Male,52,8,101499.46,2,0,1,93307.53,0
15716325,623,France,Female,26,4,85490.75,1,1,1,8629.15,0
15740488,741,France,Female,40,10,159298.06,2,1,1,183066.5,0
15784531,846,France,Female,50,4,0.0,1,1,0,189183.52,1
15765424,612,Spain,Male,42,7,0.0,2,1,0,198607.22,1
15801089,715,Spain,Female,33,5,86923.55,1,1,1,28901.23,0
15730341,590,Spain,Male,34,0,0.0,1,1,0,154040.49,1
15755538,799,Germany,Male,44,4,0.0,1,0,0,141449.76,0
15618925,709,Germany,Male,40,8,109629.86,1,1,1,4155.54,0
15636915,648,Germany,Male,37,10,129274.04,2,1,0,181910.76,0
15748448,553,Spain,Male,48,2,0.0,4,1,1,192255.27,1
15695862,645,Germany,Male,45,1,87493.94,1,1,0,32977.18,1
15697068,609,France,Female,30,4,0.0,2,1,0,127089.33,0
15587245,560,Spain,Male,44,3,155408.87,1,0,1,140559.49,1
15606104,754,Spain,Female,35,0,96809.92,1,1,1,25683.11,0
15683117,738,Spain,Male,37,8,148211.3,1,1,1,162813.59,0
15727976,573,Germany,Male,61,8,122741.96,2,1,1,152376.16,1
15637729,755,France,Female,38,8,136943.91,2,1,1,169708.62,0
15633400,596,France,Male,39,0,135469.34,2,1,0,44382.17,0
15803875,817,Spain,Male,31,2,171002.52,1,1,1,186854.74,0
15729987,779,France,Male,31,4,0.0,1,1,1,89879.41,0
15715882,548,France,Male,24,3,116748.6,1,0,1,33052.38,0
15619268,850,France,Female,51,0,144794.91,1,0,1,122172.72,1
15628185,630,France,Male,32,3,0.0,2,1,1,49865.8,0
15649855,679,France,Female,30,4,0.0,2,0,1,166007.07,0
15617915,677,Spain,Male,33,3,0.0,1,1,0,61682.39,0
15758749,576,Germany,Female,40,9,125539.26,2,0,0,33609.44,0
15814904,651,France,Female,35,10,128633.57,1,1,1,68144.04,1
15789269,556,France,Male,39,6,0.0,1,1,0,198795.55,1
15694432,850,France,Male,46,3,113874.53,1,1,0,4276.09,0
15800158,561,Germany,Female,30,3,122207.96,2,0,1,121902.24,0
15585418,607,France,Male,32,8,0.0,2,0,0,85784.1,0
15654973,655,Germany,Male,33,5,160226.08,1,0,0,90438.74,0
15811744,453,Germany,Female,40,8,164358.73,2,1,0,186133.4,0
15778694,606,Germany,Male,34,4,102774.98,1,1,0,104756.65,1
15633714,572,Germany,Female,35,4,106193.86,1,0,1,53340.69,0
15746880,628,France,Female,26,10,101484.01,1,1,1,64739.04,0
15629186,623,France,Male,31,7,107583.35,1,1,0,14538.3,0
15725669,680,France,Male,34,10,205570.78,1,0,1,155990.1,0
15656486,552,Germany,Male,50,6,189487.06,1,0,1,63787.77,0
15631670,588,Germany,Male,25,6,0.0,1,1,1,173269.83,0
15632695,659,France,Female,34,2,0.0,1,1,1,137693.43,0
15625354,572,Spain,Male,27,8,125449.53,1,1,1,173933.83,0
15585480,684,Spain,Female,31,3,76827.55,1,0,0,156339.03,0
15614070,674,France,Female,35,7,95023.37,1,1,0,67187.85,0
15748132,827,France,Male,32,3,143308.17,1,0,0,15505.97,0
15759435,701,Spain,Male,31,1,0.0,1,1,0,80728.04,0
15770835,628,France,Female,50,3,0.0,2,1,1,87747.95,0
15580258,624,France,Male,49,4,140905.12,1,1,1,27889.3,0
15690091,766,France,Male,34,7,76610.51,2,0,1,155615.46,0
15638829,751,Spain,Female,63,5,105245.81,2,1,1,152982.7,0
15688146,735,Germany,Male,35,8,136807.79,2,1,1,96500.05,1
15745643,656,France,Male,33,2,0.0,2,0,0,159761.48,0
15786360,658,Spain,Male,35,1,115075.66,1,0,0,118597.09,1
15616010,733,Germany,Female,33,6,0.0,1,1,1,99280.3,0
15678390,745,France,Male,60,3,0.0,1,0,1,45944.71,1
15783044,713,France,Male,48,6,117951.08,2,1,1,76249.97,0
15815456,564,France,Female,35,9,96582.9,1,0,1,121705.92,1
15773508,763,Germany,Male,43,10,0.0,2,0,1,191320.93,0
15795815,773,Spain,Male,24,10,92556.85,1,0,1,106679.08,0
15692798,661,Germany,Female,38,10,118044.33,2,1,1,65531.43,1
15628708,840,France,Male,31,6,137434.68,2,0,0,74231.32,0
15711843,624,France,Female,43,7,151823.59,2,0,0,43352.34,1
15696688,679,Spain,Male,33,9,144212.87,1,1,0,22820.07,1
15728217,591,France,Male,40,7,67625.38,2,1,0,189471.19,0
15787640,537,Spain,Female,50,0,135079.28,3,0,0,8136.42,1
15667147,604,France,Male,50,9,0.0,2,0,1,183710.34,0
15675189,567,France,Male,28,7,168303.08,1,0,1,100209.66,0
15621274,669,France,Male,23,8,120751.19,1,1,0,43578.01,0
15797795,850,Germany,Male,55,6,90973.4,2,1,0,100562.35,1
15763351,746,France,Female,29,9,137736.9,1,0,1,115064.06,0
15690038,632,Spain,Female,40,10,110987.32,2,1,0,83086.14,0
15717164,469,Germany,Male,40,2,98654.17,2,1,0,102523.88,1
15638589,810,France,Female,28,7,148398.41,2,0,1,57789.14,0
15578257,777,Spain,Male,35,2,0.0,1,1,0,169680.46,0
15750441,434,France,Female,36,8,85149.06,1,1,1,185162.68,0
15782046,714,France,Female,42,2,0.0,1,1,0,68042.94,0
15740202,463,Spain,Female,29,7,49115.73,2,1,0,52385.24,0
15733968,508,Spain,Male,41,10,117353.53,2,1,0,138483.85,1
15723211,533,Germany,Male,43,9,0.0,2,0,0,118267.33,0
15788693,799,Germany,Male,27,5,0.0,2,1,1,163318.07,0
15759865,375,Germany,Female,35,7,117016.34,1,0,1,104661.04,0
15799982,586,France,Male,31,4,59403.46,1,0,1,38709.35,0
15625882,582,Spain,Male,39,8,144753.03,2,1,1,168731.75,0
15752529,744,France,Female,38,8,127565.75,1,1,1,159845.13,0
15588948,603,Germany,Male,29,8,88916.21,2,0,1,4863.92,0
15608855,587,Spain,Female,32,1,113710.82,1,0,1,101156.73,0
15650672,812,France,Female,42,3,120988.68,2,1,1,22789.91,0
15807447,613,France,Female,45,9,0.0,2,1,0,136272.21,1
15598624,651,France,Male,25,8,123387.97,1,1,0,164118.86,0
15810954,565,France,Male,40,8,113006.98,2,1,0,48380.28,0
15798614,786,Germany,Male,57,5,0.0,2,0,0,62921.38,1
15730543,757,France,Male,27,10,0.0,1,0,0,182760.72,0
15738147,736,France,Male,34,7,80372.93,1,0,0,96416.44,1
15577406,762,France,Female,32,6,0.0,1,1,0,27893.08,0
15701729,664,France,Male,43,10,147966.77,2,1,1,83583.34,0
15784604,727,France,Male,41,4,156832.17,3,1,0,57051.57,0
15724085,850,Spain,Female,31,4,136240.35,1,1,0,26954.86,0
15613588,597,France,Male,40,6,123428.49,1,0,0,62550.03,0
15788898,612,France,Male,38,1,102265.63,2,1,0,19104.48,0
15596311,616,Germany,Male,28,0,145654.02,1,0,1,111320.42,0
15746520,733,Germany,Male,33,0,107030.35,2,1,1,142649.0,0
15581706,644,Spain,Female,35,10,116134.77,2,1,1,65539.14,0
15608595,531,France,Male,33,9,138544.2,2,1,1,183308.02,0
15701330,757,France,Male,39,6,98436.54,1,1,1,77469.44,0
15610019,662,Spain,Male,36,5,153467.01,2,1,0,132174.27,1
15639078,636,France,Male,59,4,147384.51,1,1,1,23878.42,1
15585143,554,France,Female,31,10,128396.75,1,1,0,166045.43,0
15800955,762,Germany,Male,55,3,0.0,2,0,0,184432.43,1
15593635,731,France,Male,28,8,59480.72,1,1,1,20667.31,0
15761803,638,Germany,Male,34,10,72739.24,1,1,0,53700.4,1
15789566,466,France,Male,28,7,82521.59,1,1,1,129968.94,0
15765622,717,Germany,Male,27,0,0.0,2,1,1,195170.65,0
15577253,719,France,Female,39,3,88650.0,1,0,1,177486.11,0
15578404,726,Spain,Female,32,8,100344.61,2,1,0,74844.59,0
15773090,786,France,Female,47,2,97877.67,1,1,1,157750.83,0
15621987,715,France,Male,37,6,0.0,2,0,1,144927.64,0
15697810,633,Germany,Female,39,7,140666.54,2,1,0,151438.96,0
15591831,807,Germany,Male,31,10,0.0,1,1,0,42999.97,0
15572364,579,France,Female,38,6,0.0,2,1,1,17953.39,0
15795946,582,Spain,Female,42,10,119339.32,2,1,0,78441.37,0
15607430,722,France,Male,31,4,148302.91,1,1,0,106505.54,1
15575661,633,France,Female,47,0,124489.06,2,1,0,103402.07,1
15632597,747,France,Female,35,7,141936.47,2,1,1,20517.24,0
15744534,593,France,Male,48,2,56770.25,3,0,0,156929.3,0
15603213,749,France,Female,48,3,160258.86,2,1,0,54146.75,1
15746763,643,France,Female,51,6,128855.11,1,0,1,34544.65,0
15645206,660,Spain,Female,31,3,0.0,1,1,0,125922.33,0
15777840,659,Spain,Male,41,4,0.0,2,1,1,118771.23,0
15807882,801,France,Female,33,2,130698.53,2,1,1,149625.56,0
15585623,699,France,Female,70,5,119852.83,2,0,1,23592.15,1
15580672,726,France,Male,39,3,0.0,2,1,0,90090.9,0
15677454,534,Germany,Male,42,3,63967.46,2,0,1,4895.68,0
15729471,785,France,Female,34,10,0.0,1,0,0,78995.46,0
15708672,686,Germany,Female,28,7,0.0,2,1,1,49109.75,0
15784454,779,Spain,Female,61,2,139716.49,2,1,0,185862.74,1
15802742,688,Germany,Male,25,2,69681.54,2,1,0,186456.7,0
15771960,605,Germany,Female,40,9,154287.91,2,1,0,112878.47,0
15593345,800,Spain,Female,42,5,87067.65,1,0,1,137057.51,0
15666460,556,Germany,Female,38,3,90672.91,2,1,0,94632.15,0
15677412,612,Germany,Male,28,10,0.0,1,0,0,130041.28,0
15712658,695,France,Male,45,0,137187.55,1,0,0,110209.42,0
15569232,675,Germany,Male,30,7,123402.12,1,1,1,72645.03,0
15733604,653,France,Male,36,9,0.0,1,1,0,185366.37,1
15806858,581,Spain,Female,37,9,139595.94,1,0,0,88818.02,0
15783222,506,Germany,Male,37,6,119631.08,1,1,0,132842.02,0
15778310,535,France,Female,51,3,139937.03,2,0,0,152021.08,0
15745843,670,Germany,Male,28,5,149530.24,2,1,0,32976.57,0
15800032,728,Germany,Male,33,9,0.0,2,1,1,154595.89,0
15746813,741,Germany,Female,35,2,115857.44,1,1,1,111202.28,1
15762471,597,Spain,Male,50,3,0.0,1,1,1,17568.9,0
15748950,683,Germany,Male,41,6,98497.4,1,1,0,179431.71,0
15685787,629,France,Female,31,1,165754.82,1,1,1,58786.18,0
15612033,749,France,Male,29,5,0.0,2,1,1,66357.82,0
15627128,511,France,Male,55,0,168283.52,1,0,0,123167.28,1
15580278,703,France,Female,34,3,81915.89,2,0,0,101395.03,0
15789458,633,Germany,Male,36,7,94549.82,1,0,0,11188.27,0
15645239,697,Germany,Male,26,9,126348.0,1,1,0,131462.85,1
15671388,509,Spain,Female,33,1,149587.14,2,1,1,175030.12,0
15678353,615,France,Male,51,6,104046.05,2,1,1,87463.96,1
15773412,662,Germany,Male,27,6,0.0,1,1,1,124488.34,0
15658483,799,France,Male,24,4,129549.94,1,1,1,8217.96,0
15600119,579,Germany,Male,32,0,0.0,1,1,0,108615.0,1
15597253,570,Germany,Male,31,8,0.0,1,0,1,192301.37,0
15637841,528,France,Female,30,9,131297.09,2,1,0,39403.66,0
15717213,529,France,Male,35,10,117142.58,2,0,0,117493.1,1
15791188,554,Germany,Male,31,10,99134.48,1,1,1,80407.68,0
15614627,611,Germany,Female,35,3,96085.28,2,0,0,6372.8,0
15764018,541,Spain,Female,39,2,121462.0,2,1,1,174046.89,0
15697376,447,Germany,Female,32,8,101489.96,1,1,1,139674.69,0
15777053,717,Spain,Male,47,1,119206.38,2,1,1,145591.47,0
15764327,570,Germany,Male,40,3,0.0,3,1,1,53037.38,0
15609601,526,Spain,Female,32,7,0.0,2,1,1,154137.39,0
15785735,709,France,Female,29,9,118619.68,1,1,0,44527.62,0
15745827,585,Spain,Female,33,2,0.0,2,0,0,110229.95,0
15800794,800,France,Female,33,6,106760.76,1,0,1,150101.09,0
15624056,711,Spain,Male,59,10,0.0,1,1,1,96268.84,0
15798678,725,France,Male,32,0,119445.98,2,1,0,97202.64,0
15794332,649,Spain,Female,44,2,0.0,2,1,1,13073.24,1
15799690,512,France,Male,29,7,132348.19,2,1,1,178708.34,1
15736401,787,Spain,Female,35,4,116204.71,1,1,0,39568.89,0
15769940,729,France,Male,45,0,112507.2,1,1,1,92583.14,1
15684621,668,Germany,Male,59,10,138793.6,1,0,1,111200.07,1
15779386,561,Germany,Male,43,4,141400.56,2,0,1,45182.08,0
15623264,720,France,Female,58,6,75796.73,2,1,0,20554.81,1
15783378,529,Germany,Male,32,3,122563.09,1,0,0,142338.62,0
15707893,653,France,Female,29,4,129117.15,2,1,1,187630.44,0
15590342,641,France,Female,38,10,0.0,2,1,0,189538.78,0
15719667,681,France,Female,36,2,132853.09,1,1,1,32775.99,0
15650608,684,France,Male,31,7,133786.83,1,1,0,62461.67,0
15815671,487,France,Male,28,7,79462.45,1,0,0,52465.62,0
15798007,692,France,Male,52,6,0.0,1,1,0,57071.94,1
15782134,532,Spain,Male,42,4,126164.36,1,1,1,149411.88,1
15608007,635,Spain,Female,35,0,171500.32,1,1,0,79434.48,0
15705616,676,France,Male,37,1,110384.21,2,1,1,184617.25,0
15761065,670,Spain,Male,57,1,155520.08,2,1,1,136722.79,0
15678041,808,France,Female,38,5,0.0,2,1,0,101292.44,0
15765175,590,France,Male,34,3,0.0,2,1,0,37470.8,0
15810249,781,France,Male,67,3,192985.15,2,1,1,107979.74,1
15717370,452,France,Male,33,2,0.0,2,1,0,58833.33,0
15664707,791,Spain,Female,26,10,135393.92,1,0,0,143631.66,0
15764865,838,France,Female,32,7,141262.12,2,1,0,55621.63,0
15761252,650,Spain,Male,46,10,125568.27,2,1,0,83771.5,0
15592881,675,France,Male,39,10,168593.18,3,1,1,85390.35,0
15714800,485,France,Female,39,9,105227.37,1,0,0,54337.87,1
15811219,752,Spain,Male,43,4,141159.64,1,1,0,36719.8,0
15639765,587,Germany,Male,38,10,61608.68,2,1,1,55626.86,1
15751899,546,Spain,Female,40,3,0.0,2,1,1,71532.34,0
15772333,556,France,Male,31,10,167720.39,2,1,0,24141.94,0
15617423,729,France,Male,38,4,145716.31,1,0,1,76445.66,0
15617856,652,France,Male,35,8,59552.18,1,1,0,49819.45,1
15758453,585,Spain,Female,38,2,103207.48,1,1,1,156070.45,0
15644747,701,Spain,Female,25,4,0.0,2,1,1,40570.88,0
15661543,697,Germany,Female,26,4,144520.05,2,1,0,4031.56,0
15736770,573,Germany,Male,41,5,103902.94,1,0,1,127565.37,1
15812248,659,Spain,Male,25,8,107647.94,1,1,1,104700.08,0
15639894,561,Germany,Male,22,9,147178.12,2,0,1,183374.5,0
15710386,686,Spain,Male,31,5,165098.38,1,0,1,42949.98,1
15607652,647,France,Male,42,6,86410.27,1,1,0,181092.87,0
15804667,591,Spain,Male,51,3,90291.15,1,0,0,54639.07,1
15719373,667,France,Male,32,3,115965.8,2,0,1,105236.29,0
15622380,655,Germany,Female,38,7,132642.91,1,0,0,192206.46,0
15617356,803,France,Male,40,5,122065.99,2,1,1,115821.78,0
15682230,571,France,Male,40,6,143778.89,1,1,1,154059.05,1
15740257,723,Spain,Male,34,3,85191.36,1,1,0,1335.61,1
15770324,780,Spain,Female,32,8,165307.31,1,1,0,3791.53,1
15699783,793,Spain,Male,23,9,0.0,1,0,0,192438.23,0
15716335,623,France,Male,55,7,0.0,1,0,1,69323.37,0
15624465,517,Germany,Male,36,3,128326.58,1,1,0,44408.26,0
15645359,720,France,Male,37,9,134026.78,1,1,0,9622.22,0
15698903,577,France,Male,32,2,0.0,2,0,0,54567.58,0
15570953,510,France,Female,37,6,64931.62,2,1,0,71743.28,0
15690312,685,France,Male,39,9,81935.76,1,1,1,45473.04,0
15693350,679,France,Male,53,6,0.0,1,1,0,32196.69,0
15636574,640,Spain,Male,42,9,0.0,1,1,0,22065.2,1
15656460,584,France,Female,36,2,111843.33,2,1,1,15325.17,0
15770482,781,Spain,Male,25,0,0.0,1,1,0,146608.87,0
15665316,683,Germany,Female,64,9,87577.37,2,1,0,171315.81,1
15672984,675,France,Male,40,3,164746.55,2,1,0,101147.86,0
15572375,767,Spain,Male,26,6,49799.86,1,1,1,146546.27,0
15596449,511,France,Male,42,4,0.0,2,0,1,101943.02,0
15697393,850,Germany,Male,58,1,84627.74,1,1,1,56123.82,1
15791195,652,France,Male,54,8,0.0,1,1,1,158226.61,0
15633938,782,France,Female,42,10,0.0,1,1,0,103881.07,0
15764864,669,Spain,Female,43,9,58365.03,1,1,0,163754.26,0
15723114,709,Spain,Male,48,5,148900.59,1,1,1,89811.77,1
15713337,742,Germany,Female,25,2,129805.59,2,1,1,188226.97,0
15641599,730,Spain,Male,32,3,148996.4,1,1,1,117833.72,0
15664917,564,France,Female,41,4,0.0,1,0,0,54114.77,0
15677469,649,Spain,Female,31,6,141565.84,1,0,0,151016.81,0
15753711,612,Germany,Male,43,7,110182.49,2,0,0,34556.57,1
15802245,668,France,Female,44,5,142096.23,1,0,0,10223.34,0
15602279,666,France,Female,26,4,119735.18,2,1,1,15207.46,0
15604703,610,Germany,Female,44,5,569.53,2,0,0,53204.66,0
15785389,615,Spain,Female,42,6,111076.06,1,1,1,119351.65,0
15695679,614,France,Male,30,6,0.0,2,1,1,197993.95,0
15568966,445,Germany,Male,26,8,121931.1,1,1,1,54552.44,0
15792287,643,Germany,Male,24,1,0.0,2,1,0,168615.21,1
15580025,621,Spain,Female,42,9,0.0,1,1,1,64180.05,0
15597729,639,Germany,Female,45,1,139898.59,1,1,0,191431.66,1
15619351,705,France,Male,51,8,133165.24,2,1,0,76235.77,0
15637546,542,France,Female,50,10,168828.98,1,1,0,139468.47,0
15641949,647,France,Male,26,4,104559.69,2,1,1,42637.57,0
15722072,718,Germany,Male,40,3,0.0,2,1,1,188463.86,1
15773085,666,France,Female,42,10,0.0,2,1,0,155872.19,0
15636163,728,France,Male,27,7,0.0,2,1,0,44393.55,0
15731554,697,Germany,Male,34,8,68416.2,2,0,0,163388.31,0
15714628,646,Germany,Male,40,1,0.0,1,1,1,163639.27,0
15728849,749,France,Male,41,0,0.0,1,1,0,83673.02,0
15702877,745,France,Female,33,5,0.0,1,0,1,27019.71,0
15612424,501,France,Female,40,9,78228.63,2,0,1,134271.62,1
15747115,680,Spain,Female,40,6,0.0,1,0,1,49535.94,0
15678323,608,Spain,Male,36,5,97075.91,1,1,1,145285.55,0
15661504,637,France,Male,29,1,140614.19,2,1,1,132297.26,0
15728035,575,France,Female,28,9,0.0,1,0,0,47735.31,0
15720383,764,France,Male,40,0,103194.08,2,0,1,62945.54,1
15577675,660,France,Female,39,6,0.0,1,1,1,71201.2,0
15767594,601,France,Male,28,8,0.0,1,1,0,100540.21,1
15605716,637,Spain,Female,33,10,74444.01,1,1,1,99036.9,0
15695705,718,France,Female,39,9,61344.56,2,1,1,94105.42,0
15586704,653,Spain,Male,47,7,164335.72,2,1,1,61209.56,0
15814382,716,Germany,Female,30,9,140916.93,1,0,0,33751.89,1
15713289,610,Spain,Female,32,2,0.0,2,1,0,158147.52,0
15649792,587,Spain,Male,39,5,0.0,1,1,1,38413.62,0
15590885,717,France,Male,31,6,113934.63,3,0,1,74247.04,0
15708387,671,Spain,Male,53,6,102514.12,1,0,1,70790.06,1
15652470,735,Spain,Female,34,4,153165.29,3,1,1,101246.39,0
15631807,682,Germany,Female,47,3,0.0,1,0,0,1373.89,0
15761469,526,Germany,Male,39,6,0.0,1,1,1,143300.66,0
15691716,616,Germany,Male,32,0,0.0,2,0,0,194288.57,0
15566250,419,Germany,Female,42,5,85693.9,2,0,1,78958.65,0
15716826,721,Spain,Male,31,6,114968.53,2,1,1,113563.04,0
15606808,751,Spain,Female,36,2,0.0,1,1,1,19852.55,0
15783827,694,France,Male,50,5,0.0,2,1,0,100138.83,1
15695332,575,Spain,Female,53,0,0.0,1,1,1,157476.43,0
15751219,536,France,Male,30,6,83562.03,3,1,0,11724.57,0
15623523,850,Germany,Female,46,4,154307.71,2,0,1,65648.55,0
15650816,672,France,Male,45,1,135816.57,1,1,0,13027.08,1
15571212,551,Germany,Male,35,2,152587.29,1,1,0,35429.0,0
15730271,814,France,Male,34,6,114746.13,1,1,1,196354.16,0
15655302,633,France,Female,33,3,0.0,2,1,1,58933.51,0
15755980,635,France,Male,43,2,103444.01,2,1,0,5369.69,1
15708131,710,France,Male,50,9,101180.32,1,0,1,150629.72,0
15808714,507,Spain,Male,34,8,0.0,1,1,1,36646.87,0
15600780,581,France,Female,33,4,108332.69,1,0,0,8163.01,0
15653610,722,Germany,Female,27,8,94370.56,1,0,1,165595.06,0
15777880,616,Spain,Male,40,4,131704.34,3,0,1,57581.04,0
15588135,681,Germany,Female,40,3,131033.15,1,1,1,64064.31,1
15687882,710,France,Male,35,7,0.0,2,1,1,189450.17,1
15802082,601,Spain,Male,35,4,0.0,2,0,0,129413.65,0
15700611,743,France,Male,31,1,0.0,2,1,1,185764.8,0
15598809,491,Spain,Female,31,7,0.0,1,0,0,162042.18,0
15758893,724,Spain,Female,33,6,75997.67,1,1,0,136062.48,1
15660625,728,Spain,Female,42,8,121131.77,2,1,1,165473.61,0
15599459,635,France,Male,56,5,0.0,2,0,0,1470.41,0
15690118,750,France,Male,32,0,0.0,2,1,1,49820.67,0
15767021,714,Spain,Female,35,8,89485.66,1,0,0,42545.53,0
15685261,708,France,Female,31,6,0.0,1,1,0,182773.1,0
15619677,796,France,Female,25,3,133592.72,1,1,1,79773.37,0
15687628,563,Spain,Female,37,0,144541.56,2,1,1,112986.28,0
15812806,714,Spain,Male,27,10,135143.04,2,1,1,41705.39,1
15785766,774,Germany,Male,39,5,101529.9,1,1,1,159001.32,0
15636792,692,France,Female,43,4,0.0,1,0,1,123839.31,1
15636063,630,France,Male,36,7,147458.76,2,1,1,7906.73,0
15795725,611,France,Female,36,10,0.0,2,1,0,159696.99,0
15772811,622,Spain,Female,58,9,0.0,2,0,0,21836.34,0
15720841,589,Spain,Female,53,3,0.0,2,1,0,135839.43,0
15725284,462,France,Female,33,9,140997.13,2,0,1,25752.59,0
15598324,564,Spain,Male,41,7,0.0,1,1,0,155977.2,0
15785494,608,Spain,Male,49,7,0.0,2,1,0,68618.17,1
15598163,521,Germany,Female,34,2,0.0,1,1,0,115805.49,1
15730958,755,Germany,Female,33,8,156909.46,1,1,0,92346.42,0
15693873,796,Germany,Male,30,9,142866.93,1,1,1,115965.02,0
15672617,642,France,Male,36,4,133665.26,2,0,1,85451.74,0
15647027,678,France,Male,45,3,113660.12,2,1,0,30491.28,0
15565757,771,France,Male,48,3,0.0,2,0,0,119125.03,1
15704665,692,Germany,Male,37,3,0.0,1,1,0,149427.63,0
15687989,442,France,Female,61,8,0.0,1,1,1,12442.97,0
15789437,838,France,Female,30,0,0.0,1,1,0,113001.05,0
15759679,601,Germany,Female,34,7,73988.34,2,1,1,73087.42,0
15702677,663,Spain,Male,29,6,0.0,1,1,0,6175.81,0
15755428,823,Spain,Male,21,6,113296.85,1,1,0,184217.19,0
15621246,623,Germany,Male,32,10,0.0,2,1,0,54558.96,1
15631364,629,France,Male,40,7,147207.22,2,0,0,150550.71,0
15574252,600,Germany,Female,27,8,57477.74,1,1,1,109114.38,0
15668353,673,Germany,Female,27,2,0.0,1,0,1,49332.44,0
15687181,737,Germany,Male,33,5,0.0,1,0,1,24155.75,0
15762692,636,Spain,Male,26,2,0.0,2,1,1,11386.85,0
15661049,700,France,Male,50,2,91437.78,1,1,0,56338.15,0
15788924,637,France,Male,44,9,93540.0,2,1,1,185011.67,0
15583016,657,France,Male,40,4,85320.03,1,0,1,44315.99,1
15640017,609,France,Male,25,4,177666.41,2,1,1,56508.15,0
15607531,660,Germany,Male,31,10,0.0,1,1,1,44342.87,0
15676191,721,France,Male,69,9,174654.44,1,1,0,181697.68,1
15735559,701,Spain,Female,37,3,118976.28,2,1,0,181731.5,0
15751896,815,Spain,Female,34,7,0.0,2,1,0,84411.06,1
15623832,608,Germany,Male,32,1,141854.29,2,1,0,27445.28,0
15577731,756,Spain,Male,24,2,0.0,1,1,1,63472.94,0
15805078,645,France,Male,34,5,0.0,1,1,0,87342.49,0
15783631,596,Spain,Female,45,9,0.0,1,1,0,136652.42,0
15783275,489,France,Male,49,5,55136.86,1,1,0,84972.65,0
15581406,743,Germany,Female,27,6,104685.22,1,0,1,103432.57,0
15700723,624,Spain,Male,31,5,139564.13,1,1,1,148766.47,1
15619088,701,Spain,Female,43,5,106975.58,2,1,1,117031.8,0
15623406,793,Spain,Male,37,0,148236.84,1,1,0,89878.8,0
15579301,633,Spain,Female,57,8,127579.8,2,0,1,116651.81,0
15595056,675,France,Male,44,6,105413.86,1,1,0,10055.0,1
15597812,614,France,Female,33,9,0.0,2,1,0,174211.09,0
15691350,627,Spain,Female,25,9,0.0,2,0,1,153343.32,0
15761095,403,France,Male,37,5,87206.82,1,0,1,20630.09,0
15628369,651,Germany,Female,35,8,134593.07,2,1,0,9048.87,0
15777669,830,France,Male,48,7,134352.87,2,1,0,161692.12,0
15787260,468,Spain,Male,34,2,0.0,2,1,0,108790.25,0
15776979,764,France,Male,44,9,80485.16,1,1,0,14603.41,0
15782038,727,France,Male,25,0,116026.04,2,1,0,118840.63,0
15616130,656,Spain,Female,36,4,0.0,2,1,1,110650.27,0
15635858,789,France,Female,31,2,0.0,1,0,0,197247.13,1
15592126,660,France,Male,38,1,144889.4,1,1,0,179268.56,0
15730108,751,Germany,Female,26,9,161167.41,2,1,0,150931.33,0
15763345,593,Germany,Female,38,2,0.0,2,1,0,23244.35,1
15628857,697,France,Female,26,9,146518.66,2,1,0,42838.15,0
15715650,665,Germany,Female,40,2,111875.28,1,1,0,36035.28,0
15746200,769,France,Male,42,4,101725.05,2,0,0,32874.33,1
15742567,698,Germany,Male,40,7,142938.92,2,1,0,22946.15,1
15670580,565,France,Female,44,5,0.0,3,0,1,64350.29,0
15653300,752,Germany,Male,34,4,111006.58,2,1,0,166230.03,0
15791413,688,France,Female,34,4,140998.23,2,0,0,83195.27,0
15613152,721,France,Female,52,4,216638.12,2,1,1,39384.4,0
15727389,793,France,Male,26,9,121580.63,1,0,0,19365.56,0
15723515,625,France,Male,36,8,105879.93,1,1,0,124187.99,0
15598591,730,France,Female,31,0,129261.99,1,1,0,192318.57,0
15752620,504,Spain,Female,27,3,0.0,1,0,0,45994.7,1
15607238,791,France,Male,51,7,133773.17,2,0,0,136608.14,1
15692321,636,Spain,Female,36,1,0.0,2,1,1,156045.96,0
15728964,633,Germany,Female,50,2,105538.16,1,1,1,152427.38,1
15666086,633,Spain,Male,29,4,0.0,1,1,1,39652.92,0
15729686,742,France,Female,45,9,177611.22,1,0,0,1811.93,1
15792952,692,Germany,Male,38,8,157186.71,1,0,1,48369.13,1
15796399,698,France,Male,42,8,88781.17,1,1,1,171850.7,0
15736946,619,Germany,Female,38,9,139126.22,2,0,0,97984.75,1
15627253,687,Spain,Female,56,10,0.0,1,0,0,78856.58,0
15786267,472,France,Female,50,10,124066.9,2,1,1,178109.95,0
15721442,546,France,Female,39,7,0.0,2,1,1,68395.3,0
15660791,704,Spain,Male,35,7,138821.69,2,1,0,155163.55,1
15604031,621,Spain,Female,30,3,69048.32,1,1,0,38184.89,1
15766071,569,France,Male,31,4,132475.19,2,0,0,37409.83,0
15670468,773,Germany,Female,52,7,138745.59,1,1,1,128692.18,1
15568752,534,Germany,Female,51,8,99356.45,1,1,1,21407.67,1
15683388,623,Germany,Male,45,7,0.0,1,1,0,194348.91,0
15683849,662,France,Male,40,7,153694.36,2,1,1,42078.4,1
15603246,850,Germany,Female,37,7,59829.73,3,0,1,118708.37,0
15582184,647,Germany,Female,28,1,0.0,1,1,0,55714.59,1
15796706,612,Spain,Female,43,2,0.0,1,1,1,164991.14,0
15763034,811,Germany,Male,49,9,112156.95,1,0,1,30863.37,1
15589028,633,Spain,Female,36,5,91755.14,1,1,1,156218.15,1
15643276,695,Germany,Female,34,6,125125.89,1,1,0,120243.9,1
15770666,576,Spain,Male,39,1,148836.12,1,1,0,112046.69,0
15579119,579,Germany,Female,45,2,137151.99,2,0,0,99742.59,1
15781897,628,Germany,Female,56,0,0.0,2,1,1,132693.83,1
15604962,569,France,Female,31,9,88972.85,2,1,0,80923.71,0
15585385,545,France,Female,43,6,0.0,2,1,1,144559.26,0
15662356,797,Spain,Male,52,4,123911.26,1,1,1,44362.62,0
15715467,813,France,Female,41,5,122682.54,2,1,0,98441.21,0
15589589,675,France,Female,41,6,128805.54,2,1,1,183105.12,0
15693062,620,France,Male,34,4,0.0,1,0,1,71801.39,0
15612628,730,Germany,Male,35,5,110017.18,2,1,0,26440.23,0
15629341,607,Spain,Female,43,1,110615.41,1,0,0,160642.36,1
15811151,754,France,Male,26,0,133365.02,2,0,0,132522.59,0
15730088,580,Germany,Male,34,10,150858.55,2,1,1,56952.39,0
15681170,654,Spain,Female,45,4,0.0,2,0,0,25307.82,0
15575146,718,Germany,Female,32,0,0.0,1,0,0,189552.32,0
15621820,621,France,Female,35,3,77075.77,2,1,0,160285.02,0
15757311,597,Germany,Female,39,9,151398.58,2,0,0,159500.47,0
15603898,795,Germany,Female,40,5,125854.98,1,1,0,97881.27,1
15578823,610,Germany,Female,51,5,97569.03,1,1,0,149597.31,1
15598649,483,France,Female,25,5,93286.88,1,1,0,19857.91,0
15651810,629,Germany,Female,28,4,0.0,2,1,0,159334.86,0
15590316,802,France,Male,43,7,0.0,1,1,1,122772.54,1
15798820,518,France,Female,39,2,72743.75,2,1,1,74935.14,0
15714375,630,Germany,Male,32,5,0.0,1,1,1,165548.08,1
15670589,612,Spain,Male,36,6,89307.3,1,1,1,178744.34,1
15656278,796,France,Male,51,2,149680.0,1,1,1,167788.35,0
15815247,606,Germany,Female,40,5,0.0,1,1,1,57425.9,0
15755701,629,Spain,Female,36,10,113595.99,1,0,1,21932.76,0
15727253,562,France,Male,31,2,0.0,1,0,1,149393.56,0
15612907,797,Germany,Male,31,0,84585.24,2,1,0,189840.1,1
15758671,445,France,Female,41,2,121003.07,1,0,1,198385.78,0
15788954,610,France,Male,28,1,0.0,2,1,1,128094.72,0
15745850,691,France,Female,46,1,145182.51,1,0,1,102078.01,0
15724074,628,France,Female,39,4,114305.18,1,1,0,91102.93,0
15677240,724,Germany,Male,46,7,87831.51,1,1,0,35892.44,0
15615761,486,Spain,Male,38,7,143414.61,1,0,0,161623.15,1
15675457,576,France,Female,30,1,116637.03,2,1,0,5392.74,0
15608692,758,France,Male,55,2,121032.34,2,0,1,162791.49,1
15807004,833,Germany,Male,32,9,0.0,1,1,1,39575.19,0
15791727,634,Spain,Female,49,8,0.0,2,0,1,135824.6,1
15567614,620,Spain,Female,44,8,0.0,1,1,0,77646.05,1
15590357,628,France,Female,30,5,147971.53,2,1,0,156771.31,0
15569120,383,Spain,Male,46,2,157145.48,1,1,1,12331.22,0
15589507,660,Germany,Female,38,10,127733.3,2,1,1,4819.92,0
15707935,685,France,Female,39,1,91371.83,2,1,0,173024.7,0
15615333,775,France,Female,44,10,129358.07,2,0,1,114556.84,0
15764056,753,France,Female,32,2,0.0,2,1,1,5264.91,0
15579609,556,France,Female,33,6,111295.82,2,1,0,56982.07,0
15666531,653,Germany,Female,59,2,118298.41,1,1,0,45064.2,1
15700004,724,France,Female,47,4,187000.98,2,0,0,70195.65,0
15598568,611,France,Female,24,10,122236.89,1,1,0,183077.05,0
15774365,490,Germany,Male,28,0,121935.53,4,0,1,32568.75,0
15776253,621,Spain,Female,38,4,0.0,2,0,0,143329.24,0
15600189,539,Germany,Male,39,5,0.0,1,0,1,4189.96,0
15685227,651,France,Female,30,6,0.0,1,1,0,149378.04,1
15772819,676,Germany,Male,38,4,160367.62,1,1,1,47320.43,0
15755156,400,France,Female,26,4,128147.57,1,1,0,64030.61,0
15727680,492,Germany,Female,28,0,0.0,1,1,0,122023.26,1
15606548,704,France,Male,34,0,0.0,3,0,1,106055.15,0
15571597,509,Germany,Male,31,4,131391.71,2,0,0,11317.73,1
15765390,549,Spain,Male,29,9,154765.15,1,1,1,179039.23,0
15677880,850,Spain,Female,36,3,122638.64,2,1,1,78170.09,0
15795499,685,Spain,Male,41,9,135007.14,1,1,1,18457.77,0
15752778,548,France,Female,28,9,132148.66,2,1,1,126643.58,0
15640494,629,France,Male,37,4,0.0,2,0,1,176531.05,1
15696345,614,France,Male,33,10,174405.45,1,0,0,126786.06,0
15623668,462,France,Female,32,10,0.0,2,1,0,175248.58,0
15656723,508,France,Male,44,1,117045.45,2,1,1,187025.4,0
15667201,532,Spain,Male,45,9,74696.91,1,1,0,117718.82,1
15810913,599,France,Male,36,1,142673.96,2,1,0,75309.99,0
15633035,638,Spain,Male,36,10,133340.26,2,1,0,98065.84,0
15743111,773,Spain,Male,30,5,202140.63,2,1,1,98324.2,0
15804990,679,France,Female,40,9,89565.3,1,0,0,103139.27,0
15773730,575,Germany,Female,45,10,119603.88,2,1,0,183421.71,0
15671820,600,Germany,Male,33,2,0.0,1,0,0,73311.77,0
15789926,776,Spain,Female,39,1,114438.49,1,1,0,149577.03,0
15684021,609,Germany,Male,26,0,0.0,1,1,0,129348.02,0
15577054,639,Germany,Male,47,8,79298.03,2,1,1,117926.4,0
15636412,683,Germany,Male,50,3,0.0,1,1,0,69801.03,1
15779826,578,France,Female,30,3,43330.76,2,0,0,53933.39,0
15790930,756,Spain,Female,42,8,0.0,2,0,0,3235.11,0
15707199,731,Germany,Male,40,8,128206.13,1,1,1,74871.28,1
15582348,703,France,Male,28,1,112435.09,2,0,1,13090.72,0
15669681,474,France,Male,46,0,61075.25,1,0,1,56165.76,0
15803050,669,Germany,Female,63,5,0.0,2,1,1,114555.18,1
15725025,796,France,Female,57,5,122054.6,1,1,0,142276.2,1
15665588,572,France,Male,36,7,0.0,2,1,1,100387.65,1
15808186,612,France,Male,40,6,152217.43,1,0,0,47422.13,0
15727844,654,Germany,Female,41,4,86424.18,1,1,0,175386.01,0
15730146,554,Germany,Female,28,10,174000.04,2,0,0,68102.22,0
15690422,538,France,Female,45,3,0.0,2,0,1,42909.69,0
15680294,491,France,Female,38,7,81114.38,2,0,1,103108.01,0
15647624,770,Germany,Female,39,1,147999.71,2,1,0,189343.74,1
15581338,588,Spain,Male,46,1,0.0,2,1,1,175685.27,0
15741208,621,Spain,Male,27,7,77975.19,2,0,0,171176.55,1
15602483,782,France,Female,41,7,0.0,1,1,1,26201.88,1
15671591,532,Germany,Male,35,0,109583.97,2,0,1,52354.64,1
15617107,680,Germany,Female,36,7,96881.77,2,1,1,31465.56,0
15619338,839,Germany,Male,50,7,97415.12,1,1,1,26230.31,1
15712879,837,France,Male,35,2,151351.07,2,0,1,131702.91,1
15742217,819,Germany,Male,37,8,79771.54,2,0,1,24091.44,0
15610256,507,Spain,Male,43,1,107268.94,1,1,0,147347.08,1
15641234,555,Germany,Female,47,3,102834.31,3,1,1,169242.93,1
15815615,761,France,Male,47,6,0.0,2,1,0,190142.1,1
15775887,591,Germany,Male,46,0,0.0,2,1,0,76750.27,1
15673546,570,France,Female,33,8,0.0,2,0,0,60796.94,1
15751617,795,France,Female,44,7,0.0,1,1,1,100664.04,1
15724582,665,France,Female,41,2,119517.02,2,1,0,148074.31,0
15662448,622,Germany,Female,27,1,85808.51,1,1,0,164406.7,0
15568723,666,Spain,Male,24,3,141510.95,1,1,1,143140.92,0
15701706,608,France,Female,23,0,0.0,2,1,1,6981.36,0
15692951,713,France,Female,36,2,0.0,1,0,1,37197.3,0
15798562,785,Germany,Male,32,9,0.0,2,0,1,198357.28,0
15690723,734,Germany,Female,51,4,123953.11,1,1,0,103381.42,1
15751906,695,Germany,Male,30,7,174553.1,2,1,0,4217.03,1
15654561,780,Germany,Female,27,3,135518.51,1,1,1,110857.67,0
15667602,581,France,Male,28,0,146100.13,1,1,0,45366.58,0
15790892,434,Germany,Female,35,7,0.0,1,1,0,34441.12,1
15680854,629,France,Female,37,0,105590.28,2,1,0,89373.79,1
15615398,762,France,Female,42,4,161240.05,2,1,0,123150.34,1
15695589,630,France,Male,47,2,135132.31,2,1,0,6633.17,0
15754243,701,France,Male,29,9,124917.44,2,0,1,191958.65,0
15732599,665,France,Female,28,7,0.0,1,1,1,72062.06,0
15662167,722,France,Male,25,4,102326.15,2,1,0,155917.0,0
15629285,635,France,Female,30,1,109998.93,4,1,0,39062.94,0
15764051,737,France,Female,51,2,0.0,2,1,1,74585.3,0
15749167,500,Germany,Female,26,8,119904.37,2,1,1,73102.01,0
15609766,812,France,Female,42,1,0.0,1,1,0,193761.6,0
15595724,721,Spain,Male,43,8,146430.67,2,1,1,127032.39,0
15732193,590,Germany,Male,32,1,55915.17,2,1,0,143899.56,0
15615614,736,France,Male,26,2,0.0,2,1,0,6240.75,0
15763970,507,Spain,Male,41,2,0.0,2,1,1,134686.3,0
15777442,674,Spain,Male,29,2,116303.16,2,0,1,160156.12,0
15813204,752,France,Male,23,2,128115.48,1,1,0,164120.31,0
15718533,516,France,Female,34,3,110298.07,1,0,0,160755.91,0
15759398,626,France,Female,42,5,90310.84,2,1,1,31072.61,1
15793245,563,Spain,Female,51,6,116569.22,2,0,1,52671.62,0
15752491,635,Germany,Male,35,0,0.0,1,1,1,54756.0,0
15783195,627,Germany,Male,40,4,105065.42,2,0,0,89434.46,0
15672026,531,Spain,Female,33,9,115345.63,2,1,1,86047.1,0
15761043,563,Spain,Female,29,3,0.0,1,1,0,187139.8,0
15805181,482,France,Male,54,1,163325.15,2,1,1,193982.41,1
15644534,532,France,Male,33,5,134243.19,2,1,0,80866.36,0
15648537,827,France,Female,29,1,0.0,1,1,1,107137.45,0
15780979,583,Germany,Female,32,9,0.0,1,1,0,140555.15,0
15651966,790,Spain,Male,28,5,155103.3,1,1,0,171641.95,0
15644689,573,France,Female,28,6,84575.82,2,1,0,15517.54,0
15706121,748,Spain,Male,37,1,91142.01,2,1,1,167435.48,0
15669301,682,Germany,Male,41,9,0.0,1,1,1,199918.78,0
15760091,661,France,Female,45,10,114370.12,1,1,0,158113.78,0
15636002,660,Spain,Male,41,6,130643.22,2,1,0,166262.57,0
15682340,786,France,Male,47,4,185277.93,2,1,1,45515.05,0
15688154,679,Germany,Female,36,0,0.0,1,1,0,892.22,1
15722498,681,France,Male,37,4,104883.61,1,1,0,100349.44,0
15790582,687,Spain,Male,53,1,131912.18,2,1,1,40144.2,0
15591473,602,Spain,Male,38,0,100905.3,1,1,1,34507.92,0
15666152,503,France,Male,39,7,0.0,2,1,1,90991.57,0
15585116,506,Germany,Male,31,5,0.0,2,1,1,102542.51,0
15781569,489,Germany,Female,65,7,95554.86,2,1,1,10711.73,0
15648011,570,Spain,Female,58,4,120123.71,1,1,0,68995.46,1
15718088,624,Spain,Female,38,6,149975.41,1,0,0,84350.81,0
15711347,739,France,Male,45,9,0.0,1,1,0,61463.89,1
15802970,646,Spain,Male,42,4,0.0,1,0,1,226.84,0
15706776,713,France,Male,26,2,144581.69,2,1,0,385.1,0
15737499,755,Spain,Male,55,3,115593.15,1,1,1,145759.71,0
15671187,762,France,Male,40,9,101394.96,1,1,1,191166.32,0
15653065,710,Germany,Male,55,1,155459.67,2,1,0,173606.23,1
15597137,634,Germany,Male,45,5,0.0,2,0,0,170662.98,1
15774989,677,France,Male,49,2,134555.42,1,1,1,57894.16,0
15701632,800,Germany,Female,44,10,75924.64,1,1,0,176677.31,0
15619147,734,Spain,Male,63,9,126827.49,1,1,1,129350.26,1
15650793,755,France,Male,36,3,0.0,2,1,0,71910.55,0
15567779,697,France,Male,37,5,72464.57,1,0,1,168799.39,1
15780108,747,Germany,Female,28,3,0.0,1,1,1,59842.84,0
15671852,654,Spain,Female,28,4,134430.46,2,0,1,177625.62,0
15651435,596,France,Male,39,2,110951.83,2,0,1,77994.91,1
15751880,625,Spain,Male,35,9,0.0,1,1,0,129551.0,0
15734690,548,France,Male,28,1,190842.51,1,1,0,144249.79,0
15772130,781,France,Female,37,7,127958.19,2,1,1,77569.74,0
15597233,563,France,Male,34,3,140638.38,2,1,0,127719.08,1
15582110,701,Spain,Female,51,3,0.0,2,1,1,22915.58,0
15588598,741,France,Male,35,3,151030.65,1,1,1,83414.74,0
15673843,695,France,Female,40,3,128777.26,2,1,1,22366.92,0
15594260,509,Germany,Male,32,8,0.0,2,1,0,127064.04,0
15783809,569,Germany,Male,47,8,110426.63,1,0,0,184994.91,1
15626808,609,France,Female,40,9,0.0,2,1,0,104208.12,0
15744911,761,Spain,Female,37,9,143673.8,2,1,1,184876.12,0
15680229,788,France,Female,41,4,0.0,1,1,0,168074.37,0
15640292,633,Spain,Female,30,3,112227.99,1,1,1,187030.88,0
15800129,692,France,Female,20,9,170073.91,2,1,0,71108.9,0
15792355,595,Spain,Female,40,3,77346.35,2,1,0,56943.33,0
15766029,672,Spain,Male,38,7,149831.48,2,0,0,174506.91,0
15670617,696,Spain,Female,33,1,173053.85,1,1,1,176572.12,0
15618782,635,France,Female,45,10,117448.27,1,1,1,138495.12,0
15762748,693,Germany,Female,36,1,0.0,1,0,0,27454.39,0
15648921,668,Germany,Female,39,5,134422.65,2,1,1,99107.45,1
15789249,629,France,Female,37,9,100511.59,2,0,0,25981.65,0
15708861,662,France,Male,32,6,101274.02,1,1,1,87490.3,0
15701994,524,Germany,Female,44,8,0.0,2,1,1,59103.36,1
15720017,589,Spain,Male,43,6,89104.29,1,1,1,134069.17,0
15642015,725,Germany,Female,29,7,0.0,2,0,1,36295.63,1
15802320,731,France,Female,36,9,0.0,1,1,0,8977.44,0
15802712,765,France,Male,37,10,112601.63,2,1,1,81329.46,1
15773174,761,France,Female,28,4,204958.42,1,0,1,173115.47,0
15569801,717,Spain,Male,46,1,156163.48,1,1,0,48446.48,1
15593820,805,Germany,Male,39,7,161048.51,1,1,0,22633.51,1
15697094,773,France,Male,35,2,107163.86,1,1,1,47788.12,1
15630554,540,France,Female,42,7,85087.44,1,1,1,61249.19,0
15709531,568,France,Female,30,4,105865.91,1,1,1,75283.2,0
15659066,720,Germany,Female,37,0,135751.26,1,0,1,181043.97,1
15745026,548,Germany,Male,35,1,0.0,2,1,1,190465.03,0
15583996,558,Germany,Male,45,7,25857.58,1,1,1,177902.16,0
15572615,579,France,Female,37,1,0.0,2,1,0,31184.05,0
15570791,540,Germany,Female,40,0,0.0,1,0,1,14787.28,0
15800300,762,France,Male,30,5,0.0,1,1,0,173508.17,1
15686219,505,France,Female,28,9,91219.21,2,1,1,112856.43,0
15639658,617,Spain,Male,29,8,110727.59,1,1,0,125961.28,0
15631532,723,France,Female,35,10,0.0,2,1,0,114657.11,0
15614775,641,France,Female,45,5,135364.72,1,1,1,6829.98,1
15628609,704,France,Female,34,8,121465.34,1,1,1,180670.32,0
15731925,621,Spain,Male,33,0,0.0,1,1,1,191050.78,0
15631737,715,Germany,Male,41,6,0.0,2,1,0,52086.2,1
15676337,633,France,Male,33,7,0.0,2,1,1,123896.51,0
15784150,617,Germany,Male,44,7,138646.52,2,1,0,106924.49,1
15709916,651,France,Female,29,7,172024.6,2,1,1,67181.02,0
15586155,523,Germany,Male,27,0,113258.93,1,0,0,18907.19,0
15743087,700,Spain,Female,51,9,185800.7,2,0,1,11016.41,0
15777653,726,Germany,Male,49,6,126318.83,1,1,1,121843.27,0
15696757,817,France,Male,32,1,133358.06,2,0,1,164307.09,0
15719161,555,France,Female,32,9,0.0,1,0,0,41222.98,0
15704481,420,France,Female,46,5,145533.6,1,1,0,92319.75,0
15719320,408,France,Male,69,1,131605.72,1,1,0,75291.15,1
15603366,813,France,Male,53,1,130207.59,2,1,0,175575.81,0
15668564,674,Spain,Male,29,10,0.0,1,1,0,145555.86,0
15654192,599,Spain,Male,24,0,119860.09,1,1,1,23414.21,0
15622302,566,France,Male,37,7,168782.94,2,1,1,47158.84,0
15663090,563,France,Female,67,10,128166.48,1,0,1,74166.11,1
15648377,825,France,Female,29,5,219512.01,1,1,0,162287.39,1
15604284,663,Germany,Female,44,10,113867.41,2,0,0,45721.53,0
15594986,672,Germany,Female,27,5,142999.7,2,1,1,124767.03,0
15746996,850,Germany,Female,29,3,144707.81,2,1,0,107368.12,1
15591849,749,Spain,Male,48,5,77983.37,1,0,1,135630.28,0
15716449,641,Spain,Female,33,9,97878.88,1,1,0,33748.09,0
15783216,685,France,Female,31,6,123092.21,1,1,0,108061.67,1
15644951,686,Germany,Female,74,3,126669.62,2,1,1,33713.68,1
15671534,791,Germany,Male,36,5,0.0,2,1,0,10512.47,0
15619883,530,France,Female,47,2,0.0,1,1,1,58728.07,0
15663955,679,Germany,Male,30,6,128494.16,2,0,0,188395.95,0
15634318,685,France,Female,33,5,0.0,2,1,1,199217.15,0
15580093,510,Germany,Female,31,10,126841.29,1,0,0,131664.6,1
15589189,531,Germany,Female,35,0,59259.26,2,0,1,183058.86,0
15632440,850,France,Female,25,1,119946.54,1,1,1,97454.62,0
15703328,822,Spain,Female,38,1,0.0,2,1,0,114869.74,0
15679314,766,Spain,Male,36,1,115942.49,1,1,0,70849.28,0
15811790,659,Germany,Male,44,5,84970.42,2,0,1,41545.99,1
15759120,595,Germany,Male,54,6,0.0,2,1,0,70733.37,1
15758440,646,Spain,Male,36,1,0.0,2,1,1,102925.19,0
15583624,660,France,Male,28,3,121860.36,2,1,1,140712.75,0
15782597,849,France,Female,21,9,0.0,1,0,0,88433.73,0
15767290,623,France,Male,30,1,135672.58,1,0,0,151385.16,0
15633073,757,France,Male,38,1,135344.01,1,1,1,45439.09,0
15667089,850,Germany,Female,34,5,81528.51,1,1,1,25532.36,0
15726505,614,France,Female,28,9,126677.53,2,0,1,103028.07,0
15808268,611,France,Female,41,1,104193.12,1,0,0,10184.61,0
15663669,717,Spain,Male,38,8,122805.47,1,1,1,29570.7,1
15590907,605,Germany,Female,32,9,123948.94,2,1,0,146782.83,0
15738298,700,France,Female,26,5,122693.55,1,0,1,45489.09,0
15794743,831,Spain,Male,39,1,112084.83,2,1,1,180779.66,0
15627122,745,Spain,Male,40,2,113487.66,2,0,1,89528.79,0
15666589,735,France,Female,31,4,89184.2,1,1,0,197037.26,0
15727256,599,France,Male,64,4,0.0,2,1,0,155902.73,0
15739463,680,France,Male,24,9,111554.59,1,1,0,96794.88,0
15810206,630,Germany,Male,49,0,130012.83,1,1,0,83385.53,1
15634621,593,Germany,Female,39,5,100432.36,2,1,0,186517.05,0
15753374,808,Germany,Male,26,2,107181.51,1,1,0,105357.24,0
15577162,625,France,Male,29,5,105171.94,1,0,0,61109.93,0
15607771,850,France,Male,26,2,54341.27,2,1,0,154699.01,1
15722717,533,Germany,Female,46,8,0.0,2,1,1,140378.98,0
15619606,652,France,Male,46,10,143855.63,2,0,1,158072.09,1
15635777,848,France,Female,31,10,0.0,2,1,0,38364.57,0
15808059,752,Spain,Male,39,6,69736.94,1,0,1,46899.57,1
15672338,719,Germany,Female,33,6,73739.89,1,1,0,161414.43,0
15606288,715,Spain,Male,41,10,0.0,2,0,1,37715.23,1
15676131,704,Spain,Female,34,2,0.0,2,1,1,83616.78,0
15792322,650,Spain,Male,28,8,171050.12,1,1,1,101076.88,1
15704118,718,France,Male,34,2,149473.12,2,0,0,59536.2,0
15612598,850,Spain,Female,31,8,74383.17,1,1,1,116833.54,0
15610414,647,France,Male,46,0,140344.03,1,1,0,117423.85,1
15567046,539,Spain,Female,47,2,0.0,1,0,0,107523.24,1
15626264,596,Germany,Female,36,3,136228.85,2,0,0,42988.02,1
15627217,654,France,Male,53,6,0.0,1,1,1,126615.75,0
15679186,808,France,Male,42,10,186904.27,1,0,0,158693.97,0
15588806,621,Spain,Male,32,8,0.0,2,1,1,152465.19,0
15617497,727,France,Female,45,4,93219.6,2,1,0,90099.24,1
15789545,491,Germany,Female,58,9,82373.36,1,1,1,70712.91,1
15616067,418,Germany,Male,36,6,117146.51,2,0,0,14638.08,1
15651355,546,France,Female,46,5,0.0,2,0,0,110136.04,0
15584634,625,France,Male,29,5,0.0,1,1,1,180484.02,0
15770635,547,Germany,Male,48,5,0.0,1,1,0,140823.59,0
15786462,642,Germany,Female,37,8,170636.91,1,1,0,1631.96,0
15752257,561,Spain,Male,45,7,0.0,1,0,0,13801.22,0
15633232,803,France,Male,28,3,90619.48,1,0,0,185787.59,0
15640919,689,France,Male,34,8,0.0,1,1,0,33432.31,0
15803610,676,Germany,Female,29,1,0.0,2,1,0,199697.65,1
15686123,816,Spain,Female,24,10,0.0,1,0,0,157878.06,0
15655625,811,Spain,Male,39,9,0.0,1,1,1,13791.63,0
15615503,410,France,Female,39,0,127687.59,1,1,1,90482.95,0
15767754,703,Spain,Male,30,3,131845.56,1,1,1,71184.42,0
15705407,667,Germany,Female,43,10,121278.9,1,0,1,40047.41,1
15782317,619,Spain,Female,36,7,103934.59,2,1,1,65319.37,0
15684664,789,France,Male,23,1,120898.98,1,1,1,145335.9,0
15734391,672,Spain,Male,40,6,77723.97,2,0,1,168364.32,0
15790248,569,Germany,Female,28,6,0.0,2,1,0,89271.83,0
15694502,492,Spain,Male,23,10,0.0,2,1,1,138080.7,0
15677396,749,France,Male,33,4,84529.59,1,1,0,34165.51,0
15638438,722,France,Female,40,1,126107.82,2,1,0,119877.84,1
15782570,539,France,Female,50,6,98485.76,2,1,1,37844.86,0
15725363,847,France,Male,49,7,127204.59,2,1,1,20705.2,0
15775915,661,Spain,Female,50,1,0.0,1,1,0,15065.76,1
15693054,637,Spain,Male,36,6,108752.88,1,0,1,68503.38,0
15656872,438,France,Male,33,1,139132.49,1,0,1,192049.11,0
15642358,683,Spain,Male,34,5,109196.69,1,1,0,103644.47,0
15637810,731,France,Female,33,1,131203.74,2,1,0,3728.52,0
15644335,690,France,Male,31,10,130874.83,1,1,1,147766.65,0
15697259,663,France,Male,39,1,112685.98,1,1,0,85260.92,0
15795609,724,Spain,Female,36,8,120292.86,1,0,0,38976.75,1
15814588,640,Germany,Female,28,5,154347.97,1,0,1,183984.66,0
15666832,661,Spain,Female,37,0,0.0,2,1,1,3618.23,1
15739414,566,Spain,Female,44,8,107595.46,1,1,1,176874.85,0
15769260,594,France,Male,38,5,131799.35,2,1,1,166112.67,0
15722430,643,France,Male,33,3,0.0,1,1,1,172618.53,0
15603892,373,France,Male,36,0,186479.28,2,1,1,161855.2,0
15723996,629,France,Female,39,2,0.0,2,1,1,104779.79,0
15652376,665,France,Male,41,9,79949.99,1,1,0,90357.92,0
15579762,661,Germany,Male,33,10,71325.71,2,1,0,183456.24,0
15789405,705,Germany,Male,40,8,103053.33,1,1,1,159088.04,0
15733173,698,Germany,Male,51,6,0.0,1,1,1,48237.83,0
15681592,655,Spain,Male,42,5,132276.05,2,0,1,98266.02,0
15740275,544,Spain,Male,35,5,0.0,1,1,0,2253.72,1
15676626,759,France,Female,41,10,127228.21,2,1,1,42559.76,0
15735289,698,France,Male,45,10,113796.68,1,0,0,46964.92,1
15577569,455,France,Male,39,8,0.0,1,1,1,27353.02,1
15755012,604,France,Male,25,5,97021.89,1,0,0,194612.91,0
15803702,580,Germany,Female,28,6,111921.98,1,1,1,165660.36,1
15580159,575,Spain,Male,36,4,0.0,2,1,0,1704.36,0
15766813,582,Spain,Male,29,2,0.0,2,1,0,107856.66,0
15752079,611,France,Male,34,1,127022.04,2,1,1,180987.88,0
15606469,646,France,Male,31,6,153332.63,2,1,0,183206.44,0
15585134,531,France,Female,55,8,0.0,1,0,0,166086.85,0
15650684,646,France,Female,39,8,77112.68,1,1,1,181314.54,0
15605579,716,France,Male,28,10,0.0,1,1,1,163586.08,0
15675461,706,Germany,Male,31,4,163091.21,1,1,0,175610.72,0
15745205,693,Spain,Female,62,9,0.0,2,1,1,41473.9,0
15643720,655,France,Female,54,0,0.0,1,0,0,69378.57,1
15688765,501,Germany,Male,27,0,0.0,2,1,0,95777.4,0
15624352,663,France,Female,34,4,73536.95,1,1,0,181141.16,0
15794410,709,France,Female,33,5,152283.64,2,0,1,42053.13,0
15711005,814,France,Female,42,6,60584.23,2,1,1,125476.05,0
15710036,750,France,Female,42,1,122175.3,2,1,1,2084.05,1
15771870,683,France,Male,43,1,0.0,2,0,1,157033.15,1
15730197,605,France,Male,68,5,135972.92,2,1,1,131468.8,0
15652760,547,Spain,Male,28,2,90138.23,2,0,1,131397.35,0
15597480,755,France,Female,29,6,108451.41,1,1,0,193405.44,0
15601735,540,Spain,Male,32,3,0.0,2,0,0,61820.14,0
15809643,703,Spain,Female,42,5,152495.43,1,1,1,46474.41,0
15671190,779,France,Female,64,4,0.0,1,0,1,160716.31,0
15752180,616,Germany,Female,57,6,0.0,1,1,0,97355.98,1
15585973,659,France,Female,47,6,0.0,2,1,0,165809.42,0
15808561,689,Germany,Male,40,10,135656.36,1,1,0,99552.24,0
15628875,637,Germany,Male,43,0,102438.66,1,1,1,100028.74,0
15633441,526,Germany,Female,61,6,0.0,2,0,0,50109.99,1
15702860,552,Spain,Female,55,9,95858.65,2,1,1,128670.55,0
15579664,773,France,Male,27,9,138589.82,2,1,1,86408.5,0
15696703,613,Germany,Male,43,10,0.0,1,1,0,41433.6,1
15795137,638,France,Female,40,1,0.0,1,1,1,6160.7,0
15646892,596,Germany,Male,33,7,154064.36,2,0,0,94455.45,0
15787479,477,Spain,Female,39,5,102500.88,1,1,0,49109.95,0
15748893,637,France,Male,39,9,118375.63,2,0,1,61105.22,0
15709728,797,France,Male,28,3,126003.13,2,1,1,31426.87,0
15803382,693,Spain,Female,27,4,0.0,2,1,0,71676.66,0
15781466,690,Germany,Male,46,8,116516.29,1,1,0,167203.59,0
15783163,560,Spain,Male,32,6,149102.67,1,0,1,188755.26,1
15721474,729,Spain,Female,22,9,125069.13,1,1,1,95709.82,0
15753065,562,Spain,Male,40,2,160023.54,2,1,0,80311.5,0
15617985,634,France,Male,35,4,142904.84,1,1,0,90932.42,1
15658091,667,Germany,Male,35,5,97450.38,1,1,0,178815.69,0
15751709,692,France,Female,38,4,115430.26,2,1,1,33600.47,0
15591089,686,France,Female,48,2,142987.65,1,0,1,59096.41,1
15632119,620,Germany,Male,52,5,91138.7,2,1,0,1227.88,0
15571774,612,Spain,Female,55,9,108564.76,2,1,0,30209.37,0
15648170,777,Spain,Male,35,0,0.0,2,1,0,53153.7,0
15612159,785,Germany,Male,25,2,114759.79,2,1,0,19613.48,1
15804610,622,Spain,Male,28,5,195265.3,1,0,0,36017.78,0
15778948,488,France,Female,28,4,0.0,1,1,1,105843.81,0
15568529,531,Germany,Male,81,3,109947.32,1,0,1,125383.97,1
15577203,549,Spain,Female,32,6,104854.79,1,0,0,83030.65,0
15773761,706,Germany,Female,35,8,0.0,2,0,1,95867.44,1
15583340,784,Spain,Female,31,7,0.0,2,1,0,27533.57,0
15675815,556,France,Male,33,2,109514.12,2,1,1,54967.81,0
15685115,640,Germany,Female,35,5,74635.06,2,1,0,116745.11,0
15680747,595,France,Male,24,4,105459.34,1,0,1,113066.49,0
15753116,608,Germany,Male,37,7,0.0,2,1,0,76280.2,1
15685445,644,France,Male,35,8,72414.15,2,0,1,144401.6,0
15654581,629,France,Female,36,10,113476.72,1,1,0,75163.43,0
15624367,625,France,Female,40,3,118139.69,2,1,0,21854.31,1
15672458,620,Germany,Female,41,6,0.0,1,0,0,43830.32,1
15718457,515,France,Female,26,2,138016.05,2,1,1,4392.32,1
15755028,714,France,Female,32,10,147768.51,2,0,0,20437.08,0
15681575,727,France,Female,58,9,98672.92,2,1,1,91466.26,0
15771072,381,Spain,Male,51,9,85112.5,1,1,0,154676.62,0
15643705,714,Germany,Male,30,3,0.0,1,1,0,122483.96,0
15802149,541,Spain,Male,30,7,176692.29,2,0,0,24432.14,0
15808079,717,France,Male,32,7,0.0,2,1,0,103587.06,0
15619295,592,Spain,Male,47,5,102872.74,2,1,0,168417.29,0
15753876,607,Germany,Male,27,5,134734.41,4,1,1,158743.35,0
15654046,674,Germany,Male,30,9,137653.3,2,0,1,7255.51,0
15804654,647,France,Female,38,10,101509.09,1,0,0,138527.34,0
15746503,687,Germany,Female,28,0,154038.5,1,0,0,85522.13,0
15771751,466,Spain,Male,38,9,140813.51,1,1,0,193675.25,0
15805396,595,France,Male,30,5,0.0,2,1,0,165522.17,0
15738662,596,France,Male,70,2,96543.0,2,1,0,98629.98,1
15611877,631,Germany,Female,37,5,0.0,1,0,0,72417.34,0
15747928,406,Germany,Male,30,8,0.0,2,1,1,145964.24,1
15568032,768,France,Male,31,1,0.0,1,1,1,29311.58,0
15605239,449,Spain,Male,26,7,0.0,2,0,1,111145.29,0
15690056,523,Spain,Male,44,9,124084.44,1,1,1,40355.06,0
15661616,742,Germany,Male,29,6,0.0,1,0,1,38227.0,0
15587324,559,France,Male,29,3,107614.49,2,1,0,148513.62,0
15571146,469,Spain,Female,24,10,77282.99,2,1,0,122017.12,0
15590780,730,France,Male,32,10,123219.45,1,1,0,47910.4,0
15802859,479,Spain,Female,45,8,89411.22,2,1,0,130617.18,0
15611538,548,France,Male,35,1,108173.4,2,0,1,64832.84,0
15745545,560,France,Female,31,2,161047.88,1,1,0,87710.59,0
15682946,683,Spain,Male,35,2,118374.56,2,1,1,133843.13,0
15620561,596,France,Male,23,4,76328.54,2,1,0,136536.08,0
15752868,690,France,Male,28,3,0.0,2,1,1,40843.97,0
15610471,512,France,Male,27,5,77782.46,1,1,0,140426.14,0
15645031,710,France,Male,38,9,100345.71,1,1,1,108453.76,0
15802534,498,Spain,Male,49,6,0.0,1,1,1,29849.49,0
15713912,810,France,Male,45,3,86648.0,2,1,1,136724.77,0
15668563,762,Spain,Female,28,0,135194.87,2,1,1,120231.69,0
15593980,733,France,Male,44,7,97669.8,2,0,0,161587.88,1
15574066,804,Spain,Male,35,0,168652.86,2,1,1,108706.34,0
15672753,744,France,Male,36,10,76932.84,2,1,1,193203.37,0
15727773,730,France,Female,31,3,100921.8,1,1,0,188312.55,0
15658350,753,Germany,Male,35,4,0.0,1,1,0,96864.0,0
15728737,631,Germany,Male,48,6,0.0,2,1,1,60968.38,0
15733819,646,France,Female,29,9,0.0,2,1,0,54450.06,1
15699344,670,France,Male,28,9,92398.22,1,1,1,196448.2,0
15585219,630,France,Male,31,3,122221.51,2,1,1,191714.08,0
15623545,744,Germany,Male,42,4,0.0,2,1,0,122262.51,1
15635343,850,Spain,Male,42,4,0.0,1,0,0,33603.34,0
15703717,453,Germany,Female,37,9,134640.44,2,0,1,136375.68,0
15771880,764,France,Female,27,4,130918.75,1,0,1,87587.61,0
15761967,557,France,Male,29,10,182360.67,2,1,0,26090.22,1
15740118,843,France,Male,25,10,0.0,1,1,1,106200.66,0
15605687,750,Germany,Male,31,10,162914.88,1,0,1,93087.02,1
15711743,639,France,Female,43,2,0.0,2,0,0,149419.76,0
15605245,581,Spain,Male,43,10,140620.23,1,1,0,150086.49,0
15714991,698,France,Male,43,4,124496.04,2,1,1,186246.6,0
15663185,583,Spain,Male,22,9,88631.19,1,1,1,35500.99,0
15728995,492,France,Female,44,5,138946.28,1,1,1,8867.65,0
15675192,784,Spain,Male,44,10,177259.05,1,1,1,150450.58,1
15661035,616,Spain,Female,37,10,63388.22,1,1,0,88631.3,0
15597854,674,France,Female,32,4,119067.7,1,1,1,176999.09,0
15654851,646,France,Female,57,0,0.0,1,1,1,99840.08,0
15604817,582,Spain,Female,43,3,0.0,1,1,1,59699.93,0
15738740,723,Spain,Female,31,6,150889.59,2,1,0,74220.94,0
15801086,526,France,Male,54,9,0.0,1,1,1,161457.14,0
15671479,575,Spain,Male,38,1,0.0,1,1,0,47248.05,0
15795066,582,Spain,Female,48,1,155172.66,2,1,0,65828.23,0
15598717,495,France,Male,29,9,145866.64,2,1,0,55470.64,0
15717012,802,France,Male,34,6,94125.19,1,1,0,117259.59,1
15581397,638,Germany,Male,51,1,0.0,2,1,0,195437.3,1
15784996,653,France,Female,45,9,0.0,2,0,1,111414.2,0
15718930,730,Spain,Male,36,10,138836.49,1,0,1,165420.45,0
15769547,554,Germany,Male,71,5,94671.56,1,1,0,174184.17,1
15670163,521,France,Female,47,4,168108.88,1,1,0,47392.98,1
15788067,492,France,Female,41,9,112752.17,2,0,0,85490.81,0
15597285,558,Spain,Male,48,4,107633.84,2,1,0,38369.09,0
15653134,640,Spain,Male,52,3,0.0,1,0,1,42491.38,0
15579954,499,Spain,Male,29,0,0.0,1,0,0,154848.2,1
15597624,610,France,Female,27,7,118188.06,1,1,1,116018.9,0
15725694,542,France,Female,44,0,161563.91,1,1,1,3023.1,0
15595360,706,Germany,Male,53,10,0.0,2,1,1,8823.34,0
15729142,662,Spain,Male,36,7,135790.0,2,1,1,95259.85,0
15573676,721,Germany,Male,48,10,107333.78,2,0,1,155828.08,0
15672446,609,Germany,Female,45,9,0.0,1,1,1,65035.86,0
15699001,659,Germany,Male,28,9,0.0,2,1,1,197980.79,0
15571369,459,France,Female,29,4,113589.06,2,1,1,127885.37,0
15756257,811,France,Male,53,0,131292.47,2,1,0,149575.92,1
15757976,850,France,Female,45,2,108642.41,2,1,1,149057.75,0
15795675,561,France,Female,37,3,74823.32,1,1,1,82570.63,0
15690406,658,Germany,Male,46,10,0.0,1,1,0,62373.27,0
15592263,850,France,Female,44,9,0.0,2,1,1,69393.02,0
15765719,596,Spain,Male,38,9,130195.13,2,1,0,43014.68,0
15726550,692,France,Female,35,4,0.0,2,1,1,22388.8,0
15772980,595,Spain,Female,36,6,0.0,1,1,0,186428.1,0
15659028,820,France,Female,37,2,104148.64,1,1,0,67192.63,0
15606876,707,Germany,Male,31,7,0.0,2,0,1,87943.89,0
15811546,654,Spain,Female,48,8,139753.42,1,0,1,12078.4,0
15639626,643,France,Female,38,10,140364.23,2,1,1,26760.42,0
15608353,530,France,Female,40,6,0.0,1,1,0,30017.66,0
15686067,545,France,Male,35,2,102051.65,1,1,1,20670.53,0
15599129,717,France,Male,27,1,0.0,1,0,0,126892.67,0
15592576,699,Germany,Female,29,4,113352.68,1,0,1,196319.07,0
15640574,617,France,Female,52,10,0.0,2,1,1,189170.98,0
15606012,670,Spain,Female,44,8,71178.8,1,0,1,176544.76,0
15771220,733,France,Male,50,8,155063.94,1,1,1,25513.02,0
15788538,426,France,Female,29,2,104530.66,1,0,1,140473.84,0
15757132,717,Germany,Female,32,1,109494.33,3,1,1,138222.55,0
15727580,668,Spain,Male,44,10,0.0,2,1,0,67734.57,0
15771538,760,France,Male,53,2,0.0,1,1,0,80031.14,0
15744790,706,France,Male,39,3,0.0,3,1,0,24118.77,0
15813073,685,France,Male,48,4,106012.24,1,0,1,94721.68,0
15632170,647,France,Male,55,3,0.0,2,1,1,196009.78,0
15775420,625,Germany,Female,29,7,0.0,1,0,0,191966.59,0
15620489,668,France,Female,44,4,126244.97,2,1,1,107293.24,0
15608452,585,France,Male,45,2,138121.97,1,1,0,157151.92,0
15815019,666,France,Male,40,6,132745.7,1,1,0,157721.1,0
15784875,651,France,Male,26,0,82817.27,2,0,1,161556.61,0
15743195,560,France,Female,43,5,123034.45,1,1,0,118167.93,0
15642247,679,France,Male,27,5,116062.13,2,1,0,43584.36,0
15683858,743,Spain,Female,37,0,93234.06,1,0,0,123673.17,0
15709045,568,France,Male,49,0,79749.25,2,1,0,5341.78,0
15751320,556,Germany,Female,33,5,0.0,2,1,0,8034.65,1
15731351,688,France,Female,45,9,0.0,2,1,1,138346.83,0
15760269,578,France,Female,49,4,0.0,2,1,0,166761.04,0
15667188,599,France,Female,38,2,81564.82,1,1,1,42655.58,0
15698424,610,France,Male,53,10,0.0,2,1,1,160358.27,1
15618519,524,Spain,Male,30,1,105535.13,1,1,1,132302.5,0
15572107,600,France,Female,37,0,0.0,2,1,0,33401.99,1
15623888,588,France,Female,32,4,0.0,1,0,1,139892.36,0
15686379,544,France,Female,39,9,0.0,1,0,1,138245.37,0
15654636,595,Spain,Male,34,3,115965.17,1,0,1,133328.38,0
15609528,542,Spain,Male,46,1,149149.79,1,1,0,93142.97,0
15664883,797,France,Female,28,7,0.0,1,0,1,8610.9,0
15743219,568,France,Male,30,10,120630.03,1,0,0,127237.49,0
15748084,625,Spain,Female,34,5,0.0,2,0,0,11925.87,1
15576541,804,France,Male,27,2,0.0,2,0,0,17335.39,1
15711181,703,France,Male,27,3,130432.38,1,1,0,60906.19,1
15748053,711,France,Female,38,6,0.0,2,1,0,148078.34,0
15666214,538,France,Male,56,6,0.0,1,0,1,130679.05,0
15592664,509,Spain,Female,32,6,112945.31,1,1,0,3906.06,0
15600728,630,France,Male,38,4,130643.95,2,0,0,139369.26,0
15666330,743,Spain,Male,43,2,72539.28,2,0,0,15086.21,0
15713112,761,France,Female,41,7,141697.55,1,1,1,25619.07,0
15718764,739,France,Male,47,9,0.0,1,1,0,155848.24,0
15683932,594,France,Male,37,3,147022.38,2,1,0,170346.89,1
15769895,760,France,Female,32,6,107309.67,3,0,0,176187.98,1
15620536,645,France,Female,32,1,0.0,2,1,1,141778.74,0
15791768,636,Germany,Female,24,0,82252.92,2,1,0,5279.74,0
15701535,811,Spain,Female,43,0,104151.95,2,1,1,6581.48,0
15777067,713,Germany,Male,46,1,150743.55,1,1,0,60342.21,0
15667070,657,France,Female,37,6,156248.83,2,0,0,46015.8,0
15802294,669,France,Male,43,0,0.0,2,1,1,66532.17,1
15675503,763,France,Female,31,6,103578.47,1,1,0,14378.93,0
15575485,500,France,Female,39,10,148982.93,2,1,1,113643.88,0
15600290,850,Spain,Male,44,5,142866.88,1,1,1,61769.49,0
15684968,644,France,Female,50,4,117059.08,1,1,0,190847.63,1
15786173,480,Germany,Male,37,9,92183.32,2,1,0,1767.27,0
15648570,704,France,Female,38,10,110139.02,2,1,1,33710.81,0
15669573,668,Germany,Female,30,7,0.0,2,0,1,157309.97,0
15676985,706,France,Female,38,1,167835.76,2,1,1,85111.8,1
15801373,519,France,Female,23,7,130154.3,1,0,0,166001.63,0
15754485,728,France,Female,34,4,91266.59,1,1,1,14872.9,0
15594016,675,Spain,Female,36,10,0.0,1,1,0,115536.82,0
15690319,650,Germany,Female,38,9,0.0,4,0,1,2995.62,1
15740283,734,France,Male,68,7,120400.94,2,1,1,101651.23,1
15754581,711,France,Female,41,6,118755.91,1,0,1,190887.23,0
15772194,710,France,Female,43,2,0.0,2,0,0,71839.34,0
15648065,647,France,Female,26,5,68454.67,2,1,0,178101.58,1
15633409,561,France,Male,36,3,90415.7,1,0,1,156051.49,1
15759951,526,France,Female,26,1,149433.52,2,0,0,16170.46,0
15800385,755,Spain,Female,27,8,81867.2,1,0,0,98740.28,0
15699181,632,Spain,Female,40,8,0.0,1,1,1,177307.91,0
15717508,734,France,Female,26,1,0.0,1,1,0,83456.75,0
15645500,706,Spain,Female,30,5,0.0,2,1,1,10819.36,1
15575649,735,France,Male,41,8,0.0,1,0,0,166357.86,0
15653236,623,France,Female,65,7,124162.58,3,0,1,46539.35,1
15663036,524,Spain,Male,27,4,161280.15,1,0,0,139541.37,0
15626600,511,France,Female,39,8,107186.71,2,1,1,73239.04,0
15786082,489,France,Male,28,8,121637.38,1,1,0,112130.08,1
15703853,850,Germany,Female,43,6,62633.8,1,1,0,4407.56,1
15579957,547,Germany,Male,32,1,95424.86,2,0,1,14509.3,0
15618339,762,Spain,Male,37,3,124507.28,2,1,1,155100.33,1
15574119,396,France,Female,35,0,106491.99,1,0,1,3431.95,0
15621159,707,France,Male,41,0,0.0,2,0,0,189384.94,0
15782967,814,France,Female,45,9,116072.89,1,1,0,5035.26,0
15705654,773,Germany,Female,38,1,101587.08,2,1,0,161148.59,1
15782349,764,France,Female,39,2,136035.21,1,1,0,28376.66,0
15591194,793,France,Female,31,9,0.0,2,1,0,171471.95,0
15676323,718,Spain,Male,50,0,0.0,3,1,0,183280.91,0
15808360,688,Germany,Female,32,8,166730.63,1,1,1,195255.29,1
15570414,734,Spain,Female,27,2,0.0,1,0,0,66252.9,0
15642782,649,Spain,Male,34,8,0.0,2,0,1,137122.97,0
15585503,663,France,Male,46,3,0.0,2,0,1,158073.29,1
15718003,698,France,Female,33,4,103597.95,1,1,0,103966.49,0
15752586,616,France,Male,33,1,0.0,2,1,0,151390.7,0
15735658,642,France,Male,33,9,56977.71,3,0,1,128203.76,0
15660097,675,Germany,Female,36,7,0.0,2,1,1,199564.21,0
15789687,828,Spain,Female,39,3,0.0,1,0,0,182352.5,0
15580704,612,Spain,Male,45,6,103481.67,2,1,1,29417.61,0
15661033,508,France,Male,31,8,0.0,1,1,1,137259.46,0
15617272,710,Spain,Male,30,4,0.0,1,1,1,38762.47,0
15653177,633,France,Male,52,9,101159.76,2,0,1,135215.19,0
15614288,689,Spain,Female,36,5,96522.87,1,1,1,158717.9,0
15614235,561,France,Female,28,9,114784.3,1,1,0,9986.48,0
15691971,724,Germany,Female,46,4,162180.95,2,1,1,78041.3,0
15781404,653,France,Male,39,7,0.0,2,1,1,197386.25,0
15675440,636,France,Male,36,2,110882.18,1,1,1,113588.63,1
15752152,503,Spain,Female,27,10,113520.19,1,1,1,81592.85,0
15755732,752,Spain,Male,49,1,0.0,1,1,0,100199.38,0
15721506,661,France,Female,32,4,142040.12,2,1,1,150379.59,0
15575246,684,Spain,Male,31,8,0.0,2,1,1,199736.0,0
15739079,794,France,Female,41,4,133822.52,1,0,0,104067.72,1
15772304,720,Germany,Female,43,0,167290.08,1,1,1,197660.26,0
15802032,756,France,Male,45,5,0.0,2,1,1,45508.58,0
15616849,709,France,Female,31,2,62866.01,1,1,0,74698.08,0
15638176,733,France,Female,37,2,0.0,2,0,0,108874.35,0
15784164,510,France,Female,37,4,0.0,2,0,1,187394.42,0
15706162,583,Germany,Female,52,0,87524.44,2,1,0,95043.31,1
15617157,739,France,Female,38,1,115908.92,2,1,0,18451.43,0
15652774,484,Spain,Female,26,10,0.0,2,1,0,123997.1,0
15571834,608,Spain,Male,32,5,120638.5,1,1,0,117420.52,0
15798627,616,Spain,Male,39,2,112399.04,2,1,0,161902.31,0
15588509,760,France,Male,23,9,0.0,2,0,0,27151.09,0
15572006,530,France,Female,40,10,96238.31,1,1,0,194417.14,0
15663926,701,France,Male,57,1,118175.56,2,1,1,129777.01,0
15662667,627,France,Male,37,5,0.0,2,1,0,71798.71,0
15639834,708,France,Male,29,9,0.0,2,0,0,184836.72,1
15654939,664,France,Female,41,8,92025.14,1,1,1,108095.47,0
15575155,681,Germany,Female,32,8,124599.51,2,1,1,79667.23,1
15682089,701,France,Male,27,3,0.0,1,0,0,132370.38,0
15694391,591,France,Male,31,4,0.0,2,1,1,152587.0,0
15625095,645,Spain,Male,28,6,96289.18,2,1,0,170152.15,0
15717473,798,Germany,Male,59,8,106162.27,1,1,1,176486.65,0
15660617,787,France,Male,52,9,0.0,2,0,1,109160.8,0
15658275,726,Spain,Male,32,4,118953.27,1,1,1,152539.11,0
15651948,517,Germany,Male,42,0,93773.05,1,0,1,3301.58,0
15680958,628,France,Male,31,9,121085.61,2,1,0,15646.57,0
15591711,590,Germany,Female,42,5,149729.52,2,1,0,97877.77,1
15640637,621,France,Female,40,9,71165.5,1,1,1,101456.14,0
15733571,538,Germany,Male,46,9,0.0,2,1,1,29320.49,0
15582725,595,Spain,Female,47,6,109771.21,2,1,0,91356.5,0
15751294,576,France,Female,50,0,154159.89,1,1,1,194797.03,1
15651487,726,Germany,Female,32,7,115060.84,2,1,1,96825.79,0
15692986,626,Spain,Female,38,2,0.0,2,1,0,176646.83,0
15725717,713,France,Male,31,6,0.0,2,0,0,195633.31,1
15651992,516,Spain,Male,48,3,156330.94,1,1,0,63038.78,1
15713469,508,France,Female,48,2,0.0,2,0,1,4049.18,1
15623439,636,Germany,Female,34,7,103441.5,1,0,0,190334.08,1
15671172,665,Germany,Male,43,2,171085.32,2,0,0,49943.57,0
15594758,606,France,Male,42,3,0.0,2,0,0,72671.06,1
15757468,605,Spain,Female,41,1,146027.28,2,1,1,11832.87,0
15782534,646,France,Female,23,7,131461.05,1,1,1,1160.83,1
15575601,599,France,Male,37,6,0.0,2,0,1,86729.28,0
15729417,775,Spain,Male,44,10,110930.27,1,1,1,82649.12,0
15584272,749,France,Female,35,2,159857.82,1,0,1,27539.62,0
15648866,432,Spain,Female,33,8,0.0,1,1,0,178923.09,0
15715414,609,Spain,Male,41,0,125800.49,2,1,0,64981.04,0
15764293,630,France,Male,48,10,115470.47,1,1,0,86211.02,1
15773464,734,France,Female,29,2,134297.28,1,1,1,71921.03,0
15610153,666,France,Female,29,3,140063.6,2,0,0,50819.24,0
15585486,815,Germany,Female,53,9,0.0,2,1,1,29639.24,1
15585540,693,France,Female,35,9,182169.06,1,0,0,2425.06,0
15732855,472,France,Female,32,10,0.0,1,1,0,7279.17,0
15792923,619,France,Male,39,9,0.0,2,1,0,46716.93,0
15794298,719,France,Female,40,0,83112.23,2,1,1,85630.6,0
15741011,676,France,Male,42,6,101015.95,1,1,1,188730.66,0
15699500,510,France,Female,35,6,0.0,2,0,0,133939.37,1
15809791,615,Spain,Male,37,9,113685.26,2,0,1,120549.96,0
15676524,417,France,Male,33,0,110712.64,1,0,1,127758.73,0
15596144,669,Spain,Male,56,6,0.0,1,0,0,63104.92,0
15800737,626,France,Male,37,2,104301.24,1,1,1,67947.24,0
15661094,601,France,Female,47,5,74180.31,1,1,1,18066.26,0
15692225,550,Spain,Female,34,1,0.0,2,1,0,188422.89,0
15636994,566,Germany,Female,26,0,0.0,2,1,0,81282.97,0
15629504,612,France,Male,24,4,0.0,1,0,1,111599.53,0
15589854,634,Germany,Male,44,6,162504.7,1,1,1,13148.42,0
15712053,596,France,Male,42,6,144894.87,1,1,1,68131.33,0
15633072,728,Spain,Male,46,2,135352.63,1,0,1,53165.18,0
15681460,619,France,Male,28,1,132625.63,1,0,1,23108.78,0
15664137,739,France,Female,37,9,94246.63,2,0,1,165396.46,0
15587418,613,Spain,Male,30,1,0.0,1,1,0,2877.16,0
15783515,767,France,Female,39,2,81938.57,1,0,0,4199.83,0
15612411,591,France,Male,33,6,125106.04,2,0,0,151307.65,0
15620290,718,Spain,Male,52,6,87607.23,2,1,1,175324.42,1
15775509,609,France,Female,38,6,123100.95,1,1,0,33115.95,0
15748574,601,Spain,Female,48,9,122639.1,1,1,0,107582.72,1
15647853,850,France,Male,43,7,121887.1,1,1,1,97951.76,0
15653574,711,France,Female,59,1,0.0,1,1,1,167507.78,0
15622407,687,France,Male,27,10,125900.46,1,1,1,191340.13,0
15675419,749,Spain,Male,47,8,0.0,2,1,1,85731.51,0
15798695,488,France,Male,54,1,101852.3,2,0,0,22302.68,0
15636721,495,France,Female,31,0,72248.69,1,1,1,116383.36,0
15587194,698,Germany,Male,27,1,0.0,1,1,0,69679.38,0
15578836,618,Germany,Male,52,0,90743.24,1,0,1,55791.02,0
15748696,687,France,Female,26,0,148907.19,1,0,1,171651.97,0
15765056,786,Spain,Male,57,10,130768.94,1,0,0,103361.48,1
15728463,593,Germany,Male,48,3,0.0,1,1,0,196399.06,0
15751315,662,France,Male,49,0,0.0,2,1,1,67408.16,0
15755066,562,Germany,Female,29,9,0.0,2,1,1,28897.32,0
15621348,702,Spain,Female,37,9,0.0,2,1,0,142223.67,0
15790154,650,France,Female,38,7,113493.92,2,1,0,176743.48,0
15620435,780,Germany,Male,33,4,131570.24,1,1,1,74434.91,0
15638068,850,Spain,Female,31,1,0.0,2,1,0,189153.27,1
15741261,350,France,Female,29,0,57919.2,1,1,0,102673.24,0
15750356,578,Germany,Female,31,6,0.0,1,0,0,141327.39,0
15705343,788,Germany,Male,31,10,128440.52,1,1,1,57354.02,1
15742435,651,Germany,Female,56,10,0.0,1,1,0,157002.54,1
15684645,744,France,Female,56,1,0.0,1,0,0,132188.11,0
15726407,727,Spain,Female,28,2,114446.07,2,0,1,59872.83,0
15785886,610,France,Female,54,9,125175.26,2,1,1,109764.8,0
15719641,782,France,Male,44,8,82281.3,2,0,0,157728.64,0
15579587,503,Germany,Female,32,5,180197.38,2,1,0,99378.47,1
15742919,552,France,Female,31,4,85119.89,1,1,1,95015.46,0
15707475,590,France,Female,42,8,0.0,4,1,0,121973.39,0
15754499,628,Spain,Male,31,10,131233.17,1,1,0,25808.62,0
15642064,513,Spain,Female,49,4,0.0,1,1,0,184619.66,0
15813577,694,Spain,Female,32,10,92123.93,1,0,0,167157.98,0
15679671,850,Germany,Male,55,1,34528.46,2,0,1,19779.29,0
15803324,850,Spain,Male,33,6,0.0,2,1,1,188466.59,1
15601486,578,Germany,Male,33,0,0.0,2,1,1,66978.58,0
15588692,599,Germany,Female,49,10,0.0,3,1,0,109826.01,1
15662714,683,Spain,Male,36,7,130925.63,2,1,0,53680.6,0
15785492,719,Germany,Female,34,10,83163.59,1,0,1,2920.12,0
15744056,650,Spain,Female,47,2,111181.2,1,1,0,160948.85,1
15669223,583,Germany,Male,40,9,119867.06,2,1,0,83927.39,1
15641881,760,France,Female,21,10,151307.96,1,1,1,199492.26,0
15776224,595,France,Male,51,2,130159.49,1,1,1,159402.9,1
15661838,479,France,Female,40,0,0.0,2,0,0,125535.89,0
15759677,753,France,Female,61,8,163867.55,1,1,0,182700.81,1
15799457,756,Spain,Female,48,1,142317.52,2,1,0,164293.51,0
15595073,779,Spain,Female,25,9,0.0,2,1,0,190767.82,0
15750943,570,France,Female,40,9,134407.14,2,1,1,142964.9,0
15729981,687,France,Male,41,7,100202.74,1,0,0,43675.54,0
15653763,788,Germany,Female,52,0,0.0,1,0,1,152681.25,1
15569406,711,Germany,Male,58,3,145548.97,1,1,1,198734.4,1
15812666,534,France,Male,31,8,157766.58,1,0,0,70454.79,0
15657962,578,France,Male,33,9,133554.55,1,0,0,146817.87,0
15693721,791,France,Female,31,5,55903.17,1,0,1,205.85,0
15796365,688,France,Male,33,1,150905.22,2,0,1,120909.93,0
15662529,543,France,Female,45,9,0.0,1,1,1,186352.47,0
15803684,633,France,Male,20,1,123730.13,1,1,0,149144.79,0
15768867,675,Germany,Female,36,8,176205.93,1,1,0,132277.56,0
15579968,837,France,Male,26,5,0.0,1,0,0,124042.27,0
15578639,482,Germany,Male,32,3,0.0,1,0,0,87200.64,1
15615822,493,France,Male,36,3,174651.27,1,0,1,105277.08,0
15753858,714,France,Female,35,4,100245.4,1,0,1,89696.73,0
15811488,414,France,Female,39,2,144543.19,1,1,1,139003.89,0
15636725,726,Germany,Female,36,8,133399.84,2,0,0,171437.52,0
15675091,461,France,Male,30,1,163128.09,3,1,0,127372.21,0
15645116,397,France,Male,43,9,113741.91,2,1,0,115293.74,0
15677201,603,France,Male,38,3,148460.77,1,1,0,74284.31,0
15588558,627,Germany,Male,39,1,125124.26,2,0,1,26464.78,0
15609146,511,France,Male,36,8,93619.96,1,0,0,134892.64,1
15610001,676,France,Male,38,7,97381.07,1,0,1,119407.03,0
15774874,683,France,Female,22,6,125549.73,1,1,1,163729.44,0
15678360,541,Spain,Male,61,9,150076.04,2,0,0,86314.85,0
15734554,681,France,Female,37,10,0.0,1,1,1,61562.97,0
15802219,654,Germany,Male,47,5,184156.05,1,1,0,180903.79,1
15600359,700,France,Male,24,0,77611.58,2,1,1,126289.41,0
15705418,559,France,Female,40,8,89164.32,1,0,0,68926.65,1
15598126,682,Spain,Female,44,9,0.0,1,1,0,11807.47,0
15766137,725,France,Male,37,7,0.0,2,0,0,30429.23,0
15610169,688,Spain,Female,51,10,134536.68,1,1,0,38423.58,0
15644555,531,France,Male,46,1,137582.07,1,1,0,191484.11,0
15623173,708,Spain,Male,38,10,115921.91,2,0,1,125873.69,0
15675362,743,France,Female,42,0,0.0,1,1,1,166314.1,0
15713137,601,France,Male,54,7,0.0,1,0,0,61253.56,0
15812235,595,Germany,Male,37,8,98328.23,2,1,0,31857.0,0
15711020,684,Germany,Female,29,1,0.0,1,1,0,67512.02,1
15623425,635,Spain,Male,36,4,129499.53,1,1,1,113897.21,0
15597082,636,Germany,Female,60,7,128581.81,2,0,1,135514.54,1
15779774,790,France,Female,35,3,160718.27,2,1,0,12992.24,0
15738824,551,France,Female,56,0,134747.86,1,1,0,112711.35,0
15633266,630,France,Male,36,1,104030.56,2,1,1,132578.06,0
15719276,813,France,Male,37,9,178151.26,1,1,0,117726.12,0
15625418,736,France,Female,39,1,132882.84,2,1,1,50824.4,0
15610870,502,Germany,Female,42,10,147288.31,2,1,0,178620.67,0
15645874,754,Germany,Male,44,0,140890.65,2,0,1,176517.11,0
15684121,754,France,Female,37,1,0.0,2,1,0,19821.22,0
15653772,660,France,Female,36,10,138040.2,1,1,0,26557.33,0
15567224,587,France,Female,59,3,120231.26,1,1,0,155665.46,0
15676076,652,Germany,Male,43,7,163967.21,1,0,0,171224.84,0
15615461,695,France,Female,28,5,142440.12,1,1,0,48513.82,0
15689476,696,France,Male,32,6,117323.07,1,1,1,194502.59,0
15695808,710,France,Male,36,3,168470.43,2,0,1,52884.49,0
15609171,522,Germany,Female,41,6,0.0,2,0,0,63111.28,1
15697308,590,Germany,Female,41,5,0.0,1,0,0,82460.46,1
15756195,717,Germany,Female,34,7,140446.17,2,1,1,118651.79,0
15766987,539,France,Male,26,1,112128.91,1,1,0,110870.29,0
15743904,708,France,Male,38,4,126561.16,1,0,0,176515.99,0
15761985,850,Spain,Male,40,8,74905.88,2,1,0,186452.31,1
15707708,676,France,Male,44,0,0.0,1,0,0,60265.68,1
15749352,646,France,Male,44,3,147811.96,1,1,1,144479.37,0
15791783,696,France,Male,43,2,107132.01,1,1,0,184109.85,0
15695512,669,France,Female,41,0,0.0,3,1,1,57311.7,0
15673126,706,Spain,Female,38,4,125776.87,1,1,1,50006.86,1
15596971,678,Germany,Male,33,5,0.0,1,0,1,4007.09,0
15745349,846,Spain,Female,36,4,0.0,1,1,0,73509.63,0
15706186,597,Spain,Male,40,7,121528.06,2,1,0,192412.81,0
15805102,534,Germany,Male,37,6,109443.9,2,0,1,31313.25,0
15636017,850,France,Male,54,6,54947.48,2,1,0,115201.07,0
15688915,587,Germany,Female,42,3,103409.39,2,0,1,73424.89,1
15643820,422,Germany,Male,23,1,103870.37,2,1,0,18471.57,1
15643479,710,Germany,Male,30,2,94682.95,3,1,0,33105.06,0
15680465,796,France,Male,44,9,145069.1,2,1,0,79131.84,0
15639811,610,Spain,Male,40,9,0.0,1,1,1,156714.13,0
15633304,701,France,Male,40,2,148166.75,2,1,0,124581.01,0
15632552,747,Spain,Male,52,0,0.0,1,1,1,50786.63,0
15798743,516,France,Male,42,5,126302.4,1,0,1,167810.43,0
15771665,653,Germany,Female,30,1,154941.08,1,1,0,139848.65,0
15634444,698,Germany,Male,35,7,154641.87,2,0,0,193384.23,1
15772901,603,Spain,Male,45,0,0.0,1,1,1,63659.76,0
15761862,615,France,Male,32,8,0.0,2,0,0,32706.92,0
15603379,704,France,Female,47,6,0.0,1,1,0,117943.29,0
15635094,713,France,Male,32,2,0.0,1,1,0,159212.79,0
15644617,814,Germany,Female,55,10,150170.53,1,1,1,28895.06,1
15628062,556,Germany,Male,38,5,180664.32,1,1,0,175895.52,1
15612512,500,Spain,Male,50,6,127146.72,1,1,0,93699.45,0
15784591,827,France,Male,30,10,74748.15,2,1,1,106000.99,0
15734233,618,France,Male,32,9,83927.17,2,1,1,53396.33,1
15650927,694,France,Female,61,4,0.0,2,0,0,43721.04,0
15763600,850,Germany,Male,42,0,0.0,1,0,0,61671.43,0
15643822,713,Spain,Male,34,2,111625.74,1,1,1,121886.9,0
15610933,797,France,Male,36,9,106777.26,1,1,1,31869.73,0
15616342,656,France,Male,42,6,147445.59,1,1,0,130646.15,1
15569256,714,Germany,Female,31,2,0.0,1,0,0,172374.83,0
15806994,621,Germany,Female,41,1,0.0,2,1,0,169040.52,0
15590002,734,France,Male,24,1,97188.15,2,1,1,97351.36,0
15808766,691,France,Male,33,8,156380.85,1,1,0,191460.06,1
15684317,651,France,Female,37,7,89898.73,1,1,1,62613.74,1
15732806,727,Spain,Female,35,1,88679.94,1,1,1,157789.64,0
15766492,841,France,Female,37,3,134512.69,2,1,0,80330.51,1
15615380,619,Spain,Female,50,4,136067.18,1,1,0,75362.57,1
15630799,444,Germany,Male,43,5,181761.44,1,0,0,36229.36,1
15765728,528,France,Male,27,9,0.0,2,0,1,118414.5,0
15569269,788,France,Male,38,6,95281.16,1,0,1,125325.84,0
15788275,663,Spain,Male,41,2,138023.7,1,0,1,75296.95,0
15772076,610,France,Female,26,7,0.0,2,0,0,131273.93,0
15777650,708,Germany,Female,55,4,0.0,1,1,0,146634.71,1
15590760,822,France,Female,32,6,0.0,1,0,1,41337.81,0
15703654,745,Germany,Male,30,7,0.0,2,1,1,15771.8,0
15632678,376,Germany,Female,29,3,0.0,2,1,1,105423.34,0
15656651,826,France,Male,30,4,0.0,1,1,1,20490.02,0
15727046,534,France,Male,37,9,116996.57,2,0,1,10821.41,0
15567974,655,France,Male,30,2,106036.06,2,0,0,39047.64,0
15650787,583,France,Female,49,10,131901.28,3,1,1,93520.81,0
15737763,492,Germany,Female,38,6,0.0,2,1,1,698.48,0
15788859,679,France,Male,57,2,125411.64,2,1,0,55605.98,0
15579562,647,France,Female,30,1,88122.45,1,0,1,43124.01,0
15703325,452,Spain,Female,23,6,123687.46,1,1,0,59438.65,0
15782992,673,France,Female,39,5,0.0,2,1,1,39714.44,0
15798603,738,France,Male,32,1,151348.94,2,0,1,162929.45,0
15688636,610,France,Female,28,0,0.0,1,0,0,138008.24,0
15780830,755,France,Female,30,6,110981.85,2,0,1,161695.79,0
15749363,671,Spain,Male,34,4,0.0,1,0,1,106692.45,0
15634390,629,Germany,Female,52,7,0.0,2,1,0,13190.48,1
15637199,636,France,Male,34,0,0.0,1,1,0,108235.73,0
15789264,617,Spain,Female,36,6,88362.4,1,0,0,138942.52,0
15622399,650,France,Female,29,4,0.0,2,1,1,166783.92,0
15704214,605,France,Male,31,10,134033.91,2,1,0,33594.37,0
15667925,721,Spain,Male,26,3,104440.77,1,1,1,148544.01,0
15595080,588,France,Male,46,4,141388.45,2,1,1,7191.36,0
15686055,667,France,Female,28,9,0.0,2,1,0,167086.66,0
15701588,611,Germany,Male,37,0,144140.53,2,0,1,45067.56,0
15662846,557,France,Male,37,5,84720.3,1,0,0,181007.26,0
15691569,623,France,Female,40,7,65709.94,2,1,1,129841.92,0
15752247,792,France,Female,44,10,109282.99,2,1,1,152399.91,0
15742611,618,Spain,Male,37,1,138937.02,1,0,1,82250.31,0
15705712,651,France,Male,29,8,175798.86,2,1,1,113146.79,0
15764776,802,Spain,Female,25,6,130999.04,1,0,1,152566.49,0
15811468,707,Germany,Female,57,8,0.0,1,0,0,64398.82,1
15638716,566,Spain,Male,25,3,0.0,1,0,0,970.87,1
15729782,606,Germany,Female,31,3,96109.04,1,0,1,196965.44,0
15630014,783,Spain,Female,39,7,111965.66,1,1,0,77600.39,0
15794656,691,France,Male,48,8,153034.85,1,1,0,24901.01,1
15637251,656,Spain,Female,46,2,0.0,1,1,1,1240.45,0
15574782,641,France,Male,41,2,122377.26,2,0,0,61324.05,0
15775806,799,France,Female,26,9,0.0,2,1,1,128817.17,0
15600856,670,Germany,Male,40,3,134897.15,1,1,1,122690.73,0
15793625,729,France,Female,33,5,0.0,1,1,1,144312.79,1
15590310,624,Spain,Female,33,0,0.0,1,1,0,12920.99,0
15742134,731,Spain,Male,32,1,122720.23,1,1,1,134381.62,0
15796831,615,France,Female,32,8,120144.63,2,1,0,160935.18,0
15627251,850,Spain,Female,33,3,135108.6,2,1,0,46713.9,0
15790383,688,France,Female,58,8,0.0,2,1,1,88160.5,0
15743244,622,France,Male,35,10,124841.61,1,0,1,162623.01,0
15782034,651,Spain,Male,25,0,0.0,2,1,0,169664.37,0
15584747,611,France,Male,35,9,110224.22,3,0,0,136446.16,0
15712471,490,France,Male,32,9,98327.29,1,0,0,117128.62,0
15588981,569,Germany,Female,28,7,94418.6,2,1,1,176058.5,0
15762725,617,France,Male,28,10,0.0,1,0,1,133285.83,0
15579410,742,France,Female,58,0,0.0,1,1,0,45950.88,0
15663454,834,Spain,Female,47,8,95676.98,2,0,1,84737.12,1
15785745,618,France,Female,34,8,0.0,2,1,1,165440.44,0
15616666,850,Germany,Male,26,5,115609.07,1,1,0,199709.37,0
15738198,668,Spain,Male,28,8,92711.78,2,1,0,107122.88,0
15716990,706,Germany,Male,34,1,0.0,2,1,1,86184.13,0
15683183,646,Germany,Male,34,10,152973.71,1,1,1,16660.68,1
15756548,602,Germany,Male,33,9,102334.6,1,1,0,90079.87,1
15724389,752,France,Male,36,5,86240.12,2,1,0,105464.01,1
15607097,603,Germany,Male,37,5,159710.66,2,0,1,136245.38,0
15637127,733,Spain,Male,28,1,74953.18,1,1,1,148866.49,0
15669222,484,Spain,Male,37,4,0.0,1,0,0,83295.07,0
15645858,676,France,Female,26,4,113334.16,2,1,1,185949.15,0
15709713,650,France,Female,33,8,0.0,2,1,0,149593.76,0
15724063,773,France,Female,26,6,138861.32,1,0,0,110030.99,0
15686925,607,Germany,Male,48,5,101558.13,2,0,0,22996.21,1
15624092,734,Spain,Female,59,5,134833.03,2,0,0,188232.25,1
15668886,850,Spain,Male,43,7,97211.19,2,1,1,111092.23,0
15759770,642,France,Female,39,1,124304.66,2,1,0,103122.12,0
15802819,774,Spain,Female,47,7,108303.9,1,0,0,84845.87,0
15718763,547,Spain,Male,35,10,70249.25,1,1,1,122996.65,0
15595888,817,France,Female,32,5,109254.89,2,1,0,163372.91,0
15691420,525,Spain,Male,39,7,0.0,2,1,1,159048.33,0
15806428,769,France,Female,34,0,71633.93,2,0,0,183185.16,1
15801668,611,France,Male,25,5,90194.17,1,1,1,110429.85,0
15797361,667,Spain,Male,31,0,0.0,1,1,0,139342.56,0
15694007,679,France,Female,30,10,0.0,2,1,0,62613.44,0
15661599,684,France,Male,39,6,0.0,2,1,1,113662.54,0
15602651,707,France,Male,48,8,71348.67,1,1,0,152005.38,1
15698166,599,Germany,Female,51,8,0.0,2,1,1,92082.5,0
15620252,777,Spain,Female,29,4,138105.77,2,0,0,108057.02,0
15648247,478,France,Male,54,4,152811.88,1,0,1,117064.16,0
15685485,603,France,Male,47,7,190805.74,2,1,0,105861.12,1
15586295,763,France,Female,47,1,0.0,2,0,0,98914.85,0
15786134,685,Germany,Male,42,6,88643.0,1,0,0,176692.25,0
15605702,582,France,Female,30,0,0.0,2,1,0,29514.16,0
15688747,806,Germany,Male,60,10,0.0,1,0,1,91714.05,1
15777894,556,France,Female,41,10,0.0,1,1,1,122954.69,0
15637452,575,Germany,Female,50,5,0.0,1,1,0,31416.47,1
15684999,584,Germany,Male,37,10,135252.6,1,1,1,139485.31,0
15684847,651,Germany,Male,34,8,144926.1,2,1,0,39836.8,1
15706513,667,Spain,Female,48,7,154896.01,1,1,0,147818.58,0
15615641,462,France,Female,31,1,119202.9,2,0,1,195321.98,0
15794692,595,Spain,Male,47,6,0.0,1,1,0,6705.79,0
15772913,690,Spain,Female,39,0,145059.11,2,0,1,144412.63,0
15582922,763,Germany,Male,38,8,0.0,2,0,1,78244.3,1
15652091,551,France,Male,28,0,83697.81,3,1,1,34523.63,0
15744251,762,France,Male,48,4,102261.68,1,0,1,102083.85,0
15592107,503,Spain,Female,21,2,0.0,1,1,0,51034.16,0
15604439,680,Germany,Female,33,7,127840.5,2,1,0,34832.57,0
15628975,625,Germany,Male,30,3,151071.0,2,0,1,30219.63,0
15811509,659,Germany,Male,37,2,74238.29,1,1,0,18014.22,1
15677670,676,France,Male,44,2,123338.8,1,1,1,32402.93,0
15698932,779,Germany,Female,31,0,0.0,1,1,1,114660.59,0
15590112,742,Spain,Male,28,10,0.0,2,1,1,199894.6,0
15798344,599,Spain,Male,61,6,0.0,2,0,0,26366.57,1
15802606,754,Spain,Male,47,9,172586.13,1,0,0,139738.34,1
15596188,747,Spain,Male,32,1,97550.18,2,1,0,17390.24,0
15776315,661,Spain,Male,46,9,108257.07,2,1,1,88737.8,0
15769319,488,Spain,Male,45,10,136496.95,3,1,1,189324.12,0
15725409,646,France,Male,47,2,110950.08,2,0,0,79203.8,1
15677310,574,Germany,Male,33,2,0.0,1,1,1,164618.85,1
15649714,781,Germany,Male,47,4,127476.0,2,1,1,105687.78,1
15656364,700,France,Male,30,5,155142.55,1,1,1,167516.64,0
15619586,810,Spain,Male,72,0,0.0,2,0,1,187235.09,1
15566134,613,Germany,Male,34,4,103238.82,2,0,1,62599.3,0
15577153,634,Spain,Female,37,3,74478.17,2,1,1,93814.47,0
15619004,775,France,Female,39,6,100380.24,1,0,1,5025.1,0
15657054,712,France,Male,31,10,118529.14,2,1,1,116310.95,0
15730604,776,France,Female,39,10,0.0,4,0,1,174055.54,0
15583454,626,Germany,Male,37,3,0.0,2,1,1,47429.2,0
15696588,825,France,Male,40,5,112045.76,1,1,1,117058.16,0
15637387,841,Spain,Male,51,1,0.0,1,1,1,106369.31,0
15782834,594,France,Female,41,1,0.0,1,1,1,56157.81,0
15706784,665,France,Female,37,1,0.0,1,1,1,94233.51,0
15584834,806,France,Male,36,10,144873.14,1,1,1,182890.63,0
15622964,681,Germany,Male,42,9,147044.71,2,1,1,147294.11,0
15673624,684,France,Male,34,10,0.0,2,0,1,97756.24,0
15765954,850,Spain,Male,32,2,99781.22,2,1,0,140432.57,0
15606734,504,France,Female,42,1,86625.18,2,1,0,185560.81,0
15715784,564,France,Female,37,8,103717.38,1,0,1,89167.39,0
15814974,742,France,Male,52,2,0.0,1,0,0,36788.54,0
15744936,614,France,Female,25,2,88938.06,2,1,1,88480.43,0
15690238,652,Spain,Male,65,5,91224.38,2,0,0,176234.3,1
15602740,509,France,Female,35,7,0.0,2,0,1,185938.36,0
15641089,789,Spain,Female,31,3,162913.26,1,1,0,55105.79,0
15627060,611,Germany,Female,42,8,108290.05,2,1,1,174309.74,0
15794718,672,France,Male,45,6,121080.1,2,1,1,156883.36,0
15583011,831,Germany,Male,25,2,150864.93,1,1,0,8557.89,1
15750684,383,Germany,Female,29,3,96557.41,2,1,0,83407.56,1
15753337,505,Spain,Male,59,2,0.0,2,1,1,168595.47,1
15643475,562,Germany,Female,50,9,0.0,1,1,0,83404.67,0
15645576,558,Germany,Female,37,7,0.0,1,1,0,55972.05,1
15766482,687,Germany,Male,23,10,0.0,2,1,0,153518.37,0
15571770,606,Germany,Male,42,10,88216.24,2,1,0,92563.84,1
15734819,629,France,Female,31,7,128721.54,1,1,0,102676.52,0
15671306,645,France,Female,35,9,91388.86,1,1,0,93993.69,1
15602007,850,Germany,Male,27,6,137986.07,1,0,0,95079.67,0
15750275,850,Germany,Male,42,9,0.0,2,1,0,188086.62,0
15719627,644,France,Male,37,5,87069.26,1,1,1,190752.98,0
15663761,732,France,Female,43,8,90345.94,2,1,1,12009.42,0
15590289,671,France,Male,44,3,0.0,1,0,1,50447.87,0
15683833,678,Spain,Female,37,1,120057.39,1,1,1,93328.98,0
15765438,679,Spain,Female,50,7,0.0,2,0,0,5799.4,1
15747020,640,Spain,Female,28,9,66877.62,2,1,0,24335.36,0
15621073,642,France,Female,33,10,0.0,1,1,1,98220.04,0
15721073,636,France,Male,40,9,0.0,2,0,0,25779.34,0
15639310,693,Spain,Male,29,10,143887.29,2,1,1,41598.34,0
15726548,634,Spain,Male,50,1,100084.15,2,1,0,3843.6,0
15814202,681,Spain,Male,44,2,0.0,1,1,1,35173.08,0
15772181,779,Germany,Female,49,9,57504.03,1,1,0,47880.44,1
15571368,582,Germany,Female,48,9,0.0,2,1,1,44468.54,0
15565736,758,France,Male,37,7,0.0,1,1,0,54257.86,0
15595592,389,Spain,Male,42,3,164211.63,1,1,0,69519.92,0
15626219,371,Spain,Female,41,7,123568.05,2,1,0,2903.45,1
15780659,527,Spain,Male,56,9,0.0,1,0,0,108445.57,0
15625668,594,France,Female,34,6,88963.51,2,1,0,192962.54,0
15577436,598,France,Male,33,7,114357.64,1,0,1,134668.88,0
15604033,738,Spain,Female,61,3,76335.17,2,0,1,16162.1,1
15748363,794,Spain,Female,33,7,0.0,1,0,1,15661.23,0
15735212,651,Spain,Male,31,8,0.0,2,1,1,38152.31,0
15794971,704,Spain,Male,36,2,0.0,2,0,0,154238.02,0
15719426,706,Germany,Male,41,9,96419.0,1,1,1,39267.02,0
15791403,663,France,Female,35,10,0.0,2,1,1,57230.45,0
15778488,528,France,Female,51,8,105632.25,2,0,0,159917.16,1
15589232,668,France,Male,32,0,126542.38,1,1,1,99971.8,0
15659411,675,Germany,Female,34,10,102178.31,1,1,0,21405.9,0
15601120,694,Germany,Male,25,5,121919.13,1,0,1,162944.11,0
15592201,581,Spain,Male,36,2,107271.45,2,0,0,53780.11,1
15705997,610,France,Male,56,3,0.0,1,1,0,143943.91,1
15789886,610,France,Male,42,0,0.0,1,0,0,22587.32,1
15786077,537,France,Female,36,8,156896.31,1,1,1,111956.28,1
15720577,523,France,Female,42,10,82213.42,1,0,1,30919.11,0
15590812,620,Germany,Male,31,9,67514.21,1,0,1,135262.17,1
15714832,533,France,Male,43,8,0.0,2,1,1,72145.14,0
15590336,627,Spain,Female,24,7,0.0,1,1,1,89466.89,0
15764264,698,France,Male,43,0,81137.85,1,0,1,26694.93,0
15698219,653,Germany,Male,37,3,0.0,2,1,1,168303.98,0
15703247,850,France,Male,38,4,116291.62,1,1,1,96378.52,0
15592079,529,Spain,Male,47,7,0.0,1,1,0,140169.31,0
15761138,672,Germany,Male,36,5,163770.04,1,1,0,76985.4,0
15799571,694,France,Female,43,10,112974.83,2,1,1,85143.48,0
15623769,628,France,Male,42,2,154750.75,1,1,1,138796.1,1
15717026,520,France,Male,45,7,125339.29,1,1,1,174143.65,0
15699850,620,Germany,Female,32,9,0.0,1,1,1,75768.25,0
15628732,729,France,Female,39,2,129268.36,2,1,0,128708.46,0
15782776,738,France,Male,42,3,155337.16,1,1,0,27016.78,1
15770110,615,Germany,Male,48,1,104560.09,2,1,1,36572.68,1
15657273,850,France,Female,34,6,0.0,2,1,0,146418.66,0
15633549,650,France,Male,44,6,0.0,2,0,1,65615.77,1
15745137,527,France,Female,36,10,61331.15,2,0,0,2786.71,0
15617721,719,France,Male,32,0,0.0,1,1,1,47148.43,0
15651430,561,France,Male,36,4,0.0,2,1,0,25626.63,0
15565793,644,Germany,Female,31,10,110404.68,2,1,0,3522.62,1
15629044,508,Spain,Female,39,3,111790.23,1,1,0,46512.89,0
15752641,423,France,Female,42,4,169868.54,1,0,1,164065.97,0
15747182,691,Spain,Male,44,0,0.0,1,1,1,99154.73,0
15807091,601,France,Male,33,1,0.0,1,0,1,131513.44,0
15616759,623,Germany,Male,45,6,0.0,1,1,0,47168.34,0
15588042,578,France,Male,48,7,0.0,1,1,1,85375.32,0
15803301,746,France,Female,36,0,68728.2,1,1,0,101402.42,0
15713064,742,Germany,Female,42,1,0.0,1,0,1,15278.48,0
15801368,757,Spain,Male,38,5,93329.4,3,1,0,60211.92,0
15680929,684,Spain,Female,25,7,119649.01,2,1,1,63932.17,0
15774215,722,Germany,Male,35,3,141119.67,1,0,0,191223.04,0
15657767,685,France,Male,46,8,180124.0,2,1,1,150024.02,0
15713671,666,France,Male,53,5,137136.08,1,0,1,122604.02,0
15634002,539,Germany,Male,48,5,0.0,1,1,1,117305.33,1
15568258,561,Germany,Male,34,9,127748.96,1,1,1,166300.18,0
15660623,785,France,Male,39,3,0.0,2,1,0,14076.4,1
15745351,754,France,Male,47,8,0.0,2,1,1,17561.45,0
15698938,573,Spain,Female,33,4,0.0,2,1,1,26732.98,0
15662688,653,Germany,Female,48,3,0.0,1,1,1,68840.52,1
15648610,641,Spain,Male,46,4,124694.22,1,1,1,139113.68,0
15592955,850,France,Female,38,0,0.0,1,1,0,85745.73,0
15651067,727,Spain,Male,42,5,111773.91,1,1,0,197556.14,0
15616996,558,France,Female,46,4,130709.9,2,1,1,50294.52,0
15608396,760,France,Female,31,4,0.0,1,0,1,24471.55,0
15700527,770,Germany,Male,34,3,0.0,1,1,1,43195.02,0
15581787,493,France,Female,42,4,0.0,2,0,1,12438.21,0
15683110,693,France,Male,39,9,0.0,2,1,0,186967.79,0
15798870,643,France,Male,32,6,62527.99,1,0,0,166419.24,0
15609678,655,Spain,Male,47,6,0.0,2,1,1,129162.66,0
15674224,672,France,Female,28,7,0.0,1,0,0,148127.33,0
15688529,576,France,Male,28,10,149527.73,1,0,1,44105.54,0
15621092,491,Spain,Female,42,3,0.0,2,1,0,108600.46,1
15624718,738,Spain,Female,42,0,0.0,2,1,0,140617.14,1
15797469,640,Germany,Female,48,1,0.0,1,1,0,38848.36,0
15704696,540,France,Female,32,1,0.0,1,1,0,136668.19,0
15663518,787,Germany,Male,32,7,109314.88,1,1,0,37369.25,0
15659047,663,Spain,Male,38,9,134912.15,2,1,1,157072.31,0
15595777,726,France,Female,30,1,132925.25,2,0,0,153916.15,0
15612310,771,France,Male,48,7,93404.38,2,0,1,40972.53,1
15598096,850,France,Female,43,0,0.0,1,1,0,84654.79,1
15659828,685,Spain,Male,40,0,136519.18,2,1,0,15998.14,1
15760915,697,France,Female,39,10,0.0,2,0,0,83761.55,0
15629102,641,France,Male,46,10,119026.6,2,0,0,19962.22,0
15711414,552,Spain,Female,36,2,0.0,1,1,1,131387.48,0
15757265,591,France,Male,38,10,0.0,2,1,0,192532.27,0
15689820,501,France,Female,32,3,0.0,1,0,1,10083.43,0
15593129,581,Germany,Male,31,5,130994.05,2,1,0,24349.59,1
15601937,850,Spain,Male,46,8,68801.85,1,0,1,145278.77,0
15648350,545,Germany,Male,33,0,0.0,1,0,0,55234.91,0
15614612,638,France,Female,44,8,0.0,2,1,1,14833.22,0
15639242,650,Germany,Female,35,4,0.0,2,1,1,21519.09,0
15636118,776,France,Male,40,7,159694.02,2,1,0,165610.3,1
15701585,720,Germany,Female,38,2,0.0,1,1,1,140214.94,0
15779861,641,France,Male,32,5,128096.67,1,1,1,184524.77,0
15659848,546,France,Male,30,7,131935.01,2,0,0,133616.12,0
15653570,664,France,Female,24,3,0.0,1,1,0,174046.9,1
15690146,729,Germany,Female,32,10,0.0,1,1,0,173522.87,1
15776397,684,France,Female,41,0,89173.13,1,1,1,144480.44,0
15677204,722,France,Male,30,2,114738.21,1,1,1,124476.61,0
15641125,569,Spain,Female,48,10,82771.51,2,0,1,42560.21,0
15804108,670,France,Female,31,1,0.0,1,1,0,53328.16,0
15796366,622,Spain,Male,43,5,0.0,2,0,0,75338.54,0
15763643,561,Spain,Male,30,8,129021.9,1,1,0,52544.93,0
15650517,684,Germany,Male,27,2,0.0,2,1,1,105402.79,0
15790891,690,France,Female,37,4,163875.54,2,1,1,80819.19,0
15695708,629,France,Male,41,5,0.0,2,0,0,39271.64,1
15739504,605,Spain,Male,37,8,118974.99,2,1,0,130310.56,1
15644953,452,France,Male,39,4,0.0,1,1,1,111813.95,0
15636104,661,Spain,Female,49,7,160845.49,1,1,0,158053.08,0
15609949,486,France,Female,50,2,0.0,2,1,0,18194.42,1
15763566,697,Spain,Female,28,5,141182.81,2,0,0,102381.58,0
15656306,571,France,Female,46,4,0.0,2,1,0,3277.45,0
15761799,736,Spain,Male,47,2,0.0,2,1,1,39085.89,0
15589398,676,France,Male,32,4,0.0,2,0,1,175782.84,0
15599300,585,Spain,Male,47,1,0.0,2,0,1,88317.32,0
15699615,581,France,Male,34,1,0.0,1,0,0,186235.16,1
15622435,492,Spain,Male,46,8,116863.62,2,0,0,167222.26,1
15772167,675,Spain,Female,50,10,110629.13,2,1,1,142226.6,1
15620987,850,France,Male,59,8,0.0,1,1,0,94919.03,1
15694529,733,Spain,Male,22,9,164061.49,1,0,1,44797.48,0
15744800,691,France,Male,32,7,103004.24,2,1,1,106149.48,0
15577546,575,France,Male,37,10,101924.49,1,1,0,187715.11,1
15782702,436,France,Female,47,6,83416.58,2,0,1,19401.51,0
15632435,672,Spain,Female,46,2,87109.84,1,1,1,134463.27,1
15704215,709,Germany,Male,69,0,66925.06,2,1,1,26665.01,0
15759611,521,France,Female,50,10,149085.79,2,0,1,17183.3,0
15576395,690,Spain,Male,35,2,0.0,1,1,0,143973.36,0
15804761,666,Germany,Male,35,0,0.0,2,1,1,134359.68,0
15697444,686,France,Female,28,6,94741.68,1,1,1,155189.53,0
15705923,740,Spain,Female,52,2,143937.3,2,0,0,68758.85,1
15733007,508,Germany,Male,30,4,0.0,1,1,1,64510.01,0
15738887,598,Spain,Male,37,3,133870.67,1,1,1,34610.5,0
15766938,560,France,Female,41,10,118982.95,1,1,0,127762.62,0
15629270,591,Germany,Male,31,3,0.0,1,1,1,118900.08,0
15645376,518,France,Male,26,8,0.0,1,1,0,73748.16,0
15612464,657,Germany,Female,42,2,129842.08,1,0,1,37114.17,0
15572535,472,France,Male,24,6,176186.86,2,1,1,141483.37,0
15669742,686,Germany,Male,28,10,0.0,2,1,0,175229.89,0
15755642,684,France,Female,31,7,97048.83,2,1,1,8343.91,0
15684407,731,Germany,Female,68,3,124472.92,2,1,0,77862.13,1
15735055,626,France,Male,36,4,0.0,2,1,1,140441.76,0
15695804,650,Germany,Male,49,10,85567.59,2,0,0,137226.32,1
15709477,785,France,Female,34,7,0.0,1,0,1,23809.17,0
15718618,734,France,Female,35,9,0.0,2,0,0,176824.52,0
15712090,641,France,Male,39,10,0.0,1,1,1,116127.58,1
15692515,512,Germany,Female,37,6,0.0,2,1,1,50822.88,1
15724130,840,Spain,Female,48,5,0.0,1,1,0,191278.78,0
15658669,691,Germany,Female,33,1,0.0,1,1,1,35372.57,0
15593028,552,France,Male,58,5,0.0,1,1,0,48958.05,1
15757842,523,Spain,Female,35,0,69800.93,2,1,1,91086.29,0
15714950,455,Spain,Male,37,10,124024.73,1,1,1,87873.43,0
15713203,560,France,Female,38,3,126608.29,3,1,0,88446.83,0
15582537,718,France,Female,48,7,0.0,2,0,1,89303.06,1
15603851,606,France,Male,71,1,115054.81,1,1,0,121017.76,1
15700859,693,Spain,Male,35,4,0.0,2,0,1,23217.21,0
15806259,755,France,Male,44,0,0.0,2,1,1,141823.32,0
15786493,663,France,Male,33,9,158546.99,2,1,1,141583.62,0
15780967,753,France,Female,38,8,108955.53,4,1,1,83106.07,0
15790346,599,Spain,Female,47,2,174664.26,1,0,1,27608.56,0
15710705,702,France,Female,67,3,108908.93,1,0,0,119855.44,1
15579066,770,Germany,Male,46,5,102037.72,2,1,0,67162.36,0
15760524,680,France,Male,32,10,137694.98,2,1,0,138753.59,0
15797470,836,Germany,Male,36,8,93079.03,2,1,0,95584.06,0
15629709,730,France,Male,50,4,109164.44,1,1,1,191299.34,0
15757440,505,France,Male,61,10,149517.36,2,1,1,49157.08,0
15791071,499,France,Female,31,3,0.0,1,1,0,103171.54,0
15609051,582,France,Male,52,6,0.0,2,0,0,66159.66,1
15680120,688,Germany,Female,38,10,0.0,1,0,0,184642.49,1
15746383,775,France,Male,22,4,124157.77,1,0,0,69537.02,0
15589785,558,France,Male,32,8,118510.13,1,1,1,116193.28,0
15670254,466,Spain,Male,51,6,103500.4,2,1,0,47882.6,1
15762837,660,Germany,Male,41,2,143525.96,2,1,0,83141.22,0
15600409,639,France,Female,30,0,137545.23,1,1,1,147470.85,0
15613553,536,France,Male,34,4,141744.61,2,1,1,73712.11,0
15604783,721,France,Male,38,7,169829.19,2,1,1,193880.81,0
15715622,761,Germany,Female,39,7,69687.94,3,0,1,357.8,0
15595022,640,France,Female,40,3,136497.0,2,0,0,74590.48,0
15635217,775,Spain,Male,31,2,92713.82,1,0,0,164771.64,0
15795557,395,France,Male,30,3,0.0,1,0,0,128286.91,0
15679825,552,France,Female,43,7,144733.62,1,1,1,105390.13,0
15659732,649,France,Female,34,4,148301.73,1,1,0,139779.22,0
15666547,717,France,Female,37,8,116026.01,1,0,0,50575.0,0
15592737,712,France,Male,49,6,0.0,1,1,1,95537.72,0
15587166,775,Germany,Male,40,8,0.0,1,0,0,96523.5,0
15571478,671,Spain,Female,36,9,162602.85,2,1,1,144184.27,0
15618687,643,Spain,Male,49,9,81330.92,1,1,1,37807.98,0
15659196,700,France,Female,39,5,0.0,1,0,0,110368.29,0
15578568,686,Germany,Female,35,4,112603.05,1,0,0,98710.99,1
15718171,470,France,Male,35,10,0.0,1,0,0,22010.43,0
15741589,750,France,Male,33,4,0.0,2,1,0,134149.82,0
15803798,615,France,Male,48,4,0.0,1,1,1,41006.47,0
15807627,668,France,Female,41,7,58740.47,1,0,0,29976.88,0
15714896,705,France,Female,32,6,0.0,1,1,1,37658.64,1
15579734,662,Spain,Female,28,9,122432.43,1,1,1,178021.32,0
15622227,729,France,Male,33,6,133115.83,1,0,1,2229.01,1
15590268,503,Spain,Male,30,5,168275.66,2,0,1,130056.2,0
15586753,582,France,Male,30,9,97745.24,2,1,0,120715.46,1
15746394,657,France,Female,33,3,0.0,2,1,0,29576.51,0
15723127,711,Spain,Male,48,4,0.0,2,0,1,164468.3,0
15659892,659,France,Female,38,1,0.0,1,1,0,196452.55,0
15690632,741,France,Male,38,7,0.0,1,1,1,189737.53,0
15781598,759,Germany,Male,43,10,176911.45,1,1,0,2129.15,1
15729767,593,France,Male,23,1,91296.52,2,1,1,153774.83,0
15729383,664,France,Female,39,2,100544.01,1,0,0,122838.37,0
15648431,704,France,Male,38,8,0.0,1,1,0,26059.32,0
15787717,698,France,Male,33,5,239832.81,1,1,1,88979.68,0
15697874,774,Germany,Female,37,9,118954.58,1,0,1,127411.41,1
15601206,493,France,Female,48,1,98052.37,2,1,1,50014.84,0
15637702,517,Germany,Male,40,5,0.0,1,1,1,64373.48,0
15601874,777,Germany,Male,38,9,125321.82,1,1,1,153912.75,0
15569503,576,Spain,Male,35,8,0.0,1,0,1,161296.06,0
15719673,604,France,Male,43,1,0.0,2,0,1,27781.7,0
15690115,834,Spain,Female,31,8,0.0,1,1,1,8765.49,0
15751223,670,France,Female,37,10,144485.88,1,1,1,113180.93,0
15603326,584,France,Female,43,6,0.0,2,0,1,197644.93,0
15714449,669,Germany,Female,28,8,192506.88,2,1,1,198606.98,1
15663190,741,France,Female,42,0,0.0,2,1,1,125093.29,0
15620843,522,Germany,Female,43,0,69587.36,1,1,1,145682.97,0
15690308,622,France,Female,31,1,0.0,1,1,0,158898.02,0
15791108,799,France,Male,47,10,0.0,2,0,0,132612.1,1
15600772,563,Spain,Male,44,0,117378.66,2,0,0,102814.75,0
15694134,437,Germany,Male,35,9,89153.49,1,0,0,99891.31,1
15800326,799,Spain,Female,37,2,0.0,1,0,0,102390.77,0
15786519,640,France,Female,30,7,113803.36,2,1,1,88777.71,0
15651859,492,France,Male,36,7,94338.29,1,1,0,61276.87,0
15699665,583,France,Male,33,5,56853.9,2,1,1,112906.85,0
15666303,760,Spain,Male,37,3,85583.72,1,1,1,103157.01,0
15582998,587,France,Male,39,1,72214.56,2,0,1,126349.52,0
15649531,528,Germany,Female,37,8,0.0,1,1,1,13921.35,0
15805390,639,Germany,Female,44,1,162454.81,2,1,1,149059.14,0
15720498,472,France,Female,36,4,36236.69,2,1,1,142271.13,0
15635635,577,Germany,Male,37,0,0.0,2,1,0,29077.38,0
15805101,690,France,Female,29,2,0.0,2,1,0,139377.17,0
15757236,614,France,Male,28,4,147518.82,2,1,0,182547.89,0
15722334,606,Germany,Male,35,7,147713.07,1,1,1,167739.25,1
15658825,591,Germany,Female,50,9,152233.54,1,1,1,109675.49,1
15733579,624,France,Female,25,2,156361.72,1,1,0,20896.46,1
15666667,802,France,Male,22,0,171786.5,1,0,1,140050.88,0
15605385,850,France,Male,39,7,0.0,2,1,1,178453.88,0
15729590,662,Spain,Female,53,6,0.0,2,1,0,7061.84,0
15734995,589,Germany,Male,35,10,121497.92,1,1,0,28275.13,1
15625912,727,Germany,Male,34,1,127214.04,1,1,1,60820.51,0
15779531,654,France,Female,48,9,146005.82,2,0,0,80063.79,1
15647087,557,France,Female,41,10,135188.16,1,0,0,77887.91,0
15809081,491,France,Male,30,5,124387.53,1,1,0,136004.26,0
15795744,730,Spain,Male,36,8,59247.84,2,1,0,35369.35,1
15776294,761,Germany,Male,58,2,170654.48,2,1,0,193569.03,0
15775514,759,Germany,Male,34,8,154777.55,1,1,0,15018.89,0
15584005,643,France,Male,30,0,108211.24,2,1,1,54244.57,0
15645589,716,Spain,Male,39,0,114424.53,1,0,0,183087.57,1
15574759,629,France,Male,60,6,0.0,1,1,1,142188.99,1
15601137,587,Spain,Male,28,4,153192.7,1,1,1,128045.88,0
15566723,486,Germany,Male,31,1,166622.11,1,0,0,96080.8,0
15578760,749,Spain,Female,54,2,138922.38,2,1,0,29444.35,0
15771692,706,Spain,Male,32,9,124655.65,1,1,1,195495.5,0
15674303,819,Spain,Male,26,7,107325.51,1,1,0,82466.62,0
15606348,495,France,Female,49,8,0.0,1,0,1,185783.07,0
15579692,652,France,Female,30,4,0.0,1,1,1,39990.46,0
15592981,732,France,Male,38,8,0.0,1,1,0,162925.59,0
15780042,824,France,Female,29,4,0.0,1,1,0,125907.33,0
15615777,584,France,Female,33,6,0.0,1,0,0,72074.9,0
15669063,817,Spain,Male,56,8,173524.45,1,1,1,181721.23,0
15622921,623,Germany,Male,37,1,78211.17,1,0,0,91152.95,0
15777835,473,France,Female,48,8,0.0,1,0,1,75513.62,0
15699284,570,France,Female,30,3,57529.53,1,1,1,121969.98,0
15619434,604,Germany,Female,44,10,84023.23,1,1,0,30959.36,0
15681352,631,Spain,Male,32,1,121014.67,1,1,0,52951.11,0
15689421,597,France,Male,37,5,108067.52,1,1,1,171291.44,0
15752768,549,Spain,Male,32,7,108950.89,1,1,0,29120.41,0
15701919,571,France,Male,25,6,0.0,2,1,1,146495.63,0
15712768,480,France,Female,37,5,105327.94,2,0,0,128030.65,0
15804240,570,Spain,Male,42,3,103144.88,1,0,0,66660.79,0
15631463,634,Germany,Female,31,2,73536.76,2,1,1,129911.38,0
15670283,419,Spain,Male,43,8,156669.4,2,1,1,12350.66,1
15580003,469,France,Female,40,7,0.0,1,1,0,48801.08,0
15598711,810,France,Male,40,7,169223.77,2,1,1,175978.4,0
15742002,700,France,Male,33,8,0.0,1,0,1,22027.9,0
15777787,425,France,Male,58,4,96584.03,2,0,1,9059.85,0
15701233,655,Spain,Male,51,10,99827.76,2,1,0,80177.84,0
15648480,564,Spain,Male,30,1,0.0,1,1,0,143985.73,0
15637555,612,France,Male,36,2,126987.92,2,1,0,139078.66,0
15764930,350,Germany,Female,54,10,0.0,2,0,0,116623.65,0
15751656,562,Germany,Female,28,3,134573.96,1,1,0,48586.08,0
15774136,568,Germany,Female,33,6,128730.97,2,1,1,107414.18,1
15650191,775,Germany,Male,35,7,0.0,1,1,1,43706.46,0
15689293,648,France,Female,43,0,123360.03,2,1,1,42001.75,0
15808876,415,France,Male,40,1,0.0,2,1,1,112120.32,1
15623547,660,Germany,Female,56,3,0.0,1,0,0,36120.22,0
15782617,740,Spain,Female,48,0,123507.37,1,1,1,169900.96,0
15567497,668,Germany,Male,23,3,119166.84,1,0,0,52931.36,0
15593338,592,Spain,Male,33,10,94804.43,1,0,0,79304.25,0
15721598,792,Spain,Female,29,9,143526.24,1,1,0,21926.64,0
15747174,454,France,Male,61,6,113606.79,2,0,1,101943.93,0
15764651,683,France,Female,53,2,135509.14,1,1,1,153060.05,0
15755200,596,France,Female,35,9,97090.93,2,1,1,184718.69,0
15753260,482,France,Female,30,4,0.0,2,1,1,96689.13,0
15804970,536,Germany,Female,30,5,98386.52,2,1,1,192431.08,0
15646155,733,France,Male,55,2,0.0,2,1,1,96168.71,0
15593098,524,Spain,Male,35,2,0.0,2,0,0,138371.62,0
15714050,538,France,Female,46,5,72741.97,2,1,0,123840.6,0
15676871,593,Germany,Male,36,2,0.0,2,1,1,10898.42,0
15684013,666,Spain,Female,32,0,0.0,3,0,1,141523.86,0
15606402,695,France,Male,32,2,161785.92,2,1,0,161658.48,0
15696628,713,Germany,Female,49,6,124687.14,2,1,1,44389.07,0
15752749,617,Germany,Male,37,4,131260.14,1,0,1,110982.99,1
15728227,585,France,Female,32,6,0.0,2,1,0,71460.43,0
15718744,737,Germany,Female,47,0,0.0,1,1,1,114945.09,0
15680142,580,Spain,Male,63,4,0.0,1,0,0,146640.09,0
15781271,682,France,Male,43,0,126556.05,1,0,1,190845.71,0
15767147,666,France,Male,33,8,128898.38,2,1,1,105931.44,0
15627182,659,France,Male,43,1,0.0,1,1,0,90312.0,0
15586755,399,Spain,Male,41,4,157025.01,2,1,0,150291.32,0
15598220,746,Germany,Male,29,3,109592.89,2,1,1,128870.71,0
15795472,571,France,Female,41,3,99184.61,2,0,0,86938.75,0
15587554,599,France,Female,30,1,120365.33,1,1,1,21314.68,0
15583636,684,Germany,Female,41,2,108474.48,2,1,0,28903.31,1
15737339,705,Spain,Male,36,3,0.0,1,1,1,77663.31,0
15639115,744,France,Female,32,5,72557.98,2,1,1,17029.78,0
15651464,575,France,Female,44,3,102734.0,1,1,1,94798.85,0
15691514,810,Spain,Male,38,9,119220.69,1,1,0,80333.67,0
15678955,549,France,Male,40,8,119488.58,2,1,0,41002.56,0
15712229,655,France,Female,40,10,0.0,1,1,1,122694.79,0
15740647,641,Spain,Female,38,1,134740.05,3,0,0,104400.46,0
15575879,778,Spain,Male,27,3,0.0,1,0,0,33307.26,0
15644268,721,Spain,Male,44,8,126665.14,1,1,0,169463.13,1
15665703,657,France,Male,39,9,107975.71,1,0,0,141574.23,0
15676505,683,France,Female,34,10,89207.2,1,1,0,36241.67,0
15808749,588,France,Female,40,8,134333.54,2,1,1,123193.93,1
15609401,715,France,Female,30,10,0.0,1,1,0,194796.69,0
15734283,730,France,Female,39,7,137304.56,2,1,1,38987.91,0
15767838,679,France,Male,43,9,117238.05,1,1,1,198934.6,0
15604436,587,France,Male,45,4,130724.15,1,1,0,54296.65,0
15679439,752,France,Male,48,6,0.0,1,1,1,32844.71,0
15679695,800,France,Female,37,0,142080.06,2,1,0,9027.31,0
15607478,699,Spain,Female,39,7,141435.58,2,1,0,25314.24,0
15615169,603,Spain,Male,30,9,147415.64,1,1,0,19544.94,0
15756692,604,Spain,Male,35,0,58066.31,1,1,0,73642.35,0
15709930,480,France,Female,40,8,115342.58,2,1,0,54536.38,0
15773698,565,France,Female,48,5,150414.24,1,1,1,88794.51,1
15690751,691,France,Female,28,4,131150.65,1,1,0,155394.7,0
15785163,776,Spain,Male,24,8,139020.68,2,1,0,97851.71,0
15711467,538,Germany,Male,30,2,115189.48,1,1,0,125526.64,0
15661482,626,France,Female,40,6,0.0,1,1,1,142714.03,0
15569606,655,France,Female,48,10,0.0,1,1,1,56791.43,0
15749420,605,Spain,Female,74,0,0.0,1,0,1,1091.74,1
15780066,533,Spain,Male,56,6,90932.84,2,1,1,170821.66,0
15652023,580,France,Female,51,5,89485.63,2,1,0,107376.9,1
15788779,582,Spain,Male,33,3,98097.51,1,1,1,32823.91,0
15653927,631,France,Male,32,8,142269.34,1,1,1,85794.58,0
15647889,547,France,Female,26,6,75980.38,1,0,0,129261.09,0
15777041,722,France,Male,50,1,99668.81,1,1,1,184023.51,0
15651716,681,Spain,Female,37,0,0.0,1,0,0,141571.67,0
15749508,571,France,Female,39,8,136417.68,2,0,1,172848.3,1
15747474,525,Spain,Female,43,8,89092.6,1,1,0,112674.17,1
15570274,777,Spain,Female,43,3,0.0,2,1,1,107157.23,1
15679582,698,France,Female,37,4,0.0,2,0,1,37071.61,0
15642995,621,France,Male,32,5,185940.5,1,0,1,169658.47,1
15809704,850,Germany,Female,37,9,116066.14,2,1,1,119114.2,0
15721892,850,Spain,Male,35,5,0.0,2,0,0,22665.52,0
15571752,572,France,Male,46,9,0.0,2,1,0,101859.32,0
15609193,522,Spain,Female,34,4,178237.12,1,0,1,42852.71,0
15666235,659,Germany,Female,60,5,110942.02,2,0,1,165761.94,1
15704483,633,Germany,Female,36,8,0.0,2,0,0,146255.01,0
15663927,611,Germany,Female,43,4,0.0,2,1,0,198625.57,1
15585209,625,Germany,Male,49,2,0.0,2,1,0,104662.3,1
15725829,640,Spain,Female,37,2,122881.66,1,1,1,104192.34,0
15798886,636,Germany,Female,31,9,0.0,2,1,1,38147.39,0
15710364,708,France,Male,26,3,108347.67,1,0,0,42630.23,1
15721743,697,Germany,Male,42,9,144049.62,1,0,1,29298.89,0
15680989,604,France,Female,36,10,64338.85,2,0,1,28583.03,0
15778889,756,France,Female,39,2,0.0,1,1,1,89364.0,0
15625650,736,France,Female,32,1,215830.87,2,1,0,128151.42,0
15652489,698,France,Male,32,9,0.0,1,0,0,170757.64,0
15661414,723,France,Female,36,7,0.0,1,0,0,165963.24,0
15728793,680,Germany,Male,32,2,0.0,2,0,0,145263.63,0
15704191,745,France,Female,53,9,0.0,2,1,0,67295.8,0
15599613,779,France,Female,44,8,0.0,1,0,1,157904.32,0
15693884,692,Spain,Male,23,3,180912.55,1,1,0,12801.41,0
15768989,642,France,Male,42,4,0.0,1,1,0,193783.71,0
15721095,692,France,Female,30,7,100867.94,1,0,0,62414.96,0
15724932,620,Germany,Female,38,9,86755.57,1,1,0,96085.64,0
15569585,850,France,Male,44,2,165186.61,2,1,1,68428.98,0
15617114,674,Spain,Male,24,6,0.0,2,1,0,20047.12,0
15582720,538,Germany,Female,45,7,94162.39,1,1,0,129184.31,1
15663994,692,France,Female,37,8,142744.69,1,1,0,70602.83,0
15716162,718,France,Male,49,10,112484.25,1,1,0,64117.54,0
15786559,635,Germany,Female,60,3,104655.16,1,1,1,66788.48,1
15603443,672,Spain,Male,42,5,155834.36,1,1,1,62259.14,0
15764799,633,Germany,Female,45,2,150956.22,1,1,0,19021.68,1
15723124,400,Germany,Female,38,0,73294.78,2,1,0,100901.48,0
15804104,694,France,Male,25,6,0.0,2,0,1,171309.43,0
15770004,740,France,Male,27,0,75568.76,2,1,0,167499.41,0
15717659,646,Germany,Female,23,10,119983.16,1,1,1,5218.24,0
15631982,739,France,Male,26,9,106709.97,1,1,1,72715.23,0
15730389,813,Germany,Female,31,5,160438.76,1,1,0,25198.41,0
15715417,760,France,Female,62,1,163156.34,1,1,1,135278.86,1
15800247,767,Spain,Female,45,9,78832.9,1,1,0,130175.07,1
15685895,669,France,Male,35,4,0.0,2,1,0,159456.09,1
15566222,759,Germany,Male,36,9,97046.2,1,1,1,10954.55,0
15613910,583,France,Female,52,4,124205.0,2,1,1,94067.51,0
15773604,721,Germany,Male,39,3,134104.28,1,1,0,10867.01,0
15746630,670,France,Female,37,9,0.0,1,0,1,6608.68,0
15767203,645,Spain,Female,57,6,76468.25,1,1,1,121214.65,1
15804940,810,Spain,Male,33,6,140646.54,1,1,0,30409.81,0
15733413,732,Germany,Male,32,0,75266.72,2,0,0,174923.84,0
15618863,509,France,Male,67,8,82728.29,1,1,1,177338.31,0
15587161,820,France,Male,40,6,0.0,1,1,0,92722.85,0
15773420,449,Spain,Female,33,3,0.0,1,1,1,160454.48,0
15708210,621,France,Female,33,7,65027.85,1,0,0,4028.21,0
15767158,742,Germany,Male,28,1,136715.56,2,1,1,15695.07,0
15733861,560,Germany,Female,38,3,0.0,1,0,0,75724.82,1
15624311,693,France,Female,29,7,0.0,1,1,1,18187.33,0
15749992,709,Spain,Male,37,6,85541.47,1,0,0,137371.53,0
15596243,656,Germany,Male,28,4,117960.74,1,0,1,918.91,1
15790202,533,Spain,Male,33,5,151864.17,1,0,0,22929.05,0
15657269,650,Germany,Female,45,7,136406.36,1,1,0,71980.97,0
15698236,569,France,Male,36,6,0.0,1,1,1,9330.07,0
15797182,845,Spain,Female,44,6,0.0,1,1,0,90832.44,1
15740034,722,Germany,Male,28,9,133487.71,2,1,1,93786.07,0
15786813,493,France,Male,41,9,122218.85,1,1,1,100840.44,0
15633856,633,Germany,Male,36,6,0.0,1,1,1,183997.17,1
15694142,808,Spain,Female,38,4,0.0,2,1,0,148100.13,0
15712569,632,France,Male,57,6,0.0,1,1,1,168113.88,0
15629430,754,Germany,Male,30,1,100915.07,1,1,0,129387.3,1
15631975,592,France,Male,47,6,0.0,1,1,1,116959.83,1
15718645,637,France,Female,29,7,66421.88,1,1,1,13526.19,0
15621114,526,France,Female,48,6,136227.37,1,1,0,176510.09,0
15708922,557,Spain,Female,28,2,125075.53,1,1,0,75119.35,0
15690931,548,Germany,Male,34,3,103131.32,1,1,0,115447.11,0
15782582,688,Germany,Female,67,6,105409.86,1,0,0,161256.92,1
15689046,752,Germany,Male,35,3,77414.42,1,0,1,47374.64,0
15565734,748,Germany,Male,43,6,0.0,1,1,1,4672.0,0
15622630,451,France,Female,31,7,101767.84,2,1,1,121667.85,0
15678126,814,France,Male,35,4,149256.74,1,0,0,44403.13,1
15784407,621,France,Male,38,3,0.0,2,1,0,109226.21,1
15639125,490,France,Male,42,10,0.0,2,0,1,65683.1,0
15733500,740,Germany,Male,35,3,0.0,1,1,0,195795.43,0
15695579,482,Spain,Male,48,4,132365.19,2,1,1,109832.54,0
15569496,738,France,Female,28,6,123949.47,1,1,0,75078.88,0
15676650,672,Germany,Female,53,10,0.0,2,1,0,148298.14,0
15614071,714,France,Male,33,9,127791.03,2,1,0,171295.47,1
15595684,562,France,Female,49,6,131978.39,2,0,0,94281.71,0
15702302,725,Germany,Male,46,7,92044.37,1,1,1,118433.76,0
15608948,722,France,Male,33,9,0.0,1,1,0,180272.0,0
15745370,595,France,Female,40,1,200794.93,2,1,0,65056.21,1
15723812,535,France,Male,33,4,0.0,1,1,0,42812.15,0
15734759,736,Spain,Male,37,8,0.0,2,1,0,8606.55,0
15746159,777,Germany,Female,45,3,0.0,2,0,1,39832.11,0
15782424,710,France,Female,39,0,0.0,2,1,1,140270.82,0
15783062,499,Germany,Female,43,2,0.0,2,1,1,186841.7,0
15749197,645,France,Female,26,2,0.0,1,1,0,198375.49,0
15718882,656,France,Male,24,5,168989.44,1,1,0,3373.87,0
15658926,705,Germany,Male,37,1,122178.5,1,0,1,17716.92,1
15805951,631,France,Male,42,10,90516.5,2,0,1,15216.65,0
15646594,647,France,Female,54,4,83772.76,3,1,0,171474.14,0
15590799,618,France,Female,35,0,159335.52,1,1,0,6141.8,0
15699213,689,France,Male,35,4,0.0,2,1,0,19788.25,0
15759903,771,France,Female,39,6,119498.15,1,0,0,2686.56,0
15679417,806,Spain,Female,44,9,103302.16,2,0,1,124173.13,0
15641232,487,Spain,Female,57,2,0.0,2,1,1,82593.67,1
15667042,523,France,Male,48,3,102552.57,2,1,0,24332.75,1
15579078,609,France,Female,26,2,0.0,1,0,0,66791.62,0
15670505,595,Germany,Female,35,7,0.0,2,1,0,149302.67,0
15691273,733,Spain,Female,36,6,71240.61,2,0,1,105542.0,0
15712904,768,Spain,Female,48,2,0.0,1,1,1,80282.1,0
15594096,497,Spain,Male,36,5,0.0,1,1,0,8368.92,0
15631247,568,France,Male,35,8,0.0,2,1,1,3727.9,0
15580989,668,France,Male,49,6,0.0,1,0,1,63688.68,1
15629374,850,France,Female,55,3,94757.77,2,0,0,39042.53,0
15778129,599,France,Female,45,2,85587.15,2,1,1,164917.74,0
15643065,534,Germany,Female,51,1,142236.82,2,1,0,126979.18,1
15743220,584,France,Male,35,3,0.0,2,1,0,197436.73,0
15597800,645,Spain,Female,24,2,137609.4,2,1,0,32279.5,0
15674251,712,France,Male,45,6,0.0,2,0,0,1407.32,0
15691470,596,France,Male,39,1,99031.81,1,1,0,65899.67,0
15601713,749,France,Female,39,8,96527.42,2,1,0,179062.18,0
15713442,461,Spain,Male,33,8,132490.82,1,1,0,170966.51,0
15666976,605,France,Female,55,8,0.0,1,1,0,175788.51,0
15737352,683,France,Female,51,1,112188.03,1,1,1,31220.72,0
15637592,523,Spain,Female,43,0,0.0,2,1,0,98982.52,0
15747938,441,France,Male,34,9,174939.67,2,1,0,186123.47,1
15601705,585,Germany,Male,42,5,80931.73,1,1,1,37031.07,1
15593907,834,Germany,Female,43,1,0.0,2,1,1,105880.23,1
15810776,574,France,Male,42,9,0.0,1,0,1,69530.83,0
15732374,525,France,Male,46,4,0.0,2,1,0,68076.93,1
15681953,737,France,Female,62,1,0.0,2,0,1,109492.6,1
15639837,803,Germany,Female,32,1,107823.37,2,1,1,52959.96,0
15752748,599,France,Female,59,0,110945.72,2,1,1,182985.38,1
15781995,638,Germany,Male,33,5,143844.83,1,1,1,196943.52,1
15770511,505,Spain,Male,32,1,104092.79,1,1,0,120173.06,0
15747587,673,France,Female,36,8,88450.07,2,0,1,36049.91,0
15711049,663,France,Female,49,7,0.0,1,0,1,86242.6,0
15627449,665,France,Female,43,1,136765.17,2,0,0,83819.84,1
15747621,610,Spain,Female,36,5,125440.61,2,1,1,36606.95,0
15595940,554,France,Male,40,4,129491.1,2,1,0,10170.39,1
15644416,624,France,Female,42,5,126176.24,1,1,1,152511.5,0
15743482,764,France,Female,46,0,145309.89,2,1,0,99758.11,1
15630192,762,Spain,Female,33,8,104987.82,2,1,1,47955.13,0
15631548,604,Spain,Male,30,9,124226.99,1,0,0,88162.93,0
15790221,734,France,Female,39,0,114563.23,2,1,1,125552.43,0
15567579,620,Germany,Male,30,9,129263.11,1,1,1,50285.55,0
15627065,555,France,Female,33,0,115399.95,2,0,0,85359.79,1
15666241,747,France,Female,38,5,53142.2,2,0,1,133621.03,1
15598536,489,Spain,Female,35,2,111513.96,1,0,1,38349.77,0
15752393,727,France,Male,38,7,111150.5,4,1,0,16533.9,0
15797969,806,France,Male,51,7,0.0,2,1,0,8103.81,0
15763601,725,Spain,Male,34,5,113777.57,1,1,0,166382.55,0
15676175,569,France,Male,47,7,0.0,2,1,1,38535.38,0
15758009,771,France,Male,26,8,146512.21,2,1,1,139126.3,0
15758621,697,Spain,Female,32,1,0.0,1,1,0,150014.42,0
15787383,634,Germany,Male,34,1,115890.39,1,1,1,85775.36,0
15607830,682,Spain,Female,38,7,182440.06,2,1,0,170173.58,1
15708950,556,Germany,Male,44,1,164799.86,2,1,1,104879.97,0
15729444,839,Germany,Female,64,5,97946.89,2,1,0,107667.5,1
15709922,744,France,Male,24,1,57368.11,2,1,0,53798.66,0
15798170,582,France,Female,40,6,110585.65,1,0,1,96750.0,0
15661412,517,Spain,Male,33,10,118621.66,2,1,1,94800.17,0
15667854,639,Germany,Male,33,3,87873.67,2,0,0,65540.24,0
15686556,533,France,Male,26,7,108056.87,1,1,1,175106.29,0
15698102,699,France,Female,36,2,0.0,2,1,1,72360.95,0
15625660,679,France,Male,31,10,0.0,1,1,1,190722.43,0
15655826,739,Germany,Female,45,0,148680.15,2,1,1,24939.61,0
15664177,408,France,Female,40,2,180267.82,2,1,0,16324.81,1
15656254,613,France,Male,39,8,0.0,2,1,0,107989.09,0
15687606,589,France,Female,35,10,0.0,1,1,1,190043.64,0
15713853,665,Spain,Male,24,1,83171.41,1,1,1,85815.89,0
15584924,391,France,Male,42,6,0.0,1,1,1,149137.47,0
15725715,690,France,Female,31,0,147089.74,2,1,1,15896.85,0
15716126,666,France,Male,35,4,0.0,1,1,1,40028.84,0
15791058,469,Spain,Male,32,5,95602.01,2,1,0,92830.24,0
15638739,776,Germany,Female,42,2,141465.97,1,0,0,16084.59,0
15744143,800,France,Female,40,4,115585.43,2,1,0,146488.88,0
15812167,657,France,Male,41,4,0.0,1,1,0,21906.02,0
15784911,752,France,Male,40,6,110511.95,1,0,1,83034.87,0
15745938,667,France,Female,33,0,0.0,1,1,0,182821.67,0
15671127,462,Germany,Female,54,0,152832.65,1,0,1,58380.07,0
15672264,402,France,Female,41,3,0.0,2,1,0,195818.4,1
15752218,771,Germany,Male,39,0,118128.54,2,1,1,124562.01,0
15571157,689,France,Male,36,10,0.0,2,1,1,197259.38,0
15651266,723,France,Female,50,7,0.0,2,0,0,68426.8,0
15775682,817,Spain,Male,72,3,105555.0,1,1,1,88671.18,1
15811200,706,Germany,Female,37,1,112163.79,1,1,0,1438.66,1
15583847,611,France,Female,30,7,0.0,1,1,1,154607.37,0
15773433,658,France,Female,29,6,115522.32,2,1,1,42770.23,0
15605545,751,France,Female,44,3,90048.1,1,1,0,148250.84,0
15766753,582,Germany,Female,50,8,0.0,1,0,1,168244.62,0
15666888,503,Germany,Female,41,7,177452.14,2,1,0,24272.09,1
15614395,628,Spain,Female,27,5,0.0,2,0,0,10126.04,0
15608197,819,Germany,Male,26,9,0.0,1,0,1,45380.75,0
15790836,605,Germany,Female,32,8,142991.53,1,1,1,141797.8,0
15800358,731,Spain,Male,40,9,0.0,1,1,0,89125.93,0
15730639,811,France,Male,48,6,109084.02,2,1,0,99687.72,0
15758919,698,Spain,Female,38,0,85853.73,1,0,0,118980.6,1
15640775,615,Germany,Male,35,8,105818.66,2,1,0,36036.19,1
15789273,626,Germany,Male,42,2,80464.71,1,0,0,195167.63,1
15700736,681,France,Male,24,5,92016.78,2,1,1,103196.76,0
15752982,716,France,Male,40,5,119022.76,2,1,1,93092.52,1
15599785,785,Spain,Male,29,4,0.0,2,1,1,17948.93,0
15581593,648,France,Male,37,4,140076.89,2,0,0,45771.02,0
15666427,614,France,Male,30,0,88071.48,2,1,0,155583.74,0
15695246,786,France,Female,48,2,0.0,1,1,1,130450.33,1
15740784,709,France,Male,28,4,167025.3,2,1,0,85174.59,0
15593557,738,France,Male,36,1,137314.1,1,1,0,172965.21,1
15761600,595,France,Male,36,5,62937.17,2,0,1,2571.35,0
15633029,711,France,Female,32,1,0.0,1,1,1,79174.32,1
15745689,599,Spain,Female,32,1,119677.94,2,1,1,182564.76,0
15802193,772,France,Female,32,8,145585.28,4,1,1,37727.13,0
15590886,724,Spain,Female,39,2,128266.27,1,1,1,43862.57,0
15734904,561,France,Female,45,6,98213.85,2,1,0,44646.59,1
15723269,587,France,Female,43,6,157396.84,1,1,1,43856.84,1
15703546,653,France,Male,29,1,118962.6,1,1,1,65139.36,0
15785421,784,France,Male,41,3,154595.7,1,1,1,98024.05,1
15786183,604,Spain,Male,53,9,0.0,2,0,1,199416.72,0
15779382,804,Germany,Male,42,1,0.0,1,1,1,44234.71,0
15597246,682,Germany,Female,33,4,0.0,3,1,1,99840.39,0
15749969,586,Spain,Male,54,7,0.0,2,0,1,188391.57,0
15729712,618,France,Female,47,1,116919.24,1,0,1,158447.81,0
15603024,658,France,Male,41,2,0.0,2,1,1,19090.93,0
15620593,826,France,Male,33,2,134986.03,2,1,1,93236.64,0
15619347,656,Germany,Female,29,2,69196.3,2,1,0,45651.07,0
15780798,737,Germany,Male,41,3,138101.13,1,1,1,188469.24,1
15812271,562,Germany,Male,33,5,114995.03,1,1,0,76854.44,0
15601869,626,France,Male,41,5,91332.49,2,1,0,87708.15,0
15763761,692,France,Male,32,9,53699.88,1,1,1,102095.13,0
15742842,542,Spain,Male,45,8,0.0,1,1,0,171310.4,1
15709494,577,Spain,Male,40,10,145367.25,2,1,1,162654.57,0
15732568,850,France,Male,66,1,196861.09,1,1,1,20900.37,1
15695850,684,Germany,Male,49,10,0.0,1,1,0,97950.36,1
15639194,614,Germany,Female,24,0,90943.71,1,1,0,12327.82,1
15742494,496,Spain,Female,41,0,77312.08,1,1,0,151263.89,0
15705202,791,Germany,Female,28,5,168356.66,2,1,0,170232.93,1
15638108,541,Germany,Male,52,4,0.0,1,1,0,172834.2,1
15637515,566,France,Female,47,0,145742.09,1,0,0,177972.99,1
15606123,572,France,Male,31,8,0.0,1,1,1,19202.95,0
15746615,687,Spain,Female,45,0,0.0,1,0,1,62276.07,0
15736198,774,Spain,Female,54,4,145777.22,2,1,1,32249.04,1
15719149,515,Spain,Male,33,4,126609.15,1,1,1,168440.12,0
15605163,609,Spain,Female,30,5,122145.05,1,1,0,174276.13,0
15570813,598,Spain,Male,25,6,168409.52,4,0,1,108990.65,0
15732589,767,France,Male,44,1,0.0,1,1,0,45107.45,1
15711137,703,Spain,Male,36,3,111535.63,1,1,1,168040.85,0
15622182,619,Germany,Male,50,4,84985.94,2,1,0,66207.46,0
15642210,715,France,Male,35,8,0.0,2,1,1,237.83,0
15673628,575,France,Male,28,3,76945.35,1,1,1,52147.33,0
15566478,637,Germany,Male,24,0,104918.02,1,0,1,9402.18,0
15809158,734,France,Male,27,1,0.0,1,1,0,108972.07,0
15639193,667,France,Male,37,6,0.0,1,1,1,1005.19,1
15727815,561,Germany,Female,39,10,64778.87,1,1,1,68418.48,1
15809062,624,France,Male,30,1,0.0,1,1,0,153.84,0
15601687,762,Germany,Female,33,3,126860.99,1,1,1,55438.47,1
15606356,723,France,Male,44,4,87302.82,3,1,0,102807.71,0
15630785,720,Germany,Female,40,2,151239.63,2,1,0,14127.75,0
15576418,771,France,Male,37,9,0.0,1,1,1,123734.03,0
15720548,506,France,Male,36,1,0.0,1,1,1,50180.14,0
15807540,717,Germany,Male,32,4,0.0,2,1,0,20283.97,0
15660274,541,France,Male,35,7,0.0,2,0,0,137350.01,0
15769162,722,Germany,Male,39,9,121947.36,2,1,0,156863.08,1
15648128,584,France,Female,55,0,0.0,1,0,1,14729.97,0
15654767,641,Spain,Male,59,8,152273.57,2,1,1,162872.51,0
15626094,530,France,Female,46,2,132951.2,1,1,1,128410.86,0
15633378,351,Spain,Male,28,6,73274.94,3,1,1,100873.96,0
15587403,850,France,Female,35,7,162951.53,1,1,0,75189.63,1
15807837,539,Germany,Male,35,9,0.0,1,1,1,156253.64,0
15742796,562,Spain,Female,58,0,97942.32,2,0,0,12444.05,0
15638629,503,France,Male,32,4,82506.8,1,1,1,156319.93,0
15755778,673,France,Male,62,7,117793.28,2,1,0,128169.86,0
15575458,569,France,Female,27,9,177408.96,1,0,0,147035.15,1
15617857,531,Spain,Female,43,5,101004.81,1,1,0,65811.72,1
15683680,545,France,Female,44,1,66781.68,2,1,0,85610.98,0
15583272,508,Germany,Female,29,0,130304.33,1,0,1,33572.85,0
15617096,756,Germany,Female,39,0,96016.56,2,1,1,48230.3,1
15691946,649,Spain,Male,34,8,159711.3,2,0,0,171445.73,0
15598905,416,Spain,Male,44,8,0.0,2,1,0,92265.18,0
15792886,558,Germany,Male,29,10,0.0,2,1,0,153557.59,0
15741445,508,Spain,Male,45,1,0.0,1,1,0,67990.72,1
15807555,605,Germany,Male,27,3,78312.24,2,1,1,162911.08,0
15678506,595,Germany,Female,37,4,129247.44,1,1,1,49641.51,0
15785995,705,Germany,Male,37,2,0.0,2,1,1,2384.67,0
15633249,643,France,Female,33,7,112380.14,1,1,1,24940.03,1
15707924,663,France,Male,21,9,74059.42,2,0,0,191043.64,0
15698227,550,France,Male,32,10,97277.58,1,0,0,25993.35,0
15647157,508,France,Female,37,9,137883.47,1,1,1,133437.92,0
15694071,668,France,Male,36,1,125394.23,1,1,0,84946.19,0
15702816,746,Germany,Male,42,5,0.0,1,1,0,83725.62,0
15606300,582,Spain,Female,42,2,184614.85,1,1,1,164832.26,0
15633365,850,Germany,Female,36,0,0.0,1,1,1,160830.58,0
15745352,578,France,Female,27,1,120837.27,2,1,1,128200.09,0
15766094,698,France,Male,33,9,0.0,1,1,1,126310.15,0
15795042,642,France,Female,42,0,0.0,1,1,1,130735.73,0
15607058,466,Spain,Female,34,1,158644.87,1,1,0,85276.34,0
15669867,754,France,Female,52,8,145010.1,2,1,0,192297.64,0
15661189,466,France,Female,46,7,144883.46,2,0,1,41343.66,0
15700108,679,France,Female,33,8,135795.33,1,1,1,103458.29,1
15796744,791,France,Female,31,0,112115.06,2,0,0,199257.3,0
15719047,454,Germany,Female,34,9,0.0,1,0,1,63454.14,0
15708792,687,France,Male,30,9,103045.34,1,1,1,193159.28,0
15711201,816,Spain,Male,36,6,109279.18,1,1,0,192699.73,0
15606788,694,Germany,Female,36,9,0.0,2,0,0,23024.05,1
15595342,578,Germany,Male,44,2,150280.85,3,1,0,184402.33,1
15811735,641,Germany,Male,33,10,104197.7,1,1,1,181313.6,0
15620411,702,Germany,Male,35,5,0.0,2,1,1,90600.12,0
15814518,605,France,Female,28,3,0.0,2,1,0,188898.69,0
15588206,631,France,Male,33,0,132860.64,3,0,0,119732.76,1
15728028,608,France,Female,35,10,0.0,1,0,1,196519.23,0
15645543,554,France,Male,27,6,118288.84,1,1,0,75310.95,0
15719087,726,Spain,Male,49,3,0.0,2,1,0,160045.42,1
15746076,537,Spain,Female,43,3,120189.35,2,1,0,141109.47,0
15662623,574,France,Female,40,0,76783.31,2,1,0,7015.54,0
15592319,813,Germany,Male,27,6,165303.97,2,1,1,7019.5,1
15587960,793,France,Male,24,1,0.0,1,1,0,129449.91,0
15620379,553,Germany,Male,28,5,119350.84,1,1,1,61057.6,0
15657202,559,Spain,Female,32,2,0.0,2,0,1,118590.87,0
15745427,484,Germany,Female,30,8,130146.88,1,1,0,70207.31,0
15576727,619,Germany,Female,42,3,144260.61,2,0,1,180213.4,0
15639992,701,France,Male,34,7,76134.11,2,1,1,135675.72,0
15712334,693,Germany,Male,42,8,141378.55,2,0,1,50438.42,1
15620930,615,Germany,Male,45,3,157431.65,1,0,1,134699.1,0
15638166,697,France,Male,42,5,0.0,1,0,0,135873.91,0
15666874,772,Germany,Male,37,6,158763.56,2,1,1,81614.61,0
15604407,620,France,Male,43,9,0.0,3,1,0,38530.35,0
15724692,734,France,Female,41,0,0.0,2,1,0,8402.02,0
15747530,775,Germany,Male,39,7,0.0,1,1,0,20220.38,0
15620741,621,France,Male,44,3,161424.5,2,1,1,120701.5,0
15748123,624,Spain,Male,41,0,128689.38,2,1,0,105864.15,1
15790790,650,France,Male,37,1,153374.17,2,1,1,78201.28,0
15767479,518,France,Female,35,3,0.0,2,1,0,125446.77,0
15687295,587,France,Female,35,9,0.0,1,0,1,142116.39,0
15592796,758,Germany,Male,37,0,0.0,1,1,0,42620.13,1
15600291,621,France,Female,30,2,163304.83,1,0,1,136151.68,0
15656099,573,Germany,Male,34,0,61041.91,1,1,1,146418.94,0
15608177,642,France,Male,26,10,110442.43,1,0,1,175967.18,0
15691216,637,France,Male,36,6,132582.55,1,0,0,149065.75,0
15810528,574,France,Male,49,4,0.0,2,0,0,150360.29,0
15697302,557,France,Female,32,8,0.0,2,1,0,20353.57,1
15708841,453,France,Female,22,0,122898.75,1,1,0,120187.19,0
15745172,620,Germany,Female,27,8,145828.58,1,1,0,1991.06,1
15763864,636,Germany,Female,53,6,0.0,2,0,1,66129.88,1
15790828,567,France,Male,25,9,134200.64,1,1,1,198749.52,0
15812163,817,Spain,Female,49,8,93460.65,1,0,0,24554.14,0
15620773,744,France,Male,48,6,0.0,1,0,0,132853.86,1
15696620,664,France,Female,33,2,0.0,1,1,1,76127.91,0
15773905,698,France,Female,31,1,140698.34,1,1,1,92326.4,0
15572329,756,Germany,Male,35,1,0.0,1,1,0,132981.17,1
15768110,646,France,Male,32,6,98541.17,2,1,1,88512.52,0
15708838,565,France,Female,57,1,130697.42,2,0,0,179589.63,1
15613697,571,France,Male,40,0,0.0,2,1,0,52128.96,0
15661752,566,Germany,Male,31,7,0.0,1,1,1,120618.4,0
15770188,836,Spain,Male,33,1,132976.5,1,0,1,24548.5,0
15570278,766,France,Male,37,1,0.0,1,1,0,98762.97,0
15623589,676,Spain,Female,36,4,120018.62,1,0,0,78650.28,0
15764257,609,France,Male,41,8,125720.31,1,1,1,153587.83,0
15661802,701,France,Female,45,2,100364.16,2,1,0,30008.68,1
15706255,681,Spain,Male,62,1,149902.98,1,1,1,153782.77,1
15660145,825,France,Female,39,0,0.0,1,1,0,12191.62,0
15764245,589,France,Male,37,10,157511.18,2,1,0,23796.82,0
15615577,801,France,Female,43,2,123294.1,2,1,1,96608.11,0
15782210,751,Germany,Male,27,7,121487.26,2,1,1,149026.72,0
15725502,661,Germany,Male,39,6,63795.28,1,1,0,140929.19,0
15749947,750,Germany,Male,28,0,91838.27,1,1,0,159210.4,0
15777228,593,Spain,Male,27,3,98990.49,1,1,0,191395.35,0
15792378,713,France,Female,35,8,0.0,1,0,1,3381.45,0
15567765,629,Germany,Male,29,10,120503.68,1,1,1,38553.29,0
15791394,730,Spain,Male,46,6,82006.19,2,1,0,47560.63,0
15607414,669,Spain,Female,24,8,103853.78,2,1,0,62967.91,0
15786815,602,France,Female,32,1,140504.5,1,1,1,175465.05,0
15706850,521,France,Female,44,3,0.0,1,1,1,58258.1,0
15782150,534,France,Male,38,0,78668.9,2,1,0,51933.46,0
15580249,668,France,Male,30,7,131538.91,2,1,1,158571.76,0
15680852,795,Spain,Male,29,4,126571.79,2,0,1,40732.55,0
15755038,712,France,Male,27,2,125236.84,1,0,1,31726.86,0
15753186,610,France,Male,39,2,91131.16,1,1,0,160268.63,0
15604154,556,France,Male,49,5,145465.33,1,1,1,35133.42,0
15686921,739,Spain,Male,30,0,60499.36,2,0,0,100122.89,0
15644368,698,France,Male,57,0,164485.21,1,1,0,124466.63,1
15627241,743,Spain,Male,35,7,0.0,1,1,1,136236.04,0
15747894,706,France,Female,26,5,156863.84,1,1,1,101099.96,0
15736490,434,France,Female,55,1,94029.81,1,1,0,60865.73,1
15695063,735,France,Male,47,8,0.0,1,1,1,344.04,0
15647715,737,France,Male,40,3,116004.02,2,0,0,182449.45,1
15623282,760,Germany,Female,53,8,0.0,1,1,0,18541.32,0
15613563,673,France,Male,38,7,123312.21,2,0,0,172125.69,0
15684668,612,France,Female,29,9,87661.0,1,1,1,183077.31,0
15812613,646,France,Female,35,1,0.0,2,0,1,110175.24,0
15688496,722,Spain,Female,54,6,0.0,2,0,1,156500.42,0
15632173,598,France,Female,43,8,0.0,2,1,0,144283.31,0
15723942,637,Spain,Male,42,7,0.0,2,1,1,101097.83,1
15735043,697,Spain,Male,47,8,0.0,1,0,0,6665.81,0
15661628,641,France,Female,39,1,126257.33,1,1,1,51695.6,0
15651925,566,Germany,Male,44,3,167043.59,1,0,0,181843.04,1
15797681,573,Spain,Female,36,9,103607.62,1,1,0,104461.42,0
15642896,764,Germany,Female,33,1,138866.91,1,1,1,55143.02,0
15652920,538,France,Female,29,10,136133.13,1,1,1,185328.36,0
15629953,743,Germany,Female,33,1,124136.65,1,1,1,27066.3,1
15613973,655,Germany,Male,28,7,0.0,2,1,0,102497.05,0
15759914,707,Germany,Female,37,10,95089.49,2,1,0,154929.95,0
15595707,654,Germany,Female,28,5,144558.43,2,1,0,59761.84,0
15676713,526,France,Female,33,4,114769.94,2,1,0,144172.61,0
15732149,631,Germany,Male,38,4,108874.47,1,0,1,118228.32,0
15617709,678,Spain,Female,45,6,132522.33,3,0,0,195298.92,0
15583783,640,Germany,Male,38,6,128519.64,2,1,0,6545.62,0
15660577,667,Germany,Male,35,0,0.0,1,1,1,183063.19,0
15630071,712,Spain,Male,32,4,137736.53,2,0,1,95133.63,0
15683395,597,France,Female,32,6,81199.59,2,1,1,83220.33,0
15697991,767,France,Female,26,8,123866.73,1,1,0,37274.62,0
15753076,652,Germany,Male,64,9,0.0,2,1,0,102655.24,1
15811363,593,Spain,Female,54,4,96661.49,1,1,1,139583.91,0
15696214,547,Spain,Female,28,3,0.0,1,1,1,198902.36,0
15632728,610,France,Male,31,6,0.0,2,1,1,13962.45,0
15595410,615,France,Male,35,9,130429.9,1,1,1,44857.56,0
15804685,538,France,Female,34,5,101037.87,1,0,1,98741.48,1
15731242,646,Germany,Female,40,3,146611.33,2,0,0,70010.36,0
15784235,793,France,Male,44,2,0.0,1,1,1,41558.11,0
15568491,547,France,Female,43,5,120763.35,1,1,1,55004.3,1
15684856,692,Germany,Female,35,8,66370.08,2,0,1,32193.2,0
15693426,812,France,Male,38,4,0.0,1,1,1,103585.89,0
15709835,675,Germany,Male,28,1,169709.38,1,0,1,28120.36,1
15666284,597,France,Female,41,1,0.0,2,0,1,173254.87,0
15726331,591,Spain,Male,53,1,0.0,1,0,1,93512.87,0
15599415,640,Germany,Female,44,6,95549.73,1,1,1,21335.26,0
15792528,704,Spain,Male,42,1,89392.93,2,1,0,24508.94,1
15582443,531,Spain,Male,35,10,0.0,2,1,0,24647.05,0
15762674,693,France,Male,38,8,117128.14,2,0,1,87217.01,0
15611640,634,France,Female,34,9,119984.87,1,1,1,58121.05,0
15606472,585,France,Female,50,2,0.0,1,1,0,157697.71,0
15569223,646,Germany,Female,38,9,106762.9,1,1,1,55887.93,0
15683851,708,France,Male,33,1,0.0,1,1,0,138633.45,0
15750974,731,Spain,Male,38,1,151026.29,1,0,1,147089.28,0
15567625,747,France,Male,31,1,120201.5,1,1,1,172248.63,0
15609745,602,France,Female,43,10,0.0,2,1,1,9329.3,1
15725755,709,Germany,Male,24,9,129269.08,2,0,1,138462.2,0
15685669,584,Germany,Male,36,10,157748.88,1,1,1,69585.19,1
15699396,521,France,Male,40,5,142658.49,1,1,0,105062.68,1
15608709,777,France,Female,27,8,164474.6,1,0,1,129957.51,0
15687277,700,Spain,Male,38,2,113929.29,2,1,0,124443.9,1
15802172,656,Germany,Female,32,0,0.0,2,1,1,92701.44,0
15678029,688,Spain,Male,36,10,0.0,1,1,1,32115.04,0
15629838,721,France,Male,28,1,0.0,2,1,0,52233.84,0
15791272,710,France,Female,32,1,96460.85,2,1,1,56505.25,0
15815172,582,Germany,Female,51,1,118543.57,1,1,1,29245.3,0
15658019,603,France,Male,46,4,121412.31,1,1,1,147802.99,0
15664785,620,France,Male,27,8,140779.15,1,0,1,90258.37,0
15738062,754,Spain,Female,46,7,145260.94,2,1,1,170992.29,0
15774268,653,Spain,Male,37,0,104133.89,2,0,1,32189.82,1
15734466,682,France,Male,37,10,94801.67,2,1,1,188122.64,0
15685601,582,Germany,Female,30,9,0.0,2,0,1,71428.38,0
15730557,494,Spain,Female,40,4,0.0,2,1,1,15538.85,0
15759474,601,Germany,Male,33,6,0.0,2,1,0,165041.73,0
15768806,658,Spain,Female,35,10,0.0,2,0,1,24775.78,0
15568893,838,France,Male,36,7,152786.69,2,1,0,180905.24,0
15736228,672,Germany,Male,52,1,125016.57,1,1,0,52970.64,1
15592914,572,France,Female,43,3,129408.78,1,1,0,157165.49,1
15786959,745,Germany,Male,46,2,0.0,1,1,0,148246.39,1
15680517,574,Germany,Male,63,0,137436.38,1,1,0,89979.66,0
15660141,722,France,Female,40,0,0.0,1,1,1,26346.93,0
15652080,663,Spain,Female,38,1,151033.31,2,0,0,168344.45,0
15578706,543,France,Male,38,4,108522.23,2,1,1,134918.27,0
15698355,447,Spain,Male,26,10,0.0,1,0,0,33016.56,0
15601824,604,France,Female,56,8,148183.19,2,1,0,134581.86,0
15813813,612,France,Male,41,10,0.0,1,1,1,60770.64,0
15581876,770,France,Female,24,4,0.0,1,0,0,2756.78,0
15706291,677,France,Female,38,7,169663.9,4,1,1,171201.32,1
15734813,783,Spain,Female,38,7,0.0,2,1,1,193475.95,0
15586947,597,France,Female,45,1,109721.38,1,1,1,72419.87,0
15605508,691,Germany,Female,60,3,0.0,2,1,0,121580.87,1
15684719,665,France,Male,59,7,91532.94,1,0,1,141356.27,1
15768792,629,France,Male,39,9,0.0,2,0,1,186555.24,0
15736940,697,France,Male,32,2,77610.04,2,1,0,191646.16,0
15778435,670,Spain,Female,37,10,96319.02,2,1,1,191531.47,0
15733996,691,France,Female,32,6,0.0,1,1,0,3463.3,0
15702008,720,France,Male,35,9,0.0,1,1,1,23866.59,0
15766812,650,France,Female,47,7,74545.44,3,0,1,154863.35,0
15733424,620,France,Female,40,3,0.0,1,0,0,12763.59,0
15695267,830,Germany,Female,31,10,130271.91,1,1,1,51678.22,0
15673043,587,France,Female,35,3,137633.83,2,1,0,100405.51,0
15610711,625,France,Male,43,6,148557.74,1,1,1,18704.83,0
15687083,537,France,Female,37,8,0.0,1,1,1,120175.83,0
15706413,595,France,Male,39,7,138129.76,1,0,1,164995.67,0
15617013,473,France,Male,41,6,63810.26,1,0,1,87545.76,0
15695057,640,France,Male,27,6,117697.48,2,1,0,30382.54,0
15737465,677,Spain,Male,32,2,99293.22,3,0,1,108722.72,0
15797821,542,France,Male,31,10,0.0,1,0,1,74407.45,0
15569464,625,France,Female,35,3,0.0,2,1,1,28364.37,0
15783141,680,Spain,Male,61,6,144348.1,2,1,0,187835.48,1
15788228,599,Germany,Female,36,10,94341.83,1,1,0,50775.32,0
15647230,665,France,Male,34,2,158425.37,3,1,1,3573.93,0
15808361,492,Germany,Female,54,2,88900.65,1,0,1,184005.15,0
15714457,677,France,Male,28,7,58740.26,2,1,1,189070.88,0
15596324,586,Germany,Female,33,0,0.0,1,0,1,126148.27,0
15619453,666,Germany,Male,35,1,126476.08,1,1,1,153115.04,0
15664881,653,Germany,Female,34,5,0.0,2,0,0,189257.94,0
15566637,596,Germany,Female,35,2,0.0,2,0,0,150125.8,0
15610806,654,Germany,Female,29,0,0.0,2,1,0,175594.76,0
15769496,690,France,Female,50,1,79273.3,1,0,0,199052.6,1
15748164,850,France,Male,30,2,96691.91,2,0,0,122020.78,0
15758411,765,Spain,Male,26,4,86452.44,2,0,1,168489.36,0
15586049,480,France,Female,33,10,0.0,2,0,0,93527.57,0
15777853,629,France,Female,45,2,159054.42,1,1,1,12456.34,0
15565763,554,Germany,Male,29,8,107833.88,1,0,1,66525.96,1
15576081,648,Spain,Female,29,6,150369.7,2,1,0,169686.89,0
15799804,784,Spain,Female,36,6,158157.07,1,1,0,34506.54,1
15674820,528,France,Male,40,1,0.0,2,0,1,182943.4,1
15581942,552,France,Male,42,4,86281.22,1,1,0,98150.45,0
15712929,850,Spain,Female,23,7,103604.17,2,1,0,149592.15,0
15742429,509,Spain,Male,43,8,134301.54,1,0,0,167431.7,0
15570517,730,France,Female,45,1,0.0,1,1,1,195581.13,0
15742657,500,France,Male,37,4,76115.66,2,1,1,13198.4,0
15762551,651,Germany,Male,39,2,159054.79,2,0,0,41977.17,0
15767786,675,France,Female,37,3,108881.21,3,1,0,188829.92,0
15637420,455,France,Female,42,1,0.0,2,1,0,132225.82,0
15699694,681,Germany,Male,38,5,0.0,1,1,0,130241.58,0
15723738,714,Germany,Male,43,3,87587.6,2,1,0,80462.58,1
15761514,474,France,Female,46,0,0.0,1,0,0,21523.58,1
15709777,605,France,Male,49,10,81608.12,1,0,1,71398.47,0
15606255,611,France,Male,36,1,0.0,2,1,0,73422.95,0
15782494,594,Germany,Female,41,1,190709.33,1,0,1,147181.62,0
15590923,663,Germany,Female,29,9,141128.08,2,1,1,73931.95,0
15709397,436,Spain,Male,29,0,173776.82,1,1,0,99583.07,0
15652345,644,France,Male,31,2,121345.62,2,1,0,175453.27,0
15780279,733,France,Female,49,1,97255.12,1,0,0,178785.3,0
15767681,763,France,Male,51,4,0.0,1,0,0,59594.38,1
15778158,792,France,Female,34,9,138112.36,1,1,0,18001.5,0
15751659,530,France,Male,40,4,86371.48,1,0,0,105237.99,0
15581530,686,France,Female,24,7,125297.93,1,1,1,13995.09,0
15620004,689,France,Male,28,4,105444.55,2,1,0,51517.35,0
15700143,573,Germany,Female,40,6,0.0,2,0,0,154196.22,1
15750864,542,France,Female,48,3,121409.72,2,0,0,135739.25,1
15709364,507,France,Female,51,3,159671.23,2,0,1,192867.84,1
15716225,661,France,Male,30,7,125886.39,2,1,0,158630.63,0
15633850,490,France,Male,41,8,200619.55,3,1,0,56969.91,1
15750383,610,France,Male,30,0,0.0,2,1,1,111154.65,0
15633479,850,France,Female,61,5,151837.27,1,1,1,144285.85,1
15788164,664,Spain,Female,37,4,126306.05,1,1,0,177532.15,0
15579157,640,France,Male,34,8,104878.8,2,1,0,175062.56,0
15747358,735,France,Male,34,9,0.0,2,1,1,157102.29,0
15752475,762,Germany,Male,47,9,0.0,2,1,1,17296.64,0
15804330,627,Spain,Male,30,4,102262.14,1,1,1,175738.7,0
15656295,530,France,Female,41,0,95769.19,1,1,0,75582.21,0
15617587,559,France,Male,35,4,0.0,1,0,0,122138.61,1
15689117,757,Germany,Male,34,2,113145.78,2,1,1,115601.88,0
15675227,723,Germany,Female,39,6,115069.94,2,1,1,116321.48,0
15701315,555,France,Female,43,0,109895.22,1,1,0,174216.04,1
15707925,687,Germany,Male,27,8,74708.22,1,0,1,64854.48,1
15669769,581,France,Male,27,1,95211.44,3,0,0,73076.39,0
15758618,690,France,Female,31,1,98319.97,2,0,0,145568.13,0
15642126,721,Germany,Male,43,2,102659.8,1,1,1,95155.97,1
15655653,764,France,Female,30,3,106557.06,2,0,0,85588.22,0
15578066,731,France,Male,38,2,152060.27,1,1,0,191321.73,0
15600770,547,Spain,Male,33,3,139953.64,1,1,1,73781.93,0
15604026,442,France,Male,24,10,186570.83,1,1,1,198644.99,0
15618739,711,Germany,Female,50,2,84113.91,2,1,0,19113.61,0
15621915,580,Germany,Male,46,10,0.0,2,0,1,109430.81,0
15768239,773,Spain,Female,37,6,126752.94,1,0,0,54200.9,0
15749140,591,Germany,Female,53,8,145479.94,1,1,0,102800.39,1
15692309,835,France,Female,28,0,108486.18,2,1,0,190817.46,1
15768983,629,Germany,Female,55,9,0.0,1,1,0,143372.94,0
15711532,732,France,Male,45,10,0.0,1,1,0,184792.49,0
15693756,726,Germany,Male,44,3,0.0,1,1,0,180047.09,0
15698375,619,France,Male,52,0,0.0,1,1,1,4133.29,0
15639500,631,Spain,Male,42,5,98233.91,2,1,1,15094.62,1
15776915,611,Germany,Female,25,5,0.0,1,1,0,74209.35,0
15628204,566,Spain,Female,58,6,0.0,2,1,0,168286.28,1
15728996,817,France,Female,30,4,165476.08,1,1,1,172665.18,0
15648294,650,Spain,Male,32,6,145236.72,1,1,1,15759.95,0
15589492,631,Germany,Male,46,0,140851.23,1,1,1,145314.77,0
15815119,849,Germany,Male,34,6,0.0,2,1,1,3952.98,0
15658774,575,Germany,Female,44,0,124030.4,2,1,0,174926.49,0
15775080,553,Germany,Female,36,10,0.0,2,1,0,179998.12,1
15722902,850,Spain,Male,39,7,95376.69,1,0,1,159145.2,0
15632770,570,France,Male,43,9,129572.4,1,0,0,164362.24,0
15761687,664,France,Female,25,8,0.0,1,1,0,141706.8,0
15638442,645,France,Male,41,8,0.0,1,1,0,25367.03,0
15711757,682,France,Male,36,3,108587.84,1,1,0,143933.98,0
15702059,646,France,Female,57,6,135568.54,2,1,0,113833.53,0
15726984,780,France,Male,42,2,118953.46,1,1,0,70981.64,1
15809465,619,France,Female,35,4,0.0,1,1,0,11856.08,0
15567454,672,Germany,Male,32,8,0.0,1,1,1,1719.29,0
15610722,718,France,Male,38,1,149012.06,1,0,1,126466.88,0
15611081,725,Germany,Female,38,4,0.0,4,1,1,77146.62,0
15632374,523,France,Male,40,5,0.0,2,0,1,90995.28,0
15707274,652,Spain,Male,35,0,112376.65,2,1,0,139593.82,0
15802209,406,Germany,Male,36,0,139077.29,2,0,1,37213.73,1
15576790,659,Germany,Female,38,1,137626.54,2,1,0,121212.89,0
15740678,579,Spain,Male,47,4,160510.19,1,1,0,19007.41,0
15603064,560,France,Female,31,10,107444.92,1,0,1,111117.21,0
15622997,593,Spain,Female,36,10,100714.42,2,0,1,161405.38,0
15580254,698,France,Female,42,6,68747.32,2,1,1,164513.94,0
15636127,618,Germany,Male,43,0,9272.13,1,1,0,50898.36,1
15585824,617,Germany,Male,39,9,99761.56,2,1,1,81223.66,0
15698195,752,Spain,Female,66,6,96874.32,2,0,0,98395.16,0
15664875,636,Germany,Male,32,7,190473.4,2,0,0,193734.18,1
15601469,462,France,Female,29,6,63154.35,4,1,1,159806.09,0
15727182,721,Germany,Female,27,8,0.0,2,0,1,161706.68,0
15599248,585,France,Female,43,5,112827.48,2,0,0,83466.04,1
15597376,490,France,Male,33,10,105638.07,2,1,0,163901.98,1
15796792,850,France,Male,35,7,0.0,2,1,0,59178.1,0
15791992,654,France,Female,33,8,0.0,2,1,0,58633.23,0
15692751,801,Germany,Male,41,6,135715.41,1,1,1,8676.02,0
15618403,665,Germany,Female,31,10,59150.06,1,1,1,37085.06,0
15615348,617,France,Female,34,3,73882.05,1,0,0,135994.85,0
15723041,579,Germany,Female,52,0,109382.15,2,1,0,75118.99,0
15737555,675,Spain,Female,29,1,81850.36,2,0,1,64126.49,0
15644678,679,Spain,Male,44,10,0.0,1,1,1,172531.59,1
15667883,657,Germany,Male,46,1,92300.5,1,1,1,107697.91,0
15771652,679,Germany,Female,46,7,0.0,2,0,1,84960.05,0
15603166,671,France,Male,44,3,112323.93,2,1,1,168763.26,0
15771515,850,Spain,Male,41,9,0.0,2,1,0,5975.15,0
15768622,833,France,Male,36,8,106586.85,1,1,1,144387.35,0
15627934,535,Spain,Male,33,1,161230.71,1,1,1,117607.68,0
15648430,748,France,Female,33,2,110303.34,2,1,1,57036.9,0
15632358,730,France,Female,37,4,125930.03,1,0,1,91787.62,0
15580259,637,Spain,Male,33,1,0.0,1,1,1,155728.91,0
15667564,846,France,Male,28,5,134148.89,2,1,0,61679.35,0
15725788,649,Germany,Female,26,5,0.0,1,1,1,89450.79,0
15758629,783,France,Female,42,6,0.0,1,1,0,61482.63,0
15572158,738,Germany,Male,24,7,175000.14,2,0,0,9291.51,1
15755222,719,Spain,Male,35,8,108859.62,1,0,0,31115.21,0
15635320,824,France,Female,32,1,0.0,1,1,0,184502.99,0
15641834,687,Spain,Female,62,9,109834.46,1,1,0,79371.45,1
15614483,749,France,Male,40,4,98228.34,2,1,1,139146.12,0
15813878,603,France,Male,41,0,122396.97,1,0,0,93468.21,0
15708526,613,Spain,Female,27,10,187604.48,2,1,1,283.33,0
15695972,451,France,Female,42,6,75570.99,1,1,0,27466.8,0
15715925,833,France,Male,30,3,90523.43,2,1,1,169222.78,0
15730007,640,Germany,Female,32,8,101105.49,1,1,1,46676.9,0
15643366,711,Spain,Male,22,1,121736.87,2,1,0,141273.17,0
15775830,609,Spain,Female,34,2,0.0,2,1,0,163451.89,0
15780398,627,Germany,Male,34,4,65043.91,1,0,0,54585.66,0
15743738,640,Germany,Male,38,6,110279.32,2,1,1,95595.72,1
15732350,751,Germany,Female,30,3,94677.55,1,1,1,166493.02,0
15576077,498,France,Male,45,6,0.0,2,1,0,2588.93,0
15677505,652,France,Male,31,1,140226.31,1,1,1,33449.97,0
15695302,494,France,Male,29,4,161429.89,2,1,0,162785.52,1
15804458,747,Germany,Male,54,7,141444.15,1,0,0,128024.93,1
15743635,684,France,Male,36,4,78656.66,2,1,0,155373.32,0
15740802,654,Germany,Male,39,8,175777.45,1,1,0,119588.99,0
15803631,727,Spain,Male,35,6,0.0,1,1,0,59097.22,0
15676322,687,France,Male,42,9,164232.01,2,1,1,135886.71,0
15689250,641,Germany,Male,35,1,160562.17,1,0,0,84298.13,1
15703215,608,Germany,Female,29,9,118286.33,2,0,0,113306.89,1
15741412,655,France,Female,62,4,0.0,1,1,1,4933.61,0
15701553,658,Germany,Female,29,8,119653.31,2,1,1,143838.16,0
15721461,724,Spain,Female,34,6,0.0,2,1,1,153228.19,0
15740015,475,Germany,Male,42,2,0.0,1,1,1,151619.27,0
15772725,804,Germany,Male,37,10,0.0,2,1,1,108194.25,1
15607870,604,Spain,Female,37,5,118881.43,3,0,1,43447.8,0
15766491,671,France,Male,68,1,115046.93,1,1,1,4873.15,1
15719537,845,Germany,Female,31,10,0.0,1,0,0,177985.77,1
15579548,592,France,Female,40,3,0.0,3,1,0,166196.73,0
15731118,551,Spain,Male,60,7,203083.5,2,1,0,100384.48,0
15812655,731,Spain,Female,31,7,97881.75,2,0,0,125168.23,1
15604868,633,Spain,Female,41,2,150240.33,1,1,1,104312.48,0
15581898,744,France,Female,33,7,0.0,2,1,0,142623.48,0
15646058,623,Spain,Male,32,5,134937.18,2,1,1,129482.33,0
15748870,624,Germany,Female,35,6,186827.78,2,0,1,184185.37,0
15727863,713,Spain,Male,38,9,148379.24,2,1,0,30620.62,0
15658258,645,Germany,Female,30,6,75341.67,3,0,0,157736.07,0
15787645,551,France,Male,31,10,152399.05,1,0,1,97297.25,0
15643787,754,France,Male,31,5,118840.03,1,1,0,185013.98,0
15787764,624,France,Male,57,4,128249.99,2,1,0,133792.47,1
15657044,776,Germany,Male,37,2,0.0,1,1,0,116159.23,0
15565887,526,France,Male,29,6,94002.13,2,1,0,146414.37,0
15735806,560,Germany,Female,44,2,58827.17,4,1,1,188303.38,0
15732181,618,France,Male,27,1,62154.23,2,1,1,30476.96,0
15681610,525,France,Female,39,9,0.0,2,1,0,182254.23,0
15642875,450,France,Male,37,6,120367.8,4,0,0,155988.38,0
15773015,444,France,Male,52,4,131757.33,1,0,0,63514.79,1
15795084,456,France,Female,29,8,123877.12,2,1,1,12468.97,0
15591649,611,Spain,Male,27,10,0.0,2,1,1,84928.5,1
15689995,728,Germany,Male,46,9,182826.78,2,0,0,192054.68,1
15576390,664,Spain,Male,41,3,141374.21,1,1,0,145721.73,0
15591886,496,France,Male,29,0,0.0,1,1,0,58969.01,0
15808948,507,France,Male,31,2,131739.31,2,1,0,58051.6,1
15748619,745,France,Female,35,9,0.0,1,0,1,85440.35,0
15616301,631,France,Female,32,9,0.0,2,0,0,151052.42,0
15621054,588,Spain,Female,50,1,117891.39,2,0,1,93942.34,0
15612092,643,France,Female,27,3,167598.53,2,0,1,54487.83,0
15685526,842,Spain,Female,27,3,184120.65,1,1,1,5521.27,0
15799654,694,Germany,Male,40,8,0.0,2,0,1,77208.66,0
15742495,850,Germany,Male,37,6,167136.37,1,1,1,65779.16,0
15804263,704,Germany,Male,38,0,0.0,2,1,1,125883.99,0
15793271,605,Germany,Female,50,8,121491.2,2,1,0,50537.68,1
15733083,703,Germany,Male,29,5,120808.56,1,1,0,54643.06,0
15585701,682,Spain,Male,42,6,106694.46,1,0,1,119036.64,0
15582624,534,France,Male,38,7,104971.42,1,1,0,18451.63,1
15644847,660,Germany,Female,51,0,120011.17,2,1,1,56827.17,0
15580540,675,France,Female,26,9,139752.23,1,1,1,168338.35,0
15619636,453,France,Male,31,7,0.0,1,1,0,158013.69,0
15679524,558,France,Female,27,10,0.0,1,0,1,117636.98,0
15645289,660,France,Female,41,6,115516.81,1,1,1,36888.26,0
15736634,548,Spain,Male,30,4,134720.31,1,1,0,57160.98,0
15808070,623,Spain,Male,39,3,95459.49,1,0,0,77706.71,1
15662665,798,France,Female,27,0,109559.2,1,0,1,12942.54,0
15598652,784,France,Female,41,10,0.0,3,1,0,145160.77,0
15794618,775,France,Female,25,1,57642.01,1,1,1,169545.41,0
15756014,638,Spain,Male,47,6,140362.04,1,0,1,103445.13,1
15799012,730,France,Male,32,8,129867.72,2,0,1,111697.26,1
15792749,577,France,Male,40,7,0.0,2,1,0,72524.08,1
15586263,612,France,Female,29,7,175132.12,1,1,0,118795.57,1
15777261,692,France,Male,41,3,0.0,3,1,0,71326.08,1
15655984,743,Germany,Male,50,1,0.0,2,1,0,21525.36,0
15733979,759,France,Female,45,3,95320.23,2,0,1,27173.7,0
15632323,808,France,Male,33,9,132064.37,2,1,0,183054.97,0
15636329,624,France,Male,35,0,0.0,3,0,0,16973.91,0
15750574,583,Germany,Female,26,5,0.0,1,1,0,54100.17,0
15701249,761,Spain,Male,66,8,128954.26,1,1,1,91602.7,0
15599884,617,Spain,Male,24,2,161745.76,1,0,1,146568.03,0
15681290,633,Germany,Female,46,3,140386.26,1,1,1,117043.64,1
15688450,585,France,Male,55,0,172432.0,2,1,0,164856.07,0
15802015,585,Spain,Male,30,5,92899.05,2,1,0,104374.68,0
15670428,686,France,Male,40,5,0.0,2,1,1,37399.73,0
15677503,758,France,Female,49,1,134150.17,1,1,0,98709.63,1
15744339,560,France,Male,33,4,0.0,2,1,1,97406.81,0
15677329,658,France,Male,23,3,0.0,1,1,1,47461.38,0
15726034,560,France,Male,26,9,127761.99,1,1,0,186542.91,0
15583186,759,France,Male,32,0,0.0,2,1,1,45943.59,0
15694178,732,Germany,Female,40,7,161386.52,1,1,1,39511.78,1
15801367,725,Spain,Female,52,7,58579.66,1,1,1,189514.4,0
15785032,712,France,Male,31,9,0.0,2,1,0,164082.87,0
15739004,553,Germany,Male,43,10,92232.8,2,0,0,134350.8,1
15615948,721,Spain,Male,30,0,134541.68,1,1,0,161845.6,0
15623094,503,France,Male,29,8,136478.84,1,1,1,100474.53,0
15788470,537,France,Female,40,9,0.0,2,1,0,77388.72,0
15585254,692,Germany,Female,33,8,153137.48,2,0,0,183885.36,0
15684672,555,Spain,Female,47,8,172453.77,2,1,1,158314.9,0
15662008,638,Spain,Female,51,0,0.0,1,1,0,95104.49,0
15695980,599,France,Female,33,2,183830.19,1,1,0,171032.95,0
15567900,567,Germany,Female,42,0,0.0,2,1,0,51332.86,1
15618766,789,Germany,Male,34,3,128128.93,2,1,1,116217.59,1
15613103,506,France,Female,44,10,129611.85,2,0,1,131662.72,0
15753097,587,Spain,Male,38,2,129798.34,1,0,0,144334.4,0
15570965,850,Germany,Male,44,8,145977.09,1,1,1,78358.48,1
15607708,823,Germany,Male,42,6,0.0,2,1,1,147994.83,0
15620484,850,France,Female,59,5,0.0,2,0,1,140251.37,0
15710891,719,France,Male,38,7,130114.71,2,0,1,128641.91,0
15804963,632,France,Male,34,4,0.0,2,1,0,69326.85,0
15566742,457,Germany,Male,34,9,0.0,1,1,0,119447.25,0
15695924,683,Germany,Female,32,8,0.0,1,1,1,109605.68,0
15744956,649,Spain,Female,38,3,125282.94,2,1,1,52704.14,0
15635046,607,France,Female,32,7,0.0,1,0,0,19894.7,0
15687001,781,Spain,Female,30,10,0.0,1,1,1,158024.73,0
15679130,685,France,Female,39,10,124288.84,2,1,0,145352.78,0
15798230,608,France,Male,41,7,83861.2,1,1,1,81095.55,0
15708681,691,Germany,Male,44,8,147072.12,2,1,1,133521.78,1
15739880,695,France,Male,33,8,0.0,2,1,0,9311.36,0
15755288,807,France,Male,49,0,99532.89,2,1,0,41915.99,0
15790037,584,France,Male,55,10,168233.09,2,1,0,23261.11,1
15791584,724,Germany,Female,62,0,83723.98,1,1,1,125976.9,0
15580180,475,Germany,Male,48,9,101140.06,2,1,0,3258.58,1
15662025,680,France,Female,34,7,74423.02,1,1,0,108136.56,0
15662779,443,Spain,Female,30,1,0.0,1,1,0,144201.43,0
15741997,622,Spain,Female,34,7,0.0,1,1,0,110668.42,0
15811029,662,France,Male,47,1,102693.05,2,1,1,188600.6,0
15695670,698,Germany,Female,56,6,83638.29,2,1,0,95688.7,1
15738355,702,Spain,Male,49,2,114688.27,2,1,0,94792.9,1
15664824,565,France,Male,32,10,113734.26,1,0,0,104618.68,1
15720794,840,Spain,Male,38,2,129999.44,2,1,1,78632.04,0
15707793,709,Germany,Female,24,7,0.0,2,1,0,57224.32,0
15650884,486,Spain,Female,48,5,117243.62,1,1,0,61755.32,1
15761236,548,Spain,Male,52,9,131680.92,1,1,0,133425.02,1
15680255,685,Spain,Male,32,8,0.0,1,0,0,154692.22,0
15601811,567,Germany,Female,30,4,173048.22,2,1,1,180526.52,0
15624147,712,Spain,Female,29,7,109687.04,1,1,0,22667.29,1
15680119,480,France,Male,38,8,148721.1,1,1,0,161783.2,1
15620619,515,France,Female,44,7,0.0,1,1,0,54289.6,0
15705673,432,France,Male,50,10,0.0,1,0,0,184482.75,1
15739190,542,France,Male,46,7,105902.13,2,1,1,172833.42,0
15583700,590,France,Female,40,10,102851.99,1,0,0,42474.35,1
15739009,627,Germany,Female,48,9,102041.2,2,0,0,46939.73,0
15799754,744,Spain,Female,33,3,129709.67,2,0,1,71381.31,0
15660514,688,France,Male,30,8,0.0,2,1,0,120930.05,0
15568140,481,France,Male,40,1,93771.29,1,1,1,185753.12,0
15795434,786,Spain,Female,43,10,148316.49,1,1,1,50695.35,0
15774777,705,Germany,Male,41,10,0.0,2,1,0,74464.51,1
15738329,615,Spain,Female,25,1,0.0,1,1,1,117168.49,0
15642610,637,France,Female,44,8,157608.28,2,0,0,8147.9,1
15600125,650,Spain,Female,46,7,140306.48,1,1,0,198973.61,1
15674261,736,Germany,Male,30,1,0.0,1,0,1,143084.59,1
15602167,510,Germany,Male,36,5,101371.6,2,1,1,92496.47,0
15569131,701,Germany,Female,49,6,60417.46,1,1,0,42141.97,0
15754740,621,France,Female,38,0,0.0,2,1,1,55307.36,0
15580567,506,France,Female,34,2,90640.38,2,1,1,38837.08,0
15787771,655,Germany,Female,55,6,134619.04,1,1,0,17680.58,1
15698069,723,France,Female,53,2,146817.45,2,1,1,186058.61,1
15648796,616,Spain,Male,35,3,153034.0,1,1,0,19832.24,1
15734108,850,France,Female,26,4,142718.36,1,0,1,197342.59,0
15814983,692,Germany,Male,33,4,140272.51,2,1,0,106306.04,0
15576527,674,Spain,Female,42,3,0.0,1,1,1,148999.09,0
15682181,763,France,Female,39,7,90350.11,1,1,0,82346.28,0
15644078,736,France,Male,28,8,0.0,1,1,0,141510.03,0
15599325,686,France,Male,24,8,0.0,1,1,0,91181.53,0
15651751,562,Spain,Male,25,1,0.0,1,1,1,130407.51,0
15577050,522,France,Male,25,5,42407.85,2,1,1,199068.7,0
15795430,628,France,Female,37,0,0.0,1,1,0,108552.54,0
15793811,735,France,Female,41,6,97758.29,1,1,0,43568.24,0
15579747,350,France,Female,42,8,0.0,2,0,0,56031.85,1
15680419,595,Spain,Female,56,3,122529.59,1,1,1,108292.65,1
15619352,618,France,Male,30,9,112335.89,2,0,1,179745.24,0
15708941,694,France,Male,49,7,0.0,1,1,0,80797.05,0
15725290,551,Spain,Female,45,9,0.0,2,0,0,26031.86,0
15693364,664,France,Female,66,2,186239.11,1,1,0,168829.77,0
15767541,850,France,Male,37,4,132827.69,1,0,0,30497.68,0
15760809,603,France,Female,47,3,156572.32,1,1,1,80620.8,1
15609660,538,Spain,Male,61,0,0.0,2,1,1,24701.29,0
15612476,542,Germany,Female,36,7,0.0,1,1,1,129705.04,0
15661212,759,Spain,Female,53,9,81936.91,2,1,0,55169.54,0
15665636,534,France,Male,29,8,120279.24,1,1,1,183429.87,1
15617019,608,Germany,Female,47,10,115541.78,1,0,1,103671.42,1
15610639,664,France,Male,37,2,0.0,1,1,1,65887.1,0
15657456,783,France,Female,42,9,0.0,1,0,0,156128.51,0
15727635,626,France,Male,31,9,158470.67,1,0,1,104331.76,0
15735300,603,Germany,Female,41,9,129547.78,1,0,0,15351.4,1
15688957,700,France,Female,34,5,0.0,1,0,0,175157.48,0
15644631,582,France,Male,38,4,95255.52,2,1,0,15364.11,1
15570643,687,Spain,Male,32,5,136544.39,1,1,0,7448.07,0
15616052,655,France,Male,28,0,118045.3,1,1,1,42220.68,0
15586028,595,Germany,Male,32,8,133983.94,1,1,1,167791.86,0
15610962,639,France,Male,30,3,57421.47,1,1,1,51902.56,0
15587226,546,Germany,Male,39,8,51361.65,1,0,1,198512.68,0
15762520,768,France,Female,32,7,0.0,1,1,0,51031.59,0
15792397,378,Germany,Male,47,9,146126.66,1,1,0,58627.21,1
15711876,632,Spain,Male,51,5,96649.21,1,0,1,1974.28,0
15664106,651,France,Male,51,0,159129.99,2,1,0,154179.65,0
15760990,658,France,Male,54,0,94287.71,1,1,1,54770.52,1
15712663,623,France,Male,42,3,0.0,1,1,1,59406.92,0
15776524,617,Spain,Male,79,10,104658.66,1,1,1,88243.77,1
15681457,667,France,Female,43,10,132748.74,1,0,0,22253.85,0
15649966,795,France,Male,26,4,0.0,2,1,1,132891.75,0
15646114,658,France,Female,31,6,149941.63,1,1,1,105115.62,0
15672086,594,France,Female,30,1,113634.75,2,1,1,195446.55,0
15805925,687,France,Female,35,1,147141.61,2,0,0,111632.79,0
15599218,668,France,Male,30,1,0.0,1,1,1,59098.72,0
15618958,595,Spain,Female,41,0,146229.33,1,1,0,37519.93,1
15626615,667,Germany,Female,39,4,0.0,2,0,1,160011.47,0
15685417,791,France,Female,44,3,110823.75,2,0,1,20358.14,1
15721758,762,Spain,Male,60,8,103573.02,1,1,0,111236.43,1
15805939,712,Germany,Male,35,4,0.0,2,0,1,110693.74,0
15650449,581,Germany,Female,36,3,103022.7,2,1,1,78035.85,1
15775248,688,France,Female,23,9,121359.1,2,1,0,48727.34,0
15593154,623,France,Male,27,4,127988.37,2,0,1,131027.33,0
15657389,606,France,Female,32,7,0.0,2,1,1,187776.32,0
15574590,524,Spain,Male,31,8,80926.2,1,0,1,190082.67,0
15601308,794,Spain,Male,54,9,134727.69,2,1,0,135307.71,0
15689310,775,Germany,Female,56,2,0.0,1,1,0,12075.06,0
15763478,753,Germany,Male,29,2,0.0,2,0,1,109738.3,0
15714432,673,France,Female,45,3,0.0,2,1,0,187631.0,0
15674827,671,France,Male,46,9,97622.53,1,1,1,61007.68,0
15812396,668,Spain,Male,30,7,0.0,1,1,1,46874.42,0
15693748,756,France,Male,42,0,145769.47,2,0,1,86264.06,0
15771662,531,Germany,Male,47,1,118678.84,2,1,0,22837.79,1
15783561,704,France,Female,29,3,134420.51,1,1,1,133979.04,0
15696514,565,Spain,Male,32,2,181984.39,1,1,0,55176.61,0
15809634,739,Spain,Male,37,10,0.0,1,1,0,123761.47,0
15779702,479,France,Female,39,10,113789.82,2,1,1,59022.6,0
15570856,748,Germany,Male,56,7,141336.89,1,1,0,136476.47,1
15710831,508,France,Male,35,3,194695.18,1,0,0,109347.0,1
15566142,472,Spain,Male,42,8,29966.29,2,1,0,42911.3,0
15784735,675,Germany,Male,26,8,115362.24,2,1,0,60048.84,1
15758624,416,Germany,Female,23,5,0.0,2,1,1,186643.53,0
15787091,484,Germany,Male,27,8,119785.15,2,1,0,91633.68,0
15651183,763,France,Male,51,2,0.0,2,1,1,89545.1,0
15592108,636,France,Male,39,1,135290.71,2,1,1,198158.17,0
15769998,646,Spain,Male,39,9,0.0,1,1,1,14013.56,0
15594241,666,Spain,Male,24,4,0.0,2,0,0,60428.36,0
15565878,728,France,Male,35,1,0.0,1,0,0,40788.82,0
15760320,566,Spain,Male,32,7,0.0,2,1,0,59487.84,0
15571580,591,France,Female,49,0,117219.03,2,1,1,183101.95,1
15681173,610,Spain,Male,27,5,131103.6,2,0,1,36789.9,0
15638377,569,Germany,Female,34,0,160141.64,2,1,1,63039.43,0
15633685,674,Spain,Female,42,10,121185.35,2,1,1,6193.85,0
15577133,721,Germany,Male,37,5,116085.32,2,0,1,158513.1,0
15666963,480,Spain,Male,40,8,105101.06,3,1,0,159823.9,0
15680437,690,Germany,Male,35,1,100875.69,2,1,1,136061.28,0
15693196,780,France,Female,39,3,142676.03,2,0,1,196329.62,0
15702223,685,Germany,Female,37,3,106381.51,1,0,1,181569.85,0
15647500,622,Spain,Female,27,7,0.0,2,0,0,195459.1,0
15679203,638,Germany,Female,38,4,122160.44,2,1,0,98778.41,0
15635472,655,France,Male,30,6,150320.81,1,1,1,40907.34,0
15747771,605,France,Male,29,10,0.0,2,1,0,4243.86,0
15719729,632,Spain,Female,33,3,102855.43,1,1,1,178594.6,0
15701346,496,Germany,Female,41,4,104359.89,2,0,1,134699.43,0
15740028,573,France,Male,26,1,114360.73,2,1,0,142183.87,0
15648629,665,France,Female,43,4,0.0,1,1,1,189794.73,0
15810690,589,France,Male,38,0,120641.67,2,1,0,83085.42,0
15677552,718,Germany,Female,31,9,120131.1,2,1,1,11947.91,0
15567015,731,France,Female,32,9,0.0,1,1,1,193428.86,0
15812680,704,Germany,Female,39,0,0.0,2,1,1,124212.93,0
15634026,766,France,Female,32,5,0.0,2,0,1,144584.74,0
15605547,542,France,Female,32,9,0.0,1,0,0,197892.88,0
15650263,757,France,Male,36,8,154121.74,1,1,0,127329.73,1
15586784,780,France,Female,34,6,0.0,2,0,1,7899.66,0
15800402,663,France,Male,34,2,0.0,1,0,0,102342.36,0
15622752,603,France,Male,48,4,0.0,2,1,1,184792.01,0
15597784,627,France,Male,49,8,150605.86,1,1,1,70808.82,0
15606780,784,Spain,Female,37,9,106228.42,2,0,0,37672.62,1
15573370,566,Germany,Male,69,0,0.0,1,0,1,67395.33,1
15743515,694,France,Female,33,6,170196.77,1,1,1,65144.45,0
15698813,501,France,Female,44,4,0.0,2,0,0,48266.6,0
15582336,731,France,Male,45,6,77810.44,2,1,1,16242.49,0
15788544,627,France,Female,24,3,0.0,2,0,1,118857.15,0
15627355,568,France,Female,38,4,0.0,2,1,0,28029.57,0
15593064,672,France,Male,42,1,69240.52,1,1,1,157854.53,0
15673808,647,France,Female,36,2,181563.28,3,0,1,71931.91,0
15653604,765,France,Female,41,1,65804.9,1,1,0,7599.32,0
15669898,501,Spain,Female,35,9,0.0,2,0,0,157366.32,0
15654212,708,Germany,Female,34,3,131868.63,2,0,0,3373.77,0
15631159,584,France,Male,40,10,132535.96,1,1,0,142786.4,0
15710261,747,Germany,Male,29,4,146350.82,2,0,1,111044.98,0
15659704,713,France,Female,26,8,0.0,1,1,1,159142.82,0
15707967,633,France,Female,56,7,0.0,2,1,1,195018.96,0
15641506,556,Spain,Male,54,3,0.0,1,1,1,64415.17,0
15582917,659,Spain,Male,44,8,111452.45,1,1,0,44709.53,1
15739522,590,Spain,Male,32,7,120713.08,2,1,0,18712.69,0
15642296,577,France,Male,38,2,106316.85,2,1,0,191799.76,1
15603204,635,France,Male,36,3,0.0,2,0,0,112208.24,0
15788649,666,Spain,Male,48,7,115592.18,1,1,1,20679.51,1
15807042,553,France,Female,32,9,0.0,1,1,0,76974.0,0
15706761,588,France,Male,41,8,101770.67,2,1,0,178634.69,0
15707738,662,France,Male,60,8,134263.5,2,1,1,105654.37,0
15647574,742,Spain,Male,46,2,150609.42,2,1,0,77110.1,0
15651159,725,Germany,Female,44,5,98754.33,1,1,1,60230.59,0
15650192,547,France,Male,42,0,125583.14,2,0,0,117742.45,1
15626229,665,France,Male,28,8,0.0,2,1,0,142935.59,0
15648330,836,Spain,Male,33,6,128505.6,1,1,1,66659.38,0
15807359,608,France,Male,46,8,67160.81,1,0,0,20559.98,0
15636662,470,France,Female,51,10,123888.04,1,1,1,42321.59,1
15628139,699,Spain,Male,43,6,64233.12,1,1,0,136466.78,0
15645403,732,France,Male,32,7,118766.93,1,0,1,173807.54,0
15671977,503,Spain,Female,51,10,148333.65,2,0,0,158408.04,0
15630409,812,France,Female,38,3,0.0,1,0,1,166097.75,0
15735680,505,France,Male,47,0,0.0,1,1,1,11625.59,0
15653310,437,France,Male,41,10,114172.95,1,1,0,177907.42,0
15651955,367,Spain,Male,34,0,72691.63,2,0,0,99041.35,0
15775156,588,Germany,Female,40,2,97609.75,1,1,0,126728.63,0
15601403,591,Spain,Male,33,1,0.0,2,1,1,57288.75,0
15774288,815,Spain,Female,47,9,160236.51,1,1,0,69697.91,1
15722240,622,Spain,Male,28,0,0.0,1,0,0,149169.83,0
15670544,753,France,Female,38,4,0.0,2,1,0,27138.93,0
15640883,503,France,Female,59,5,121958.88,1,1,1,160856.17,0
15801995,778,France,Male,33,9,0.0,1,0,1,12878.91,1
15587017,681,France,Female,48,7,114122.31,1,1,0,186863.23,0
15782674,584,France,Female,38,7,0.0,1,1,1,87387.99,0
15743162,538,Spain,Female,42,2,100122.99,2,0,1,114273.17,1
15782651,726,Germany,Male,32,6,0.0,2,1,0,186313.85,0
15748954,530,France,Male,63,4,0.0,2,0,0,25086.45,1
15769093,692,France,Male,53,6,90395.68,3,1,0,10643.06,1
15692120,636,Spain,Male,47,0,80134.18,1,1,0,139779.02,0
15712425,729,Germany,Female,36,0,0.0,1,1,0,84507.89,1
15581150,608,Spain,Female,36,3,0.0,1,0,0,133791.43,0
15656152,610,Germany,Female,42,1,76415.49,2,0,1,94055.11,1
15671574,645,France,Female,40,10,0.0,1,0,0,72311.87,1
15776296,570,France,Male,38,7,111810.4,2,1,0,58366.2,0
15574324,615,Germany,Male,42,10,124171.88,1,1,1,77601.95,0
15655881,566,France,Female,28,7,170432.68,1,1,0,138481.1,0
15711188,637,France,Male,26,10,67154.35,1,0,1,29634.48,0
15608003,753,France,Male,43,0,0.0,1,1,1,123055.83,0
15600188,643,Germany,Female,34,6,120637.47,2,1,0,3905.54,1
15661804,721,France,Female,37,0,132006.73,2,0,0,192308.11,0
15795728,451,France,Male,39,8,0.0,4,1,0,139501.0,1
15621742,742,Germany,Male,47,6,0.0,2,0,1,16002.16,0
15570122,692,France,Male,59,1,68040.52,1,1,1,47342.96,1
15788732,712,France,Male,32,9,161270.68,2,0,0,177213.15,1
15619889,611,France,Male,46,10,137457.35,2,0,0,185715.17,1
15673818,558,France,Female,58,2,106902.28,1,1,1,34172.56,1
15705070,717,France,Female,41,9,140300.86,2,1,1,2164.04,0
15807179,634,Germany,Male,38,6,120296.53,1,1,1,75931.75,0
15713478,600,Germany,Male,32,4,0.0,1,1,0,18870.08,1
15620869,722,France,Female,52,9,181267.76,1,1,0,40956.71,0
15678986,738,France,Male,36,8,133735.54,2,0,0,103741.69,0
15724829,536,France,Male,45,1,140585.36,1,1,1,2871.23,0
15627574,646,Germany,Male,32,4,110923.39,2,1,1,5553.18,1
15727223,558,Spain,Female,28,10,118326.31,2,1,0,16374.51,0
15652806,591,Spain,Female,39,3,107873.69,2,1,0,35407.39,0
15802339,624,Spain,Male,77,4,0.0,2,1,0,60519.27,1
15737660,709,France,Female,50,9,0.0,2,1,1,8415.99,0
15669514,818,Germany,Male,31,8,0.0,1,1,0,193966.43,1
15709812,770,Germany,Female,56,5,0.0,2,0,0,788.5,1
15724261,655,Spain,Female,37,9,110051.1,1,0,0,34946.86,0
15755558,572,Germany,Female,33,3,158454.01,2,0,0,52700.41,1
15790129,625,Germany,Male,38,7,0.0,1,1,0,128103.23,1
15814505,661,France,Male,35,9,0.0,1,1,0,185483.91,0
15777365,597,France,Female,35,4,0.0,2,0,1,72389.99,0
15689894,766,France,Male,30,5,153125.64,1,1,1,79032.96,0
15679909,795,France,Female,51,1,0.0,1,1,0,33702.47,1
15671097,635,Spain,Female,35,8,99029.3,1,1,0,27765.0,0
15794982,850,France,Male,43,0,0.0,1,0,0,94207.19,0
15761105,471,Spain,Female,45,5,110939.6,2,1,0,91229.44,0
15755942,721,France,Male,29,1,0.0,1,1,1,54996.8,0
15807393,580,Germany,Male,41,9,0.0,2,0,1,22639.37,0
15643027,514,France,Female,32,10,177863.87,2,1,1,58134.31,0
15762610,598,France,Male,23,7,147308.54,2,1,1,147708.23,0
15732581,612,Germany,Male,35,8,117410.16,1,1,0,102036.49,0
15592499,850,France,Female,55,3,94637.25,1,1,0,100249.09,0
15656531,609,Germany,Male,61,1,0.0,2,1,1,133410.0,0
15620571,648,Germany,Female,43,7,163025.59,2,0,0,143323.59,0
15575333,729,Germany,Female,29,8,84787.88,1,0,1,35580.51,0
15609544,672,Spain,Female,28,8,72757.91,2,0,1,124514.53,0
15571124,438,Spain,Male,60,6,84479.69,2,1,0,190206.3,0
15778916,560,France,Female,44,9,127395.67,1,1,1,10716.8,0
15592538,712,Spain,Male,28,0,0.0,2,1,1,60528.81,0
15713266,553,France,Male,29,9,93733.59,1,1,1,31561.32,0
15631993,589,Spain,Male,39,4,0.0,1,1,0,193234.17,1
15663847,718,Germany,Male,39,8,122357.61,2,1,1,84537.86,0
15657753,749,France,Male,39,9,130668.78,2,1,0,181454.62,0
15604498,558,Germany,Female,56,7,0.0,2,1,0,43936.32,0
15775507,745,Spain,Male,46,6,111078.77,2,0,0,15122.56,1
15599972,658,France,Male,33,7,130477.35,2,1,1,151382.76,0
15616105,679,Germany,Female,39,8,113116.92,2,1,0,149956.64,0
15679209,602,France,Female,31,4,0.0,1,1,0,55707.12,0
15812842,702,Spain,Male,27,8,117166.87,2,0,1,70141.51,0
15707017,607,Germany,Male,60,5,192494.69,1,1,0,179060.83,1
15668415,621,France,Male,33,1,0.0,1,1,1,175731.91,0
15681873,536,France,Female,59,2,0.0,1,1,0,159779.63,1
15682104,747,Germany,Female,24,10,0.0,1,0,1,119100.49,0
15780858,715,Spain,Male,38,7,135626.27,2,1,0,14108.71,0
15686021,642,France,Male,31,7,104300.48,1,0,1,197121.99,0
15596994,709,Spain,Male,44,1,98799.81,2,1,1,183498.64,0
15791667,729,France,Female,44,8,117448.8,2,1,1,96122.83,1
15679413,522,France,Male,41,2,67621.31,1,1,1,4613.34,0
15744848,605,France,Male,46,2,127968.79,3,0,0,52620.28,0
15594990,452,France,Male,25,8,0.0,2,0,0,160260.0,0
15638391,611,Spain,Female,81,6,0.0,1,0,1,120954.16,1
15752911,809,France,Female,35,8,0.0,2,0,1,57397.56,0
15622267,838,France,Male,24,4,168423.04,1,1,1,4423.91,0
15602278,798,France,Female,46,4,119911.94,1,1,1,128135.64,0
15748866,591,Spain,Female,32,8,0.0,2,1,1,65812.83,0
15714808,694,Spain,Male,44,2,0.0,2,1,1,160097.94,0
15687245,705,Germany,Female,34,2,120614.68,2,1,0,39804.28,0
15633814,510,France,Female,49,2,127113.48,2,0,0,19885.86,1
15618904,603,France,Male,42,1,0.0,2,1,1,8731.83,0
15751622,507,France,Male,28,7,203134.56,2,1,0,65885.48,0
15641371,614,France,Female,44,8,112129.19,2,1,1,177876.86,0
15808993,605,France,Female,37,5,127978.48,2,1,0,15460.64,1
15690714,679,France,Male,36,0,117268.47,2,1,1,144427.9,0
15600468,667,France,Male,34,4,0.0,2,1,0,99261.83,0
15755205,651,Germany,Male,34,2,131232.76,1,0,1,74783.39,1
15738851,607,Spain,Female,55,4,0.0,2,1,0,153613.95,1
15617219,730,Spain,Female,36,2,73291.96,2,1,1,154062.85,0
15570452,546,Spain,Female,53,3,0.0,1,1,1,28934.08,0
15575766,617,France,Male,29,10,0.0,1,0,0,151303.91,0
15689560,451,Germany,Female,44,10,193284.55,2,0,1,144729.53,0
15689241,622,France,Male,29,8,120225.0,2,1,0,39783.4,0
15783226,611,France,Male,40,0,0.0,2,1,0,15861.59,0
15585427,658,France,Male,33,6,92591.6,1,1,1,52296.68,0
15722252,612,Spain,Male,31,9,116130.85,1,1,0,5909.98,1
15734091,614,Spain,Female,22,6,0.0,1,1,1,26230.98,0
15735323,732,Spain,Female,39,4,112502.18,1,0,1,88530.45,0
15706471,822,Germany,Female,40,7,134725.58,1,1,1,55858.18,1
15640025,649,France,Female,38,5,0.0,1,0,0,5524.19,0
15680445,820,France,Male,26,5,103865.98,1,1,1,21185.85,1
15667393,652,France,Female,43,9,116975.97,1,1,0,4646.74,0
15698205,585,France,Male,33,2,75858.94,1,1,0,138657.66,0
15769638,544,France,Male,28,6,0.0,2,1,1,755.11,0
15589527,765,Germany,Male,28,4,99514.31,2,0,1,100588.39,0
15746600,630,France,Male,56,10,0.0,1,1,0,14884.2,1
15746047,605,France,Male,41,8,0.0,1,1,1,132404.6,0
15570157,652,France,Female,33,2,191870.26,2,1,0,168295.67,0
15634963,702,Spain,Male,33,10,113862.08,1,1,1,179852.58,0
15639131,710,France,Male,32,9,127609.41,2,0,1,184072.56,0
15689824,499,Germany,Female,38,10,0.0,1,1,0,149051.95,1
15713875,628,Germany,Female,67,10,99219.9,2,0,0,87435.11,1
15595331,662,Spain,Male,33,1,163707.22,1,1,0,73551.18,0
15698970,573,Spain,Female,56,4,104002.41,1,1,1,126879.52,0
15776987,790,France,Male,36,7,105127.99,2,1,1,75134.84,0
15653471,660,Spain,Female,30,6,112158.46,2,1,1,154258.43,0
15743760,633,Germany,Male,39,7,0.0,2,0,0,109566.96,1
15664111,709,France,Female,27,0,93553.26,1,1,1,63685.03,0
15658512,661,Germany,Female,40,0,92221.33,1,1,1,177935.91,1
15686937,528,Spain,Female,31,9,71663.68,1,1,1,5406.95,0
15629901,504,France,Female,40,5,0.0,1,0,0,5401.82,0
15570340,534,Germany,Male,46,10,107283.68,1,1,1,145756.2,0
15621545,524,France,Male,53,3,138505.99,1,0,1,96050.81,0
15629539,600,Spain,Male,42,2,112878.09,2,1,0,156965.76,0
15793935,696,Germany,Male,48,0,0.0,2,1,1,187608.74,0
15591086,663,Spain,Female,42,10,104496.3,1,0,0,65669.93,0
15702835,524,Spain,Male,46,9,123204.44,1,0,1,137745.55,0
15719625,526,France,Female,54,0,0.0,2,1,0,142734.77,1
15677397,637,France,Female,51,8,101138.27,3,1,0,164219.48,1
15732229,631,France,Male,30,10,71363.97,1,1,0,136767.82,0
15777579,597,France,Female,33,6,139659.44,2,1,1,141133.8,0
15626536,651,France,Male,28,9,134813.99,2,1,0,36119.1,0
15685828,620,France,Female,41,4,83810.19,2,1,0,24515.68,0
15752064,550,France,Female,32,10,88392.57,1,1,0,174378.13,0
15716508,740,France,Female,52,4,118221.34,2,1,0,81204.33,1
15581259,690,Spain,Male,40,8,0.0,1,1,0,2568.11,0
15718907,708,Germany,Female,27,9,110601.39,2,1,0,190432.62,0
15639250,644,Spain,Male,46,2,114340.71,1,1,1,185904.38,0
15730238,831,Spain,Female,81,10,0.0,1,1,0,1937.28,0
15655373,712,Germany,Male,48,6,0.0,1,1,0,195694.45,0
15622530,682,France,Female,27,5,114970.62,1,0,1,121036.71,0
15659606,647,Germany,Male,42,0,0.0,1,0,1,17259.15,0
15699983,727,Spain,Male,35,2,113944.16,2,1,1,180311.94,0
15696404,480,Spain,Male,32,9,131280.37,1,1,0,164342.4,0
15626399,546,France,Male,50,4,66941.89,2,1,0,3449.86,0
15673341,786,Spain,Male,38,1,162675.82,2,1,0,20392.48,0
15639654,667,France,Female,38,4,168842.12,2,1,0,82100.83,0
15798780,521,France,Male,26,4,125759.2,2,1,1,93313.62,0
15774437,828,France,Male,35,9,115531.6,2,1,1,112752.33,0
15566693,673,France,Female,38,4,116594.12,1,0,0,178856.94,0
15805463,558,France,Male,27,4,131684.24,2,0,0,165801.15,0
15683403,737,France,Male,43,10,0.0,2,0,1,50684.29,0
15673838,410,France,Female,30,8,79147.86,1,1,0,11709.91,0
15668442,767,France,Male,37,9,124707.31,2,0,1,150306.7,1
15612122,710,Germany,Male,46,8,0.0,1,0,0,13636.5,1
15808556,635,Germany,Female,38,5,0.0,1,0,1,114644.38,0
15648705,750,Spain,Male,32,7,0.0,1,1,1,134122.87,0
15761677,639,Spain,Male,38,7,0.0,1,0,0,70098.11,0
15647874,760,Germany,Female,37,5,113259.55,2,0,0,23003.3,1
15605756,743,Spain,Female,31,6,118180.37,1,1,0,84507.43,0
15686838,519,Germany,Male,38,7,143505.51,1,1,1,61342.77,0
15796165,440,France,Female,33,4,0.0,2,0,1,122077.17,0
15622036,681,Spain,Male,38,3,90481.97,1,0,0,8979.03,0
15692578,751,France,Female,33,10,96063.4,3,1,1,102340.26,0
15585780,767,Germany,Male,49,4,0.0,1,0,1,133325.08,0
15804831,684,France,Male,35,7,0.0,2,1,1,76293.7,0
15663622,815,France,Male,46,9,0.0,2,1,0,70413.25,0
15679204,740,Germany,Male,43,2,138234.51,1,1,0,81842.03,0
15646900,602,France,Female,46,4,88379.2,2,1,1,65679.07,0
15776060,577,Spain,Male,57,9,0.0,2,1,1,98478.57,1
15710684,710,France,Male,44,3,0.0,1,1,1,55691.06,0
15642933,438,France,Female,47,7,144293.14,1,1,1,118797.01,1
15749188,496,Spain,Female,42,9,0.0,1,0,0,100565.13,0
15779794,659,France,Female,41,2,0.0,2,1,0,119114.09,0
15778067,588,Germany,Male,38,0,104531.05,2,1,1,198150.64,1
15574004,507,France,Male,31,4,0.0,1,0,0,146470.05,0
15717391,698,Germany,Female,39,0,127587.82,1,1,1,38450.39,1
15631704,743,Germany,Female,42,2,139726.08,2,1,0,20898.42,1
15629815,774,France,Male,22,10,0.0,1,1,1,58524.34,0
15723843,601,France,Male,24,1,152937.26,1,1,1,101225.24,0
15775598,576,France,Female,45,9,75274.2,1,0,0,199279.73,0
15790616,639,Germany,Female,47,5,122507.64,1,1,0,57444.67,0
15784189,476,France,Male,35,1,133772.36,1,1,0,132420.63,0
15732685,726,Spain,Female,58,3,170730.74,2,1,0,59326.43,0
15614618,769,France,Male,43,9,67855.08,1,1,1,38971.58,0
15740929,766,France,Female,43,3,108270.23,2,1,1,33580.98,0
15682863,772,Spain,Male,61,2,0.0,1,1,0,114889.21,1
15746135,718,France,Male,29,1,0.0,2,1,1,195496.95,0
15660284,661,France,Female,42,0,0.0,1,1,1,143963.79,0
15596024,582,Spain,Male,40,3,114703.15,2,1,1,141408.26,0
15646804,631,Germany,Male,38,6,0.0,1,1,1,12430.0,0
15616966,630,Germany,Female,34,4,130814.81,1,1,0,88668.23,1
15577374,731,France,Female,44,8,82040.94,1,1,1,197777.29,1
15765229,714,Spain,Female,37,10,0.0,2,1,1,194261.73,0
15760710,609,France,Male,41,6,113442.4,1,0,1,1476.67,0
15649010,554,Spain,Male,46,5,0.0,2,1,0,123527.02,0
15719016,662,France,Female,38,7,148723.46,2,1,1,9486.26,0
15715367,744,France,Male,25,10,0.0,1,1,1,155740.33,0
15761307,670,France,Male,42,2,0.0,2,1,0,84761.67,1
15795050,715,Germany,Female,63,10,107613.02,1,0,0,117147.09,1
15801370,725,France,Male,38,7,71496.25,2,1,0,50443.41,0
15616576,673,Germany,Male,32,0,90441.55,1,1,0,23988.07,1
15770419,516,France,Male,34,0,0.0,2,0,1,192452.5,0
15752115,546,Spain,Male,30,9,0.0,1,0,1,55022.79,0
15663305,658,Germany,Female,36,8,0.0,1,1,1,142055.33,0
15796914,724,France,Male,52,9,0.0,1,1,0,51354.03,1
15652878,761,Spain,Female,50,0,0.0,1,1,0,197446.43,0
15811497,795,Spain,Male,38,3,137452.82,1,1,0,163291.18,0
15814781,625,Spain,Male,43,2,153492.02,2,1,1,175688.26,0
15673474,756,France,Female,45,8,123328.53,2,1,0,175091.46,1
15737161,666,Germany,Male,33,5,133085.52,1,1,1,46172.82,0
15589746,588,France,Male,35,8,0.0,1,1,1,132121.59,0
15615989,670,France,Female,47,4,61892.96,1,1,0,95870.22,0
15734764,650,France,Male,41,9,92465.56,1,1,0,164853.51,1
15805525,750,France,Male,29,3,143567.28,1,1,0,136853.21,1
15708186,758,France,Male,41,9,136210.07,2,1,1,175554.83,0
15589133,623,France,Male,44,7,123801.84,1,0,0,22020.72,0
15587365,554,Spain,Female,33,4,138141.27,1,1,0,122898.19,0
15702263,850,France,Female,35,8,114918.49,1,1,1,73930.68,0
15645003,789,Spain,Male,56,9,0.0,1,1,0,110262.18,1
15587712,350,Germany,Male,31,5,111063.39,2,0,1,81678.43,0
15688811,850,France,Male,48,10,86855.77,2,1,0,195511.24,0
15678240,593,Spain,Male,31,4,145035.53,1,0,1,175152.93,0
15679886,606,France,Female,34,3,0.0,1,1,0,100853.43,0
15759955,508,France,Female,57,9,0.0,1,0,0,52080.76,1
15734147,743,Spain,Female,39,9,123876.23,2,1,1,65630.38,0
15592501,528,Germany,Female,30,6,0.0,1,0,1,84266.42,0
15763109,674,Germany,Male,39,10,116423.56,1,1,1,130549.13,0
15723440,635,France,Male,58,10,151684.55,1,0,0,97529.62,1
15573093,601,France,Male,46,10,118949.86,2,1,0,166787.55,1
15682742,687,Spain,Male,43,8,56304.19,1,1,1,168849.35,0
15767753,541,France,Female,54,8,0.0,2,1,1,181651.4,1
15566517,593,France,Male,37,4,61654.59,1,1,0,59172.8,0
15778898,795,France,Male,29,8,0.0,1,1,1,152128.92,0
15712483,675,Germany,Male,31,0,76185.94,1,1,1,43660.46,0
15713582,442,Spain,Female,38,1,93208.77,1,1,0,18568.68,1
15659326,397,France,Male,37,5,87105.91,2,1,0,196860.88,1
15794497,764,France,Male,36,0,0.0,2,1,0,113870.45,0
15786330,681,France,Female,30,3,0.0,2,0,1,44556.37,0
15703043,583,Spain,Male,31,7,0.0,1,0,1,4374.95,0
15580232,680,Germany,Male,38,5,117994.06,2,1,0,80595.34,0
15755122,684,Spain,Male,44,3,0.0,1,0,0,186865.32,1
15751355,681,France,Male,27,2,0.0,2,0,0,135439.12,1
15593831,654,Germany,Male,33,8,98783.73,2,1,0,162599.97,0
15797072,608,Germany,Male,37,10,98252.0,1,1,0,151896.99,0
15813264,685,France,Female,29,5,0.0,2,0,1,50252.67,0
15813003,660,Germany,Female,51,1,89158.23,1,1,1,28477.43,0
15655210,455,France,Female,26,8,133672.69,2,0,0,177157.87,0
15732718,487,France,Male,57,2,120306.6,1,1,0,164504.65,1
15654350,726,France,Male,27,0,0.0,2,1,1,52908.42,0
15722080,656,France,Male,37,3,123688.01,2,1,0,64722.05,0
15682415,530,France,Female,32,8,164336.48,1,1,0,77405.86,0
15785387,498,Germany,Male,34,4,0.0,2,1,0,74274.55,1
15706164,624,Spain,Male,34,8,192060.82,1,1,0,49807.49,0
15566720,639,Spain,Female,34,8,72735.06,1,1,1,85536.43,0
15583363,699,Germany,Female,37,0,118949.37,2,1,0,47608.13,0
15678068,703,Germany,Male,31,9,110424.12,2,0,0,161963.26,1
15637230,650,France,Male,37,7,123678.41,2,1,0,164353.85,0
15763658,680,France,Female,55,8,148441.17,2,0,0,179489.02,1
15698472,492,Spain,Male,48,5,151887.08,1,1,0,55041.19,1
15604999,718,Spain,Female,53,10,120177.98,2,0,1,139500.7,1
15594739,612,Germany,Male,33,3,124550.53,1,1,0,107570.23,0
15715700,676,France,Male,37,6,139698.59,1,1,0,38343.47,0
15583408,581,France,Female,42,2,82266.1,1,1,1,169933.48,0
15571425,553,France,Male,39,0,135071.81,2,0,0,74825.92,0
15760068,546,France,Female,27,2,168491.91,2,1,0,131406.86,0
15688903,847,Germany,Female,61,10,81708.3,2,0,0,145579.86,1
15761025,585,France,Male,38,8,87512.59,2,1,1,139078.15,0
15683639,449,France,Male,33,4,0.0,1,1,1,98419.78,0
15616327,531,Germany,Male,54,4,0.0,2,0,0,188932.62,1
15763462,561,Germany,Female,26,0,72963.47,1,1,0,170104.52,0
15731716,508,France,Male,39,0,0.0,1,1,0,174268.81,1
15631267,608,France,Male,53,10,0.0,2,1,1,38531.74,0
15704223,565,Germany,Male,29,4,36911.74,1,1,0,179991.61,1
15803117,585,Spain,Male,47,0,0.0,2,1,0,52806.67,1
15652625,554,Germany,Male,29,2,91289.23,1,0,1,9197.15,0
15725572,574,France,Male,37,9,0.0,2,1,1,71870.99,0
15703142,659,France,Female,59,9,123972.96,2,0,1,136874.89,1
15773418,774,France,Female,27,7,0.0,1,1,1,42798.16,0
15598834,741,Spain,Male,49,9,136741.9,1,1,0,62435.46,0
15693213,639,France,Male,35,5,211174.23,1,1,0,145377.87,0
15621599,582,Spain,Female,32,0,98970.51,2,0,1,107980.21,0
15614012,726,Spain,Male,29,6,0.0,1,1,0,148899.79,0
15660736,612,France,Female,36,0,124929.97,2,0,0,117374.11,0
15610184,526,France,Male,45,10,0.0,1,1,1,122579.32,0
15694028,512,Spain,Male,28,7,168381.36,2,0,1,50425.8,0
15710557,637,France,Male,50,2,0.0,2,1,1,44412.15,0
15595623,613,France,Female,43,8,0.0,2,1,1,125805.97,0
15781901,848,France,Female,30,2,126418.21,1,1,0,164215.67,0
15766624,766,Germany,Male,63,10,0.0,2,1,0,151001.18,1
15668354,653,France,Male,32,1,119243.19,1,1,0,113873.34,0
15648062,837,Germany,Female,32,3,78995.74,1,1,0,160788.68,0
15746240,659,France,Male,49,8,122354.99,2,0,0,56154.98,1
15796738,614,Spain,Female,37,2,0.0,3,0,1,56126.08,0
15729545,706,Germany,Female,30,9,122419.5,1,0,1,111780.73,0
15703826,640,France,Female,31,2,0.0,2,0,1,81488.85,0
15728455,736,Spain,Male,30,1,0.0,2,1,1,28890.3,0
15779009,669,Germany,Male,34,6,0.0,2,1,1,171002.49,0
15640475,534,Germany,Male,59,0,59414.18,1,1,0,72043.57,1
15786153,713,France,Male,39,7,98002.72,1,1,0,104483.2,0
15679312,676,Germany,Female,31,2,65571.63,1,1,1,61288.93,0
15670637,639,Spain,Male,44,4,94562.9,1,0,0,107577.78,0
15764096,634,Germany,Male,39,3,130472.1,2,1,1,79271.93,0
15774113,672,France,Male,35,5,95228.36,1,0,1,171204.85,0
15786872,658,Spain,Female,42,10,130932.16,1,1,1,43760.06,0
15670659,734,Germany,Male,28,2,0.0,2,1,0,158952.26,0
15662264,630,France,Male,27,1,104073.67,2,1,1,65679.73,0
15573736,514,France,Male,33,3,130409.12,2,1,0,38908.7,0
15679619,703,France,Male,39,0,0.0,1,0,1,175836.68,1
15705002,662,Spain,Male,30,4,171129.13,3,1,1,187497.73,1
15586653,730,Spain,Male,35,8,105359.32,2,0,1,55396.72,0
15691015,538,France,Male,45,5,152488.09,1,0,1,2016.1,0
15605458,712,France,Male,27,3,130347.1,2,1,1,96974.98,0
15757505,601,France,Male,38,6,108358.37,1,0,1,988.24,0
15633265,590,France,Female,25,2,117529.83,1,1,0,120531.86,0
15647016,794,Germany,Female,35,7,0.0,2,1,0,109276.34,0
15810393,710,France,Male,32,9,102278.41,1,0,1,163681.08,0
15621952,643,France,Male,41,5,138018.9,2,1,1,193822.36,0
15639881,664,Spain,Male,55,7,62096.99,2,1,1,104626.06,0
15780322,632,Germany,Male,38,5,134735.67,2,0,1,120417.53,0
15618550,484,Germany,Male,41,4,0.0,1,1,1,75704.67,0
15794607,688,France,Male,33,1,0.0,1,1,1,33913.65,0
15583221,576,Germany,Male,31,3,0.0,2,1,1,125898.29,0
15784858,522,France,Female,50,7,165882.38,1,1,0,74.3,0
15775323,552,Germany,Male,44,6,0.0,2,1,1,101047.5,0
15698986,696,France,Female,32,0,75686.1,2,0,1,198957.85,0
15608407,624,Germany,Male,41,7,178396.58,2,0,1,56686.0,0
15740486,673,France,Female,32,10,135648.5,2,0,1,70739.66,0
15649476,747,Germany,Male,35,2,0.0,4,1,0,88242.08,0
15789325,702,France,Male,49,7,107200.28,2,1,1,105207.17,0
15722291,762,France,Female,31,4,0.0,2,1,1,78996.25,0
15581510,803,France,Female,38,1,157418.8,1,1,0,105521.21,1
15703047,619,Germany,Male,53,2,122534.48,1,1,1,194178.58,0
15795243,451,France,Male,32,10,165541.5,2,0,1,187112.12,0
15803694,655,France,Male,31,4,135682.85,1,1,1,89591.35,0
15610416,668,France,Male,36,8,117168.67,2,1,1,160152.3,0
15615400,717,Germany,Male,83,2,118997.04,1,1,0,196413.86,1
15797970,629,France,Female,23,1,109447.34,3,1,0,157194.92,0
15781780,510,Germany,Female,42,9,186166.96,1,1,1,6073.31,0
15768103,687,Germany,Female,73,5,0.0,2,1,1,134780.2,1
15671747,729,Germany,Female,40,2,111321.02,1,1,0,183670.2,0
15663315,670,Germany,Female,37,8,82797.11,1,1,0,100725.01,1
15577845,780,Spain,Male,36,5,84105.28,1,0,0,130584.23,0
15726286,673,France,Female,29,6,0.0,2,1,0,195911.93,1
15708318,594,Germany,Female,36,9,77451.87,1,0,0,168886.7,0
15682978,759,Germany,Male,38,7,146079.07,1,1,0,35133.36,0
15676862,792,Germany,Male,29,4,0.0,1,0,0,95991.92,0
15778031,564,France,Male,38,6,118723.29,1,1,0,192839.33,1
15602607,645,France,Female,42,1,0.0,2,0,1,34579.09,0
15662604,603,France,Male,25,10,146645.7,1,1,1,142758.25,0
15806312,627,France,Male,37,8,157810.14,1,1,0,195233.35,1
15579635,785,France,Male,32,4,0.0,2,0,0,93932.5,0
15611717,529,France,Male,29,3,43680.8,2,0,1,51465.02,0
15711606,724,Spain,Female,31,10,120132.47,2,1,1,90076.35,0
15798023,795,France,Male,35,2,0.0,2,0,1,125220.38,0
15581322,627,France,Male,34,8,0.0,2,1,0,186062.7,0
15648743,779,Spain,Female,40,5,125383.69,1,1,0,29679.95,0
15796862,598,France,Male,31,4,141748.89,3,1,0,145508.36,0
15742727,725,France,Male,60,10,131437.46,1,0,0,149862.39,1
15625037,779,Spain,Male,37,8,0.0,2,1,1,42801.32,0
15717865,696,France,Male,43,9,148680.37,2,0,0,124381.44,0
15758316,795,France,Male,26,4,0.0,2,1,1,134953.3,0
15758248,604,Spain,Male,30,4,0.0,1,1,0,66741.95,0
15565718,710,France,Male,29,7,115212.82,1,1,0,55736.11,0
15747442,667,France,Male,37,6,125065.76,2,0,1,74183.58,0
15742669,697,France,Male,44,3,130505.82,2,1,0,176697.69,1
15783185,501,Germany,Female,47,9,0.0,2,1,0,173223.75,0
15805461,602,France,Male,37,1,76494.24,3,1,0,105803.37,0
15700053,850,Spain,Male,33,1,87643.81,1,0,0,132452.43,0
15786269,781,Spain,Male,46,3,128822.45,2,1,0,116832.18,1
15742758,593,France,Female,29,8,0.0,1,1,1,11749.64,0
15764429,751,France,Male,34,9,154563.02,1,1,1,137403.72,0
15595990,845,Spain,Male,43,7,71767.37,1,1,1,70760.32,0
15610888,503,Germany,Male,24,6,0.0,2,0,1,24283.44,0
15768893,760,France,Female,34,7,0.0,2,1,0,89786.01,1
15787584,695,France,Female,39,3,49413.1,1,1,1,36330.06,0
15606767,668,Germany,Male,34,1,86863.3,2,1,1,19771.6,0
15771191,620,Spain,Female,39,7,92545.52,1,1,0,100749.86,0
15695667,610,Spain,Female,39,10,137821.67,2,1,0,92342.88,0
15803350,616,Germany,Female,43,9,0.0,1,1,0,142758.39,0
15680469,815,France,Male,31,8,116877.17,2,0,0,178967.27,1
15800062,679,France,Male,43,1,107185.13,2,1,0,98933.97,1
15606738,646,France,Female,29,0,0.0,2,0,1,179058.45,0
15756599,675,France,Female,41,5,0.0,2,1,0,14262.54,0
15758000,667,France,Male,40,5,0.0,1,1,1,80077.82,1
15728491,492,France,Female,35,4,116416.61,1,1,1,88331.17,1
15638230,698,France,Female,43,8,0.0,2,1,0,67976.08,0
15710252,651,France,Male,39,2,130056.45,2,1,0,103814.4,0
15577297,802,Germany,Male,23,2,158013.14,2,0,0,160739.98,0
15584159,770,France,Female,33,6,178600.18,2,0,0,126657.15,0
15766763,687,France,Male,52,5,0.0,2,1,1,7602.39,0
15626766,684,France,Male,38,3,147794.4,2,0,1,7023.61,1
15646186,653,France,Male,53,10,0.0,2,1,1,36100.55,0
15800427,517,France,Male,35,3,0.0,2,0,0,69472.28,0
15581811,540,Germany,Female,58,0,0.0,2,1,0,79318.0,1
15657418,663,France,Male,29,0,91873.39,2,0,0,86518.62,0
15759623,640,Germany,Male,38,6,0.0,2,1,1,56333.81,0
15801201,716,France,Female,31,4,144336.17,2,0,1,177495.5,0
15579639,715,France,Female,42,9,63847.5,2,0,1,52700.25,0
15722342,716,Germany,Female,52,9,155622.98,2,0,0,132017.59,1
15704150,831,France,Male,60,0,117620.07,2,0,1,109364.54,1
15797314,733,France,Female,49,10,171059.43,2,1,0,17375.58,0
15725558,700,France,Female,32,10,126046.69,1,0,0,49203.55,0
15595110,645,Germany,Female,42,2,108027.09,1,1,0,22062.71,1
15780746,736,Germany,Female,37,2,0.0,2,0,1,101952.97,0
15571311,659,Germany,Female,35,3,162730.89,2,1,1,133658.79,1
15772506,766,Spain,Male,42,3,0.0,2,1,1,692.49,0
15687919,597,Spain,Male,42,2,0.0,2,1,0,10076.11,0
15755445,600,Spain,Male,33,5,69509.32,2,0,0,4626.18,0
15802982,602,France,Female,36,4,0.0,2,1,1,84672.48,0
15653224,692,Spain,Male,51,0,164421.37,2,1,0,184794.49,0
15693415,764,France,Male,38,4,0.0,1,1,1,155032.62,0
15699858,582,France,Male,29,8,134623.68,1,1,1,175812.79,0
15770404,513,France,Female,26,0,94276.98,1,1,1,54037.34,0
15733584,726,France,Female,32,4,0.0,1,1,1,135537.23,0
15728749,787,France,Female,26,10,144734.93,2,1,0,114990.68,0
15668060,608,France,Male,36,1,0.0,2,0,0,56008.37,0
15652340,686,France,Male,27,5,129899.26,1,1,0,65565.85,0
15655549,591,Germany,Male,37,10,0.0,1,1,0,91105.42,1
15775227,672,Germany,Female,27,8,119787.81,1,1,0,19406.03,1
15676293,729,France,Male,45,5,0.0,2,1,0,182850.21,0
15794501,578,France,Female,29,8,183860.45,2,1,1,193643.01,0
15670686,678,Germany,Male,33,5,144126.38,2,1,0,91135.58,0
15638365,522,France,Male,42,1,0.0,2,1,1,24932.31,0
15709122,626,France,Female,41,3,94790.36,1,1,1,28848.42,0
15764521,614,Germany,Female,43,7,0.0,2,1,0,20898.02,1
15664315,636,Germany,Male,50,5,103979.92,2,1,1,10907.29,0
15810647,424,Germany,Male,32,5,0.0,1,1,0,198267.28,0
15804739,603,France,Female,28,6,90544.71,2,1,1,16475.13,0
15811246,676,France,Female,37,10,0.0,1,0,1,173070.7,0
15705014,748,France,Male,31,10,106913.14,2,1,0,159383.62,1
15796467,841,Spain,Female,28,0,94255.56,2,1,0,128879.78,1
15736139,571,France,Female,37,0,114536.52,1,1,0,171213.26,1
15667083,481,France,Male,32,2,155474.9,1,0,0,100641.13,0
15626975,667,France,Male,45,1,0.0,1,0,1,96185.88,0
15641864,559,France,Male,46,3,76230.85,1,1,1,186036.64,0
15671673,666,France,Male,32,8,0.0,3,0,0,32865.73,0
15676147,471,France,Female,26,7,125567.4,2,1,0,181337.39,0
15657632,609,France,Male,59,0,138477.46,2,1,1,106176.7,1
15795180,606,France,Female,38,0,0.0,1,1,0,174330.91,0
15787402,740,France,Male,40,2,116623.32,2,1,0,166945.06,0
15771841,700,France,Female,42,1,0.0,2,1,0,82580.31,0
15782293,850,France,Female,24,5,0.0,1,1,1,174092.78,0
15799287,638,Germany,Male,32,1,95216.63,1,0,1,38450.03,0
15723378,608,Spain,Male,32,8,123304.95,1,0,0,8067.09,0
15772664,674,France,Male,43,7,0.0,2,0,1,138067.78,0
15804130,757,Germany,Female,40,7,0.0,3,1,0,59198.08,0
15576311,640,Spain,Female,34,3,0.0,2,1,0,5673.39,0
15566408,658,Spain,Male,41,10,0.0,2,1,1,180742.19,0
15706078,767,France,Female,38,3,146813.33,1,0,1,156057.08,0
15764552,707,Spain,Male,32,1,106056.8,2,0,0,100228.06,0
15723417,697,France,Male,45,0,0.0,1,1,0,141950.1,1
15730975,764,Germany,Female,48,0,0.0,1,0,0,50018.29,1
15804948,677,France,Female,41,10,34455.0,1,1,1,76618.43,0
15578479,683,France,Male,68,2,50201.51,2,1,1,102312.15,1
15699885,688,Germany,Male,43,1,124412.06,2,1,1,33717.84,0
15776195,554,Spain,Female,28,6,144181.13,2,1,0,79858.13,0
15775228,608,France,Male,41,0,165297.93,2,1,1,85472.42,1
15607523,671,Spain,Male,34,10,0.0,2,1,1,111930.02,0
15712527,625,France,Male,40,10,164891.37,1,1,0,14626.59,0
15703375,645,France,Female,35,8,118351.25,2,1,1,76334.71,0
15707518,602,Germany,Female,34,10,155786.45,1,0,1,132196.48,0
15704123,691,France,Female,51,5,150272.23,1,0,0,176661.37,1
15630870,699,Germany,Male,42,8,0.0,1,1,0,68144.13,0
15624779,602,Germany,Male,30,3,120011.75,2,0,0,102369.01,0
15768584,536,France,Male,30,7,153297.45,1,1,0,148015.94,0
15645462,526,Germany,Female,45,7,0.0,2,1,1,197260.52,0
15750605,544,Germany,Female,42,0,122195.25,2,1,1,15090.99,0
15628637,562,Spain,Male,45,7,101664.94,1,0,0,70990.26,0
15620652,705,France,Female,37,8,0.0,1,1,1,124595.78,0
15783511,601,France,Male,33,3,0.0,1,0,0,41155.77,0
15753255,550,Spain,Male,40,5,135661.36,1,1,1,114039.35,0
15813478,835,Spain,Male,28,9,104274.94,1,1,0,67703.08,0
15791465,512,France,Male,25,7,159778.6,1,0,1,190666.57,0
15647217,654,France,Female,40,9,155206.87,2,0,1,47537.18,1
15644787,613,France,Male,32,5,82180.72,2,0,0,91340.82,0
15698631,532,Spain,Male,27,5,107699.71,1,1,1,134929.07,0
15747048,557,Germany,Female,35,8,124271.59,1,0,0,189614.6,0
15743358,803,France,Male,46,5,135799.06,1,1,1,150138.71,1
15779352,677,Germany,Male,42,9,0.0,1,0,0,932.63,1
15777764,590,France,Female,54,1,0.0,2,1,0,159194.34,1
15598894,659,Germany,Male,31,8,0.0,2,0,1,5707.64,0
15629592,713,Germany,Male,35,7,132651.51,2,1,0,170167.0,1
15733023,597,Spain,Male,46,7,160205.49,2,1,1,105425.85,0
15776388,739,Spain,Female,31,10,136490.2,2,0,1,34327.01,0
15747007,705,Germany,Female,43,3,152722.78,1,1,0,94359.74,1
15584593,716,France,Male,40,0,0.0,1,1,1,28172.77,1
15763963,565,France,Male,32,9,0.0,2,1,1,70388.56,0
15729810,635,Germany,Male,39,2,91770.98,2,0,0,14844.23,1
15775457,669,France,Male,51,1,0.0,1,1,0,155810.79,1
15768976,741,Spain,Male,31,10,137068.01,2,1,1,106136.38,1
15651641,592,Germany,Male,41,3,0.0,1,1,1,136750.87,0
15760400,614,France,Male,46,3,0.0,2,1,1,10108.43,1
15634266,759,France,Male,29,3,124591.55,2,1,1,90729.68,0
15746995,731,Germany,Female,39,10,93049.57,2,1,0,109642.7,0
15632415,818,Germany,Male,69,1,139301.11,2,0,1,43085.11,1
15767724,581,France,Male,32,2,217842.75,2,1,0,130337.72,0
15575967,643,France,Male,56,5,51886.53,2,1,1,50419.51,1
15669173,786,Germany,Female,49,2,181906.22,2,1,0,146314.91,1
15723771,704,France,Female,43,0,156368.81,2,1,0,4871.7,1
15585867,585,France,Male,30,5,0.0,1,1,0,63808.57,0
15590779,579,France,Male,26,10,79848.08,1,0,1,156601.41,0
15619672,609,France,Female,71,8,0.0,2,1,0,155922.23,0
15711003,791,Spain,Female,42,3,134078.09,2,0,1,24041.57,0
15710743,762,France,Male,34,1,0.0,2,0,1,15672.32,0
15631141,564,France,Female,47,9,0.0,1,1,0,110419.22,0
15652140,590,Germany,Male,58,8,0.0,3,0,1,164293.72,1
15631586,713,Spain,Female,43,1,0.0,2,0,1,141424.88,0
15719024,627,France,Female,29,6,96319.7,3,0,1,131419.88,0
15770714,774,Spain,Male,45,9,80632.8,2,1,1,31338.43,0
15594535,632,Spain,Female,36,8,128998.07,2,1,0,44350.32,1
15591960,770,France,Male,41,6,0.0,1,0,1,124371.04,0
15568289,773,Germany,Male,35,3,123631.3,2,0,1,174839.38,0
15620949,678,Spain,Male,45,3,29555.57,1,1,0,152006.02,1
15666926,746,Germany,Male,55,7,0.0,2,1,0,173480.98,0
15682405,692,France,Female,45,7,95333.99,2,1,1,40845.74,0
15696626,626,France,Male,47,9,138463.64,2,0,1,140104.0,1
15801695,602,Spain,Female,28,5,101513.27,2,0,0,196729.24,0
15721876,575,Germany,Male,28,3,0.0,2,1,0,31053.68,0
15604426,637,France,Male,44,10,122998.41,2,0,0,157026.22,1
15601980,765,Germany,Female,28,10,0.0,1,0,0,83526.51,0
15636831,725,Germany,Male,36,0,0.0,1,0,1,53814.68,1
15617723,743,France,Male,32,4,0.0,2,1,1,26382.14,0
15634458,595,Spain,Male,33,6,0.0,1,1,0,53093.3,0
15667033,759,Germany,Female,46,7,116445.49,1,1,0,1587.77,0
15567872,680,Germany,Female,26,7,75522.27,2,1,1,128920.59,0
15794250,684,France,Male,24,3,137078.86,1,1,1,83624.84,0
15589749,613,Germany,Female,47,2,116667.91,2,0,0,118373.62,1
15803102,617,Germany,Male,52,10,155561.62,2,1,0,125852.39,1
15700461,738,Spain,Female,20,5,163852.89,1,0,0,171332.13,0
15572520,548,Germany,Female,49,4,141986.09,2,1,1,182406.59,0
15814608,574,Spain,Female,41,3,115377.93,1,1,1,2841.9,0
15685966,611,Spain,Male,38,8,97541.99,1,1,0,101849.27,0
15738375,388,France,Male,34,10,0.0,2,1,0,21511.74,1
15728765,717,Spain,Female,31,1,138027.51,3,1,0,116596.52,1
15725953,584,France,Male,36,0,32645.72,3,1,0,187384.59,0
15692121,646,Spain,Male,29,7,0.0,1,0,0,140734.23,0
15736302,664,France,Male,26,8,129400.38,1,0,1,126397.3,0
15740979,539,Spain,Male,30,4,0.0,1,1,0,16539.9,0
15764745,547,Spain,Male,29,7,121009.78,1,1,1,39015.29,0
15650538,611,Spain,Female,34,4,0.0,2,0,1,867.17,0
15687218,704,Spain,Male,29,2,158291.44,2,1,0,135411.57,0
15577043,635,Spain,Male,27,5,0.0,2,1,1,23056.39,0
15692522,657,Spain,Female,44,0,94388.78,1,0,0,199012.1,1
15601922,613,France,Male,38,2,125181.29,1,0,1,194036.97,0
15587933,577,Spain,Male,38,9,0.0,1,1,0,153330.32,0
15581056,679,France,Female,34,6,85747.0,2,0,1,68105.09,0
15599049,756,France,Male,39,6,139798.68,2,0,1,184410.54,0
15760128,704,France,Male,36,2,103948.75,1,0,0,94220.58,1
15579938,719,France,Female,37,4,112524.19,2,1,0,87339.94,0
15796929,642,France,Male,57,8,0.0,1,1,1,139114.47,0
15592853,655,France,Female,45,3,0.0,1,1,1,133067.45,0
15814971,807,France,Male,35,4,0.0,1,1,0,160779.86,0
15745397,720,Germany,Female,47,3,115273.96,2,1,0,48614.51,1
15653174,691,France,Female,55,2,0.0,1,1,1,88687.03,0
15785716,850,Germany,Female,28,10,0.0,2,1,0,43082.05,0
15755292,589,France,Male,45,6,116932.42,2,1,0,157138.62,0
15774257,680,Germany,Female,43,3,82920.41,1,1,1,64308.86,0
15640838,846,Spain,Female,42,5,0.0,2,0,1,13527.06,1
15769831,725,Germany,Female,43,1,156974.84,2,1,1,124697.95,0
15788532,615,France,Male,34,6,68550.78,1,1,0,29383.8,1
15657925,657,France,Male,23,8,114349.59,1,0,0,102131.26,0
15646470,626,France,Female,40,4,121218.34,1,1,0,184879.54,0
15615922,623,Spain,Female,30,10,104803.91,2,1,1,160032.08,1
15695207,624,France,Male,30,6,0.0,2,1,1,15667.76,0
15584919,577,France,Male,33,8,94665.72,1,0,1,160507.98,0
15773942,744,France,Male,37,6,122562.13,2,1,0,156000.97,0
15619847,781,France,Male,35,6,105414.73,1,1,0,190453.44,0
15734028,620,Germany,Female,34,4,124793.81,2,1,0,109208.27,1
15567198,759,Germany,Female,43,8,108514.06,1,1,1,160136.13,0
15652325,462,France,Female,42,3,193245.12,1,1,0,115993.7,1
15587662,613,Spain,Female,59,8,138809.66,1,1,1,99997.4,1
15795786,708,France,Male,29,2,134038.35,1,1,0,63014.45,0
15637947,653,France,Male,29,10,0.0,1,1,0,165936.84,0
15781263,677,Spain,Male,55,9,167005.51,2,1,0,142601.12,1
15569875,696,France,Female,37,7,0.0,1,0,0,108386.7,0
15659963,552,France,Male,33,8,0.0,1,0,1,78025.68,0
15625952,585,France,Female,28,3,0.0,2,1,0,124149.28,0
15577143,763,France,Male,28,10,0.0,1,0,1,186682.34,0
15795528,490,Spain,Male,35,1,0.0,1,0,1,121905.82,0
15793871,672,Spain,Male,40,8,97073.29,3,1,0,91375.49,1
15701099,581,Germany,Female,43,2,0.0,1,1,1,198924.29,0
15643865,543,France,Female,32,5,0.0,1,1,1,115815.16,0
15766970,705,France,Male,31,3,131264.15,2,1,0,114966.56,0
15787670,471,Germany,Male,31,7,128774.69,1,0,0,150436.63,0
15804279,718,France,Male,33,0,71327.14,1,1,1,184808.9,0
15683748,584,France,Male,40,10,0.0,1,1,1,196936.27,0
15674504,653,Spain,Male,31,8,0.0,2,1,1,132138.23,0
15799710,512,France,Female,59,0,0.0,2,1,0,94228.08,0
15784211,690,France,Male,52,5,146878.49,2,1,1,65087.17,1
15790201,673,France,Male,29,3,169119.98,2,1,1,172647.97,0
15636008,719,France,Female,44,0,0.0,2,1,0,157832.24,1
15627484,477,France,Male,39,8,163069.18,2,1,0,82211.93,1
15648855,724,France,Male,39,10,123270.86,3,0,1,8823.32,0
15598713,711,Germany,Male,31,6,188548.61,2,0,0,103917.8,1
15778257,610,Germany,Female,30,9,0.0,1,1,1,90204.2,0
15726216,570,France,Male,29,3,90956.86,2,1,0,114838.58,0
15574312,598,Spain,Male,39,2,124153.01,2,1,1,149614.89,0
15630796,633,Spain,Male,54,5,103642.95,1,1,1,197227.47,0
15617886,681,France,Male,35,1,101910.84,1,0,1,25964.47,0
15587339,746,Spain,Female,24,10,91410.65,2,1,0,25193.69,1
15783129,608,France,Female,34,0,156069.76,2,1,0,102455.33,0
15692741,604,Spain,Male,24,2,0.0,2,0,0,169010.7,0
15746193,598,France,Female,43,7,0.0,2,1,1,40812.6,0
15651462,736,France,Male,29,1,87058.39,1,1,0,121730.94,0
15729809,680,France,Female,32,5,127161.5,1,1,1,84236.29,0
15748544,821,Germany,Male,47,2,0.0,1,0,0,75729.29,1
15695386,548,Germany,Male,38,0,131567.05,2,1,0,78848.02,0
15637919,667,Germany,Female,31,8,73027.93,2,0,1,167846.94,0
15577753,772,Spain,Female,36,8,127185.8,1,1,1,125866.9,0
15708687,587,Germany,Female,55,3,131719.7,2,1,1,79435.96,1
15725062,600,Spain,Male,26,8,0.0,2,1,0,142607.87,0
15713599,612,France,Male,37,7,0.0,1,0,0,7993.62,0
15797286,650,Spain,Female,38,5,0.0,1,1,0,136800.11,0
15587977,587,France,Female,37,5,93877.58,1,0,1,42458.02,0
15603232,608,Germany,Male,67,8,0.0,1,1,0,13147.15,1
15738639,645,France,Male,36,4,141224.13,2,1,0,158699.0,1
15712892,656,Spain,Female,58,6,0.0,1,1,0,114338.24,0
15656737,628,France,Male,37,1,154451.51,1,0,0,184883.58,1
15614036,696,France,Male,40,3,138801.29,1,1,1,148045.34,0
15750521,597,Germany,Male,40,0,132170.25,1,0,1,61612.66,0
15727332,820,Germany,Male,32,1,0.0,2,1,1,118964.43,0
15588770,678,Germany,Male,31,10,92360.34,1,1,0,167664.97,1
15780851,644,France,Male,41,2,147003.35,2,1,1,146618.47,1
15717427,443,France,Male,36,9,0.0,2,1,1,78095.99,0
15750438,577,France,Female,52,0,75730.79,2,1,1,157062.25,0
15615482,676,France,Female,43,10,67814.01,1,0,1,121014.54,0
15603350,596,Spain,Female,20,8,0.0,2,1,0,101548.6,0
15624474,680,Germany,Female,55,3,83356.56,1,0,1,94802.46,0
15777806,533,Germany,Male,35,8,131624.05,1,1,0,133963.86,0
15640969,552,France,Female,30,4,87911.92,2,0,1,147220.9,0
15693472,573,France,Female,42,3,0.0,1,1,1,77284.16,0
15639829,477,Germany,Female,39,5,148756.31,2,1,0,104550.61,1
15758877,702,France,Female,29,1,102972.51,2,1,0,133236.3,0
15589735,745,France,Female,36,2,103721.86,1,0,1,150904.85,0
15608575,618,Germany,Female,30,5,0.0,1,1,0,161539.17,0
15782833,519,Germany,Female,35,8,86583.59,1,0,1,145812.65,0
15666716,752,France,Female,33,4,158487.4,1,1,0,103856.95,0
15566899,752,France,Male,55,3,0.0,2,1,1,1037.9,1
15809842,739,France,Male,48,0,0.0,1,1,1,71330.83,0
15576092,636,France,Male,44,8,121990.26,1,1,0,187628.63,0
15793033,612,Germany,Female,33,10,0.0,2,0,0,185495.15,1
15764034,634,Spain,Male,29,0,0.0,2,1,1,94340.11,0
15568655,588,France,Male,40,9,0.0,2,1,1,198704.19,0
15809091,692,Spain,Female,41,6,0.0,1,1,1,143824.37,0
15779608,664,France,Male,33,3,0.0,1,1,1,71492.76,0
15678507,771,Spain,Female,36,7,0.0,2,0,0,34114.66,0
15675428,549,Spain,Male,31,6,0.0,2,1,1,92177.05,0
15577146,756,France,Male,42,10,0.0,1,0,0,123840.19,0
15729351,711,France,Female,42,2,104606.22,2,1,0,183141.74,0
15794807,609,France,Male,44,3,164710.84,1,0,1,122995.04,0
15783985,752,Spain,Female,35,9,175216.12,1,0,0,16115.39,1
15783366,651,France,Male,53,2,0.0,1,1,0,169028.22,1
15698222,850,Spain,Male,28,1,0.0,1,1,1,99225.87,0
15594436,533,Spain,Female,47,6,77810.67,2,1,1,87096.88,0
15623633,734,Spain,Male,36,6,121053.05,2,1,0,31492.27,0
15616371,621,Spain,Female,50,4,97961.72,2,1,1,99101.14,0
15616812,613,France,Male,25,7,35303.52,3,1,1,117885.37,0
15765819,749,France,Male,34,3,0.0,1,1,1,176371.17,0
15664191,660,France,Male,45,0,0.0,1,0,1,104309.29,0
15796293,619,France,Male,26,8,0.0,1,1,0,190724.85,0
15726992,608,France,Male,42,3,0.0,2,1,0,25806.03,0
15584234,769,France,Female,36,5,120102.77,2,1,1,9815.32,1
15742537,464,Germany,Female,44,9,0.0,1,1,0,195431.52,0
15759620,350,France,Female,50,1,0.0,2,1,1,98073.84,0
15785385,633,France,Male,28,9,114139.5,2,0,0,5107.43,0
15666714,606,Germany,Male,30,0,147452.78,1,0,1,131877.52,0
15599571,542,France,Male,29,8,95010.4,2,1,1,110198.91,0
15700172,499,France,Male,42,8,0.0,2,0,0,165122.27,1
15754647,570,Spain,Male,41,6,133903.4,1,1,0,155659.76,0
15760246,545,Spain,Male,26,1,84599.45,2,0,1,114740.7,0
15737635,687,France,Male,59,3,133080.89,1,1,1,55880.31,0
15578888,837,France,Female,42,0,150667.03,2,0,1,119836.9,0
15598529,663,France,Male,26,1,134865.78,1,1,1,197983.36,0
15723442,666,Spain,Female,33,5,105489.98,2,1,0,187802.96,0
15744880,475,Germany,Male,51,6,122841.4,1,1,0,172070.22,1
15633765,613,Spain,Female,46,9,199134.07,1,0,0,168998.54,0
15696643,663,Spain,Male,30,2,0.0,2,1,0,142255.07,0
15781155,843,Germany,Female,35,8,160344.41,2,1,1,3664.74,0
15708466,716,France,Male,29,6,98918.19,1,1,1,193674.5,0
15570030,560,France,Female,45,9,146590.34,2,1,0,14626.94,1
15793519,583,France,Male,59,3,133493.42,1,1,1,162401.4,0
15717065,757,France,Female,42,2,142850.36,1,0,1,125685.79,1
15744517,779,Germany,Male,50,1,72345.42,2,1,1,61263.42,0
15805682,452,France,Male,35,6,121514.64,1,0,1,52876.04,0
15714401,545,France,Male,59,9,141084.15,2,1,1,96736.75,1
15617329,676,France,Female,31,3,0.0,2,1,1,44099.09,0
15717478,700,France,Female,26,4,0.0,1,1,1,41795.35,0
15651387,533,France,Female,26,9,85193.57,1,0,1,77745.66,0
15652189,757,Germany,Female,40,3,116970.18,1,1,0,84348.45,0
15746660,806,Germany,Female,32,6,134731.47,2,0,0,90835.2,0
15681446,637,Spain,Female,38,5,113387.89,1,1,0,95842.39,0
15577218,697,France,Female,44,8,92289.42,1,1,0,53929.09,0
15572308,682,France,Male,41,5,96667.32,1,1,1,34865.11,0
15625178,541,Spain,Male,34,7,144050.75,1,0,0,10220.65,0
15740148,817,France,Male,31,1,95505.91,1,1,1,91927.88,0
15701746,663,Spain,Female,50,7,123358.41,1,1,0,164003.95,0
15671565,771,France,Male,46,9,107243.65,2,1,0,186903.08,0
15745603,639,France,Female,49,3,123210.8,2,0,0,126480.48,0
15566202,614,France,Female,40,9,0.0,2,1,0,901.49,1
15696583,555,France,Female,31,6,0.0,1,1,0,87262.99,0
15710756,625,France,Male,36,5,134553.19,2,0,0,177693.66,0
15649398,610,France,Male,42,9,0.0,1,0,0,88905.05,0
15800143,650,France,Male,41,2,170843.21,2,0,0,15351.01,0
15612782,620,Spain,Female,40,6,57863.63,1,1,1,193867.91,0
15806402,692,France,Female,60,9,0.0,2,1,1,81397.33,0
15672198,491,Spain,Male,21,3,126242.38,1,1,1,140278.27,0
15801176,677,Spain,Male,35,3,91534.88,1,1,0,125314.72,0
15570121,724,Spain,Female,48,9,159894.38,1,1,1,168062.55,0
15590629,690,Spain,Female,38,1,0.0,1,1,1,40399.77,0
15782951,719,Spain,Male,42,5,0.0,1,0,0,188267.19,0
15797672,641,Spain,Female,51,2,0.0,2,0,0,42929.52,1
15739795,624,France,Female,38,0,188149.78,1,0,1,113200.63,0
15738283,826,France,Female,31,7,0.0,1,1,1,132879.29,0
15781659,665,Germany,Female,40,3,156788.79,1,1,0,198765.87,1
15789628,629,France,Male,47,6,0.0,1,1,0,132574.83,1
15769310,730,France,Male,41,9,0.0,2,1,0,158372.57,0
15741762,705,France,Female,22,2,117570.74,2,1,0,162048.9,0
15581410,713,France,Female,43,4,0.0,1,1,1,1372.82,0
15594793,572,France,Male,32,1,124032.42,2,1,0,150996.82,0
15764872,833,France,Male,42,6,122097.4,2,1,1,58718.96,1
15701726,530,Spain,Female,38,5,0.0,2,0,0,116419.25,0
15572306,671,Spain,Male,34,5,0.0,1,1,1,133067.48,0
15591126,490,Germany,Male,26,0,146822.03,2,0,0,182140.36,0
15674260,604,France,Female,47,0,0.0,1,0,1,104935.03,0
15584851,598,Spain,Female,35,6,109117.08,2,1,0,47065.74,0
15586075,708,Spain,Male,34,4,141541.52,1,0,0,109784.65,0
15668228,566,France,Male,36,3,0.0,1,1,0,109085.33,0
15595657,616,France,Female,26,6,106495.82,1,0,0,79643.92,0
15710183,665,Spain,Female,33,4,104382.6,1,1,1,188483.31,0
15708870,805,France,Female,31,7,0.0,2,1,0,66373.71,0
15730248,679,France,Male,36,0,0.0,2,1,0,60796.62,0
15638468,765,France,Male,43,0,94050.08,1,1,1,169354.14,0
15689154,692,France,Male,43,6,0.0,2,0,1,133929.61,0
15582644,682,Germany,Female,41,2,0.0,1,1,0,185099.05,0
15810757,738,France,Male,27,2,178337.86,3,1,0,145789.5,0
15615343,609,France,Male,51,3,137583.7,2,0,1,138954.15,0
15687975,509,Spain,Female,36,4,162071.43,1,0,1,100793.49,0
15612363,702,France,Female,36,6,0.0,2,1,1,196260.92,0
15724801,850,France,Male,25,7,107135.21,2,1,1,146200.97,1
15660059,641,Spain,Male,27,9,92528.28,3,1,1,10204.47,0
15612683,747,Spain,Female,24,4,122546.28,1,1,1,94319.71,0
15761529,713,Germany,Male,40,2,93870.33,1,1,0,41039.57,1
15753130,771,France,Male,35,6,120254.81,2,1,0,78805.07,1
15581629,367,Germany,Female,44,1,109639.73,2,1,1,82857.13,1
15660200,812,Spain,Female,50,8,94026.05,1,1,0,143930.23,1
15640899,714,France,Female,41,10,0.0,2,1,0,8106.46,1
15727651,686,Spain,Female,55,4,119719.73,1,0,1,143409.0,1
15753596,706,Spain,Male,38,10,0.0,2,1,0,64316.41,0
15790630,569,France,Male,35,6,97840.82,2,1,1,67439.03,0
15811186,465,France,Male,33,2,99664.04,1,1,1,101667.32,0
15708605,747,France,Female,32,5,132136.4,2,1,0,183175.5,0
15584852,625,France,Male,34,0,0.0,2,0,1,32964.35,0
15799188,665,Germany,Male,50,9,142241.52,2,1,0,112620.07,1
15576243,661,France,Male,38,2,93819.41,1,0,0,101829.1,1
15749852,515,France,Female,31,5,0.0,1,1,1,87656.54,0
15702056,833,France,Female,39,1,116874.6,1,1,1,74955.84,0
15734917,630,France,Female,44,0,0.0,1,0,1,117483.49,0
15773861,639,France,Male,39,10,80545.51,1,1,0,105848.25,0
15725255,813,France,Female,30,10,0.0,2,1,0,41256.94,0
15799675,662,Germany,Male,34,5,131893.56,2,1,1,14397.94,0
15605994,831,Germany,Male,29,6,89290.48,2,1,1,122571.28,0
15700306,642,France,Male,39,5,144746.87,1,1,0,50553.75,0
15657470,634,France,Female,42,3,104413.39,3,1,0,72746.86,0
15573605,504,Spain,Female,38,6,125635.08,2,0,1,152487.55,0
15731518,630,France,Female,33,5,0.0,2,1,1,150780.42,0
15713233,690,Germany,Male,36,10,99626.67,1,1,1,65370.54,0
15644639,562,Spain,Female,35,7,107688.98,2,1,0,15511.94,1
15735468,509,France,Female,22,2,0.0,2,1,0,132972.01,0
15619540,660,France,Female,32,3,0.0,1,1,1,198469.41,0
15692974,696,France,Male,40,4,152580.02,1,1,0,97275.68,0
15682253,645,France,Female,25,0,160653.37,2,1,0,18285.77,1
15623794,717,France,Male,40,7,125299.27,2,1,0,192938.61,0
15678279,635,Spain,Female,30,0,161648.48,1,0,0,118837.41,0
15730034,835,Spain,Male,49,10,164372.94,2,0,1,155567.08,0
15698540,589,France,Male,34,9,96885.66,2,1,1,16718.12,0
15571378,673,Spain,Male,35,10,0.0,2,1,0,60986.32,0
15636208,597,Germany,Female,29,4,0.0,2,1,0,156001.11,0
15653502,676,France,Male,50,2,144138.38,1,1,1,39975.07,0
15631187,459,Spain,Male,46,10,69769.82,2,1,0,180881.58,0
15683987,577,Germany,Male,37,8,0.0,1,1,1,45768.07,0
15693669,799,Spain,Female,38,9,113242.33,2,1,0,75915.55,0
15639910,675,Germany,Female,28,1,134148.05,1,1,0,50469.11,1
15573729,564,Germany,Female,26,7,92659.83,2,1,1,148957.24,0
15796734,742,France,Male,27,4,126561.52,1,1,0,153639.54,0
15659019,621,France,Female,27,0,0.0,1,1,1,70598.39,0
15596067,686,Spain,Male,31,4,0.0,2,1,0,29538.32,0
15747887,601,Spain,Male,45,5,0.0,1,1,1,137106.55,1
15813331,583,France,Female,25,6,0.0,2,1,1,189681.67,0
15794442,671,Spain,Female,40,7,41222.0,2,1,1,177303.56,0
15587002,637,Germany,Female,44,8,0.0,1,0,0,90435.32,0
15646437,565,France,Female,33,4,150184.52,2,1,0,114855.44,0
15749546,563,France,Male,37,5,0.0,1,1,1,181751.4,0
15810302,669,Germany,Female,48,2,90426.5,1,0,1,65673.99,0
15591079,660,France,Female,38,3,0.0,1,1,0,133942.85,0
15762900,715,France,Male,33,0,0.0,2,1,0,177005.21,0
15766217,747,Spain,Female,52,0,0.0,2,1,0,45317.69,0
15746687,527,Germany,Male,42,1,111101.36,2,1,1,198125.29,0
15740377,544,France,Male,34,10,108615.67,1,1,0,73083.94,1
15772030,650,Germany,Female,33,4,0.0,1,1,1,189608.69,0
15620932,659,Germany,Male,31,10,93326.92,2,1,1,26686.67,0
15743438,771,France,Male,30,0,0.0,2,1,0,191418.11,0
15668579,694,France,Female,43,2,154607.93,2,1,0,104711.8,1
15705377,801,France,Male,41,9,138737.5,2,1,1,140842.02,0
15638061,608,France,Male,40,6,162603.56,2,1,1,134620.24,0
15694828,741,Germany,Female,32,10,0.0,1,0,0,32922.29,0
15703893,772,France,Female,32,0,0.0,1,1,1,105052.18,0
15596186,586,France,Male,35,10,146897.06,2,0,0,69227.55,0
15777589,450,Germany,Male,37,5,0.0,1,1,0,128495.27,1
15686360,512,France,Male,42,10,92091.85,2,0,0,34130.69,1
15569597,654,Spain,Male,38,0,109094.14,1,1,0,197306.89,0
15725706,527,France,Female,21,5,50187.38,1,1,0,64241.2,0
15593360,563,Spain,Male,40,3,0.0,2,1,1,149868.57,0
15794474,709,France,Female,39,10,0.0,2,0,0,172746.76,0
15712135,459,France,Female,43,5,68067.1,1,0,0,122627.64,0
15740901,729,France,Male,46,8,0.0,2,0,0,98487.18,0
15693666,741,France,Male,29,10,133032.29,2,1,0,50366.45,0
15812660,692,Germany,Male,45,2,0.0,1,1,1,176414.51,1
15654769,769,Spain,Male,39,4,0.0,1,1,1,111642.11,0
15604036,715,Germany,Male,60,6,108863.55,2,1,1,50444.1,1
15574403,629,Spain,Male,31,7,106256.77,1,1,1,164032.18,0
15581639,696,Spain,Male,46,4,0.0,2,1,1,47868.59,1
15789856,569,Germany,Male,30,3,123907.45,2,1,0,177106.42,0
15592533,619,Germany,Female,41,5,0.0,1,0,0,194634.39,1
15664378,691,France,Male,37,5,0.0,2,0,0,125782.21,0
15576207,635,Germany,Female,32,4,72015.41,1,1,0,137039.95,1
15618227,707,Germany,Male,37,6,156345.3,2,1,0,191988.39,0
15596753,520,France,Female,30,10,0.0,1,1,0,66909.43,0
15645868,538,Germany,Female,51,3,0.0,2,0,1,149007.38,0
15634902,710,Spain,Female,38,3,129718.64,2,0,0,39750.06,0
15572788,524,Spain,Female,42,6,0.0,2,1,1,149527.08,0
15791617,669,Germany,Female,37,8,0.0,1,1,0,183202.4,0
15719762,577,Spain,Female,26,2,93354.6,1,0,0,180744.24,0
15739627,657,Spain,Female,33,3,148839.31,1,1,0,116468.33,0
15675076,606,Spain,Female,37,5,0.0,1,1,1,171824.19,0
15783205,694,France,Male,41,3,85040.74,2,1,0,183653.91,0
15613656,561,France,Male,30,3,100983.86,1,0,0,164215.55,0
15815382,648,Germany,Female,27,2,0.0,1,0,1,155326.23,1
15777918,644,Germany,Male,34,9,114133.04,2,0,0,55641.83,0
15659310,585,Germany,Female,49,4,113552.5,1,0,1,129346.29,1
15596050,747,France,Male,43,8,132028.0,1,0,1,181090.55,1
15635630,606,France,Male,36,4,120379.67,1,0,1,79554.86,0
15810169,726,Germany,Female,29,3,74534.85,2,0,1,196596.81,0
15767420,464,Spain,Female,45,8,127540.65,2,1,1,36389.38,0
15740717,696,France,Female,34,0,107081.98,2,0,1,128519.83,0
15712474,802,France,Male,30,5,127574.58,1,1,0,79728.9,0
15680247,651,Spain,Female,30,0,102813.46,1,0,1,110160.94,0
15628650,657,Spain,Male,51,3,0.0,1,1,1,11218.39,0
15805217,607,France,Female,36,1,0.0,1,1,0,113569.27,0
15753075,605,France,Female,29,2,155279.98,1,1,1,133081.45,0
15672068,719,Germany,Male,47,5,0.0,1,1,1,71391.54,0
15615749,448,France,Male,30,1,111865.24,2,1,1,37009.72,0
15703030,675,Germany,Female,26,6,0.0,3,0,0,11668.95,0
15741040,596,Germany,Male,44,5,125864.59,2,0,1,59817.74,0
15659036,736,Germany,Male,35,9,111698.07,1,1,0,50418.79,1
15792425,717,Germany,Female,40,4,0.0,2,1,1,173221.54,0
15734446,540,Spain,Male,31,1,115440.26,2,1,0,60530.3,0
15731807,551,Germany,Male,41,3,125878.35,2,0,0,6290.24,1
15760743,629,France,Female,36,10,102107.61,4,1,1,106090.16,0
15680991,585,France,Female,46,7,128774.9,2,1,0,78353.87,0
15659305,597,France,Female,26,10,0.0,2,1,0,156365.35,0
15736418,643,France,Male,48,8,136150.45,2,1,0,58418.1,1
15723643,658,Germany,Male,28,4,0.0,1,1,1,125487.56,0
15647544,516,Spain,Female,48,1,0.0,1,1,0,715.96,0
15760551,486,France,Female,34,5,0.0,2,1,1,196792.77,0
15801506,520,France,Female,53,0,0.0,2,0,0,8085.21,1
15760053,709,France,Female,43,0,91302.14,1,1,0,3488.57,0
15765566,593,Germany,Male,38,9,86306.55,1,1,1,178758.01,0
15734294,631,France,Female,33,7,69438.8,2,1,1,46794.92,0
15585647,709,Spain,Female,51,8,110976.21,1,1,0,2535.19,1
15651934,563,Germany,Female,47,7,95304.53,1,1,1,169256.44,0
15603225,521,France,Female,33,9,85888.13,1,0,0,89987.61,0
15795171,684,France,Female,64,5,0.0,2,1,1,54192.62,0
15704625,658,France,Male,26,2,101062.32,1,1,0,37950.73,0
15687702,662,Germany,Male,66,4,128967.02,1,0,0,166749.34,1
15659331,850,France,Female,35,0,123022.34,2,1,0,122766.13,1
15686182,668,Spain,Female,51,3,114482.5,1,1,1,115727.51,0
15631259,586,France,Female,40,1,131029.55,1,1,1,84146.92,1
15681968,803,Germany,Male,36,4,141893.09,2,1,0,196662.41,1
15668456,748,Spain,Male,38,3,0.0,2,1,0,162374.09,1
15634227,618,Germany,Male,52,9,65101.18,2,1,0,70614.54,0
15685254,721,France,Male,48,6,77566.13,1,1,1,199810.38,1
15658528,669,France,Female,34,0,115184.3,2,1,1,152113.47,0
15567447,594,France,Male,35,0,0.0,2,1,1,185275.64,0
15780854,595,Spain,Female,31,0,0.0,1,1,1,21962.29,0
15772749,706,France,Female,70,7,112392.91,1,1,0,185751.11,1
15713193,664,France,Female,42,9,115704.89,1,1,1,181991.14,0
15708995,682,Spain,Female,39,5,0.0,2,0,0,83395.98,0
15801773,629,France,Male,35,2,149044.41,2,1,0,10763.1,0
15789279,744,Spain,Male,29,2,0.0,1,1,1,20017.21,0
15710022,550,France,Male,52,1,116188.31,2,0,1,156198.12,0
15790872,614,France,Female,31,1,0.0,2,1,1,524.17,0
15723768,595,Spain,Male,32,10,122234.61,2,0,1,53807.56,0
15791063,542,Spain,Male,41,7,130899.99,1,0,1,180139.94,0
15712723,744,France,Male,35,6,98943.8,2,0,0,39438.65,0
15710824,590,Germany,Male,38,9,207411.44,1,1,0,86301.95,1
15645275,556,France,Male,29,4,78441.31,2,1,0,158362.83,1
15730049,674,Spain,Male,34,0,57587.19,2,0,1,135453.46,0
15670119,575,France,Female,63,4,160040.51,1,1,1,88032.96,1
15721039,629,Germany,Male,42,2,0.0,2,1,0,166950.17,0
15693805,548,France,Male,29,4,137196.2,1,1,0,144118.48,1
15811441,512,Spain,Female,45,5,118874.67,2,1,0,63757.86,0
15576102,591,Germany,Male,28,4,141120.14,1,1,0,29817.71,0
15590144,680,Germany,Female,34,8,151723.93,1,0,1,126548.02,1
15653247,676,France,Male,43,1,0.0,2,1,0,27537.06,0
15807648,766,Germany,Female,47,2,86151.92,1,1,1,6949.22,0
15618569,659,Spain,Female,24,4,86418.27,2,1,1,41720.75,0
15743721,688,France,Female,37,7,0.0,1,1,0,15521.49,1
15700884,648,Germany,Female,38,0,101042.2,1,1,1,115444.98,0
15689752,628,France,Female,54,4,0.0,2,1,1,154218.28,0
15733436,846,France,Female,49,7,0.0,2,1,1,1104.84,0
15727082,690,Spain,Male,56,4,145186.85,1,0,1,86983.39,0
15657361,618,France,Male,28,0,73980.89,1,1,0,134450.18,0
15764237,572,Spain,Female,48,3,93224.44,2,1,1,113256.03,0
15789433,595,France,Male,35,6,155644.73,4,1,0,38736.04,0
15780247,720,Germany,Female,58,0,166867.45,3,1,0,60645.27,0
15814690,627,Spain,Male,34,9,0.0,1,1,1,101085.68,0
15815684,603,Spain,Male,30,7,89130.45,2,1,1,148001.62,0
15666447,764,Germany,Female,36,10,153453.41,2,1,0,108007.52,1
15628243,516,France,Male,31,3,129335.41,1,1,0,181361.02,0
15738552,567,France,Female,33,2,0.0,2,1,1,34848.38,0
15623088,417,Spain,Female,39,4,130497.75,1,0,1,120189.29,1
15622465,624,Spain,Male,44,9,131655.97,2,1,0,2462.11,0
15777124,684,France,Female,32,8,0.0,1,0,0,4321.96,0
15671955,750,Spain,Male,53,5,79808.81,1,1,1,198034.6,0
15662195,729,Germany,Male,52,5,0.0,1,1,1,75081.25,1
15584068,525,France,Male,35,6,194472.07,1,1,1,1592.41,0
15716356,695,France,Male,31,3,115609.88,3,1,1,92290.61,0
15704465,648,France,Male,46,5,77057.57,1,1,0,102345.98,0
15685166,807,France,Male,33,0,133086.77,2,1,1,158773.73,0
15643615,784,Spain,Male,41,8,0.0,1,0,1,95712.15,0
15691613,737,France,Male,32,1,142482.55,1,1,1,136617.47,0
15769722,488,France,Female,35,3,152823.66,2,1,0,14777.32,0
15801912,656,France,Male,40,2,85690.55,2,1,0,85604.31,0
15705499,630,Germany,Male,46,2,127371.03,2,1,1,38523.41,0
15788450,614,Spain,Male,31,0,110377.36,2,1,0,34635.84,1
15733759,779,France,Female,42,4,111199.98,1,1,0,130048.8,0
15610389,594,France,Male,41,6,112408.29,1,0,0,192967.56,0
15588379,832,Germany,Female,34,9,0.0,1,1,1,115389.91,0
15750586,624,Spain,Male,45,10,0.0,1,1,0,29899.49,0
15795627,731,Germany,Female,32,0,137966.33,1,1,0,179359.05,0
15738598,686,France,Male,29,10,0.0,2,1,1,183054.78,0
15637880,710,Germany,Female,38,7,156840.91,1,1,1,195372.64,0
15582888,455,France,Male,45,1,105002.39,1,0,0,54060.85,0
15601562,550,France,Male,33,10,115086.05,2,1,1,179301.39,0
15657111,647,France,Female,34,2,116211.53,2,0,1,29231.04,0
15596436,603,Germany,Female,34,7,97257.94,2,1,1,67794.54,0
15570456,554,France,Female,29,2,0.0,1,0,0,27545.89,0
15779389,706,France,Female,30,3,46808.6,2,1,1,74630.69,0
15603549,634,France,Male,50,4,143345.06,1,0,1,2595.53,0
15699922,587,France,Female,32,10,0.0,2,1,1,139718.32,0
15785034,666,Spain,Female,21,8,152520.89,2,1,1,82264.54,0
15623097,484,France,Male,59,7,139846.55,2,1,1,69899.51,1
15694914,643,Spain,Male,34,9,114073.31,1,1,1,143282.41,0
15815258,719,France,Male,51,7,149939.95,3,1,0,128957.41,1
15637298,662,Germany,Female,34,5,0.0,1,0,1,105959.71,0
15662801,618,Germany,Male,29,9,50068.59,1,0,1,171197.44,0
15667845,775,France,Female,27,0,130844.42,1,0,1,84836.68,0
15668917,538,France,Female,30,2,0.0,2,0,0,173758.12,0
15633752,595,Spain,Female,33,0,127429.47,1,1,1,174182.15,0
15809991,850,France,Female,49,5,0.0,1,0,0,60791.94,1
15710620,722,France,Female,34,4,94506.73,1,1,0,71441.78,0
15627801,719,Spain,Male,35,5,0.0,2,1,0,138937.65,0
15815515,845,Spain,Male,39,10,0.0,1,1,1,79632.89,0
15744445,726,Spain,Male,54,1,118673.13,2,1,0,100993.48,1
15783039,622,France,Female,31,3,116244.39,2,1,0,165383.62,1
15568512,666,Spain,Female,44,0,147417.72,1,1,1,180471.95,0
15753047,850,France,Female,35,9,0.0,2,1,0,105357.56,0
15781778,598,Germany,Male,38,5,0.0,2,1,0,20934.73,0
15619156,683,Germany,Female,32,3,123376.81,1,1,1,164827.0,0
15672116,680,France,Female,63,10,91896.79,1,1,0,90472.03,0
15698333,787,Spain,Male,47,1,83499.54,2,1,1,43283.12,1
15690267,532,France,Male,31,9,0.0,3,1,0,198735.63,0
15673419,781,France,Male,40,8,0.0,2,1,0,162592.39,0
15654823,738,France,Female,53,7,0.0,1,1,0,25373.36,0
15681981,687,Germany,Female,33,5,145428.23,1,0,0,56486.81,0
15635512,650,Spain,Female,49,2,169763.09,1,1,1,70174.18,0
15636373,680,France,Male,39,8,0.0,1,0,1,33155.43,0
15752005,669,Spain,Male,29,5,66469.83,1,1,1,179952.0,0
15763412,615,France,Male,40,9,135533.1,1,1,0,97812.7,0
15734955,700,Spain,Male,42,2,133792.48,1,0,1,127727.67,0
15779586,716,Spain,Female,45,6,184652.23,1,0,1,198631.38,1
15784248,500,France,Female,33,1,155336.28,1,1,0,42917.25,0
15769295,729,Spain,Male,40,5,0.0,2,0,1,79566.57,0
15783458,521,Germany,Male,38,2,0.0,2,1,0,16440.61,0
15678259,663,Spain,Male,35,9,93778.2,1,1,1,169757.34,0
15749439,727,France,Female,39,7,110617.14,1,1,1,32035.85,0
15753983,620,Spain,Female,29,7,0.0,2,1,1,118002.18,0
15805060,825,France,Male,34,5,153107.71,1,1,0,57306.46,1
15745308,549,France,Female,47,7,89685.72,2,1,1,13943.1,0
15807069,703,France,Female,30,6,129120.63,1,1,0,104417.78,0
15656958,568,France,Female,29,2,89518.87,1,1,0,26855.23,0
15741174,799,Germany,Male,25,2,107939.99,1,1,1,119468.82,1
15778859,850,France,Male,71,4,110773.16,2,0,1,161302.65,1
15578713,544,France,Male,37,0,72530.18,1,1,1,64978.36,0
15677912,707,Spain,Female,37,3,94062.97,1,0,1,190541.65,0
15673201,678,Spain,Male,36,0,0.0,1,1,1,150749.4,0
15749760,502,France,Male,24,4,168371.56,2,1,1,85414.85,0
15697843,497,France,Female,54,8,146484.36,1,1,0,185486.95,1
15806394,647,Germany,Male,49,4,119978.32,4,1,0,100354.46,1
15666353,769,France,Male,35,2,146370.18,2,1,0,195303.81,1
15745626,727,Germany,Male,34,8,0.0,2,1,0,1223.64,0
15777828,741,France,Male,35,1,157448.58,2,1,1,37685.65,1
15597200,666,France,Female,43,4,109875.51,2,1,1,132880.98,0
15808309,674,France,Male,33,2,128868.56,1,0,0,39843.38,0
15657197,610,Germany,Male,39,8,150680.13,1,0,0,61640.89,0
15690364,714,France,Male,50,10,102106.34,1,0,0,159368.06,0
15695984,663,Spain,Male,45,10,0.0,1,1,0,40139.4,0
15648539,462,France,Female,49,7,152940.61,2,1,1,121910.39,1
15734073,609,France,Female,25,7,95113.45,2,0,0,8811.11,0
15604272,677,Germany,Male,42,7,94975.63,1,1,0,194924.88,1
15633094,572,Spain,Female,42,6,100556.62,1,0,0,5407.2,0
15674914,494,Spain,Female,32,3,125883.29,2,1,1,186368.62,0
15809974,739,France,Female,30,3,129890.17,1,1,0,84574.86,0
15717182,543,Spain,Male,36,6,0.0,2,1,0,70192.23,0
15721465,680,France,Male,27,3,85838.28,1,1,0,371.42,0
15679223,604,Germany,Male,27,3,77156.02,1,1,1,4486.53,0
15613981,505,France,Male,40,10,0.0,2,1,0,188797.16,0
15568603,561,Germany,Female,34,5,0.0,1,1,0,88754.23,0
15572932,578,Spain,Male,34,5,70176.89,2,1,1,137861.31,0
15717018,785,France,Female,44,5,0.0,4,0,1,81491.91,0
15803024,717,Spain,Female,48,1,52871.72,1,0,1,54544.51,0
15665168,778,Germany,Male,44,6,130559.5,1,0,0,121165.16,0
15757245,700,Germany,Female,44,0,106419.25,1,1,0,80973.57,1
15691326,850,Germany,Male,31,7,0.0,1,0,1,110711.04,1
15676608,659,France,Male,23,1,106399.92,1,1,0,25706.4,0
15720239,550,France,Female,35,5,142623.81,1,1,0,18648.54,0
15666843,396,Spain,Male,48,1,109633.7,2,1,0,184433.75,0
15747807,476,France,Male,24,7,56293.57,1,0,1,36648.57,1
15706886,452,France,Female,43,8,0.0,1,1,1,29726.13,0
15645450,690,Spain,Female,35,6,169869.58,2,1,1,59838.07,0
15630965,700,Germany,Female,37,9,91912.22,1,0,1,139537.78,0
15652583,706,France,Male,50,4,0.0,1,0,1,17704.08,0
15690076,756,Spain,Male,39,4,131102.97,2,1,0,51517.99,1
15711265,522,France,Male,66,2,0.0,2,0,0,61389.1,1
15802405,741,Spain,Female,29,7,100270.9,2,1,1,160548.24,0
15751678,800,Germany,Male,33,6,0.0,2,1,0,26555.08,1
15705074,613,France,Female,24,1,122331.61,2,1,0,4023.55,0
15770052,608,Germany,Male,37,9,113995.63,3,0,0,869.91,0
15814630,720,Spain,Male,47,1,0.0,1,1,0,44222.35,0
15710748,594,France,Male,53,1,68322.51,2,1,1,47813.71,0
15647877,501,Spain,Female,42,5,110064.65,3,1,1,119655.22,0
15714591,820,France,Female,32,7,117097.05,1,1,0,196020.43,0
15667702,614,France,Female,33,9,51692.3,2,1,1,116839.0,1
15713288,573,France,Female,31,7,0.0,1,1,1,9815.29,0
15599469,698,France,Female,40,3,86907.7,1,1,0,167139.28,0
15699077,557,Spain,Female,48,4,0.0,1,1,1,117905.64,0
15671762,512,Germany,Male,34,9,0.0,2,0,0,42988.02,0
15613319,560,Spain,Female,34,10,95014.63,1,1,0,97802.81,0
15737877,617,France,Female,40,9,102147.45,1,1,1,161943.52,0
15607642,709,Spain,Male,36,7,0.0,2,1,1,199877.78,0
15778049,789,Spain,Male,38,5,0.0,2,1,0,174929.52,0
15716832,785,France,Male,53,3,125660.79,1,0,0,55730.46,1
15644848,579,Spain,Male,33,0,101158.17,1,1,1,55731.17,0
15664894,715,Spain,Female,39,5,0.0,2,0,1,126953.59,0
15642124,620,Germany,Female,38,9,0.0,1,1,1,23230.91,1
15807183,740,Spain,Female,34,8,142818.79,1,1,0,143858.49,0
15777272,810,France,Female,38,0,115049.5,1,1,0,165439.49,0
15622272,638,France,Female,44,1,0.0,1,1,1,84801.96,0
15615745,593,France,Male,39,5,0.0,1,1,1,104517.81,0
15708782,693,France,Male,29,5,0.0,2,1,0,114883.12,0
15712145,725,France,Male,28,7,82357.25,2,1,1,135885.42,0
15801559,669,France,Male,31,5,0.0,2,1,0,25817.89,0
15608165,711,France,Female,43,2,139989.97,1,0,0,103182.04,1
15607220,849,France,Female,36,3,145099.58,2,1,0,14470.94,0
15677453,605,Germany,Male,34,8,0.0,2,1,1,197398.94,0
15645326,625,France,Female,65,6,104033.95,1,1,0,52722.85,1
15771619,513,France,Male,39,9,131622.05,2,1,1,176499.86,1
15766011,578,France,Female,40,7,135026.85,2,1,1,28765.89,1
15624792,617,Germany,Female,31,6,83856.67,1,1,0,117663.72,0
15649888,582,Germany,Female,29,10,0.0,1,0,0,73509.95,0
15630974,658,France,Male,28,0,133600.45,3,1,0,124652.8,0
15599964,568,France,Male,35,5,0.0,2,1,1,109257.09,0
15689985,635,France,Female,49,6,0.0,2,0,1,98242.91,0
15652675,717,France,Male,36,2,97316.78,2,0,0,42077.71,1
15811939,679,Spain,Female,29,2,148078.5,1,0,0,17282.75,0
15760283,617,France,Male,30,8,70615.31,2,0,1,80039.18,0
15623306,677,France,Female,22,0,0.0,1,1,1,138002.6,0
15649848,850,France,Male,34,9,98725.15,1,0,0,145038.26,0
15589296,748,France,Male,33,6,72390.22,2,1,1,1003.95,0
15809382,675,France,Male,39,7,100432.43,2,0,1,129034.13,0
15814429,654,France,Male,46,5,72058.82,1,1,0,102453.65,0
15718450,572,Germany,Male,28,8,152128.22,2,1,0,129241.42,1
15669772,565,France,Male,34,9,0.0,1,1,0,84106.85,0
15777701,573,Spain,Male,36,6,0.0,2,1,1,156412.44,0
15708159,537,France,Male,41,9,167357.15,1,1,0,153699.15,1
15782064,723,Spain,Male,50,1,90910.17,3,1,0,171655.71,0
15598184,647,Spain,Male,46,2,0.0,1,0,1,177495.93,0
15691653,490,France,Female,34,2,0.0,1,0,0,125135.73,0
15723872,502,Germany,Male,33,5,154484.25,2,0,1,43189.03,0
15618420,676,France,Male,26,7,0.0,2,0,1,179329.42,0
15584564,587,Spain,Female,32,5,129082.3,2,1,0,196130.71,0
15653023,518,France,Male,39,6,138282.3,1,1,1,5607.6,0
15763625,723,France,Female,34,10,166092.32,2,1,1,55312.78,0
15712571,570,France,Male,42,7,0.0,2,1,0,84462.27,0
15671894,737,Spain,Female,37,9,136589.15,1,1,1,54885.83,0
15758785,593,France,Female,45,6,100205.51,2,1,1,184046.59,0
15583560,644,Germany,Male,46,8,0.0,1,0,0,113984.02,1
15611581,757,France,Male,33,0,102736.41,1,0,0,83837.57,0
15801899,622,Spain,Male,30,10,0.0,2,1,0,96170.39,0
15622440,498,France,Male,42,1,0.0,1,1,1,160111.38,0
15675143,700,France,Female,46,1,0.0,1,1,0,135040.43,1
15667115,527,France,Female,37,1,98839.09,1,0,1,129577.16,0
15567462,516,Germany,Male,40,0,155507.95,2,1,1,175432.64,1
15683828,577,Spain,Male,38,4,104510.9,1,0,0,151015.02,0
15694785,633,France,Male,36,1,0.0,2,1,1,112547.17,0
15694073,648,France,Male,25,7,0.0,1,0,1,53460.89,0
15682333,641,Germany,Female,33,8,0.0,2,1,0,119514.67,0
15778718,626,Spain,Female,33,9,0.0,1,1,1,9358.16,0
15567922,783,France,Female,38,10,0.0,1,1,1,12195.96,0
15595566,727,France,Female,35,2,118986.56,2,1,0,43131.02,0
15592363,705,Germany,Male,44,8,131878.14,1,1,0,180892.24,0
15737256,723,Spain,Female,41,9,118750.81,2,1,0,10672.76,0
15578379,639,France,Male,39,9,128506.23,2,0,1,90076.34,0
15608878,659,France,Female,30,6,115058.7,1,1,0,13373.31,1
15795769,537,France,Female,42,4,105290.8,1,1,1,6948.88,0
15811773,706,Germany,Female,53,1,0.0,2,1,0,151346.99,1
15663161,613,Germany,Female,33,6,158827.77,1,1,1,183082.51,0
15799140,597,France,Female,37,8,0.0,1,1,0,3491.0,0
15634424,639,Germany,Female,51,7,0.0,1,1,0,106417.97,0
15578856,647,Germany,Female,33,3,88881.41,1,1,0,53991.23,0
15625100,672,Spain,Female,52,0,162183.85,1,0,0,171065.6,0
15683782,799,Germany,Female,41,1,133108.95,1,1,1,177382.45,0
15666539,554,France,Male,31,7,0.0,1,1,0,44028.43,0
15588778,560,France,Male,39,8,0.0,1,1,1,187345.04,0
15629891,773,Germany,Male,37,2,0.0,1,0,0,39017.63,1
15658107,674,France,Female,48,9,0.0,2,1,1,82163.46,1
15734920,850,Spain,Male,50,0,0.0,2,1,0,27679.82,0
15594899,525,France,Female,29,9,128535.4,2,1,1,162015.1,0
15583991,654,France,Female,39,3,234698.32,1,0,1,128062.39,0
15707912,538,France,Female,50,9,86722.74,2,1,1,58851.21,0
15746322,672,France,Male,26,9,157111.1,2,1,0,83868.39,0
15652800,739,Spain,Female,42,10,83942.22,2,0,0,114087.64,0
15700939,645,France,Male,26,2,99876.4,1,1,0,114142.75,0
15756271,638,Germany,Male,42,2,0.0,2,1,0,154872.4,0
15572403,573,Spain,Male,46,6,103132.61,2,0,0,86311.42,1
15726136,717,Germany,Male,33,6,107887.14,2,1,0,92395.75,1
15702825,790,France,Male,46,5,71089.76,2,1,0,67414.55,1
15763420,587,Germany,Male,30,7,100635.02,3,1,0,14755.3,1
15692234,578,Germany,Male,24,6,165013.96,2,1,1,161166.01,0
15722248,780,France,Male,33,0,93454.36,1,0,0,3646.34,0
15577399,690,Spain,Female,38,10,0.0,2,1,0,169428.74,0
15783629,779,France,Male,32,2,0.0,2,1,1,17692.13,0
15812805,722,France,Female,39,3,151596.75,2,1,1,177924.9,0
15713485,524,Spain,Male,39,5,0.0,2,1,0,72453.79,0
15739393,524,France,Female,51,4,69660.23,1,0,0,60499.45,0
15803337,662,Germany,Female,52,9,145828.49,2,1,1,111765.39,0
15760762,724,France,Male,32,4,0.0,3,0,0,63610.84,0
15753922,751,France,Female,29,1,100773.02,1,1,0,107847.98,0
15624831,508,France,Male,30,2,85478.68,2,1,1,71147.3,0
15575621,603,France,Female,40,4,134188.54,1,0,0,85833.01,1
15661121,697,Germany,Male,30,10,86660.27,1,1,1,6402.34,0
15645977,720,Spain,Male,40,9,0.0,1,1,1,137666.2,0
15635612,682,France,Male,37,1,138566.72,2,1,0,45143.32,0
15797357,612,Germany,Female,24,7,171062.44,3,1,1,48763.83,0
15801821,699,Spain,Male,35,5,0.0,2,1,0,82163.67,0
15618314,565,Spain,Female,30,5,108192.22,1,1,1,148306.93,0
15697881,846,Spain,Female,38,2,137374.4,1,0,1,144972.27,0
15648214,729,Germany,Male,62,0,0.0,1,0,0,13569.15,1
15706137,716,Germany,Male,37,0,88255.87,2,1,0,104985.68,0
15750168,525,Spain,Male,35,8,0.0,1,1,1,149819.85,1
15617581,540,France,Female,41,4,155279.96,1,1,1,43182.23,0
15779724,608,France,Female,36,1,0.0,2,1,0,198744.08,0
15675277,672,France,Male,35,9,73716.72,1,1,0,152400.01,0
15601036,527,Germany,Male,32,10,0.0,1,1,0,99795.09,0
15641837,652,France,Female,45,2,0.0,2,1,1,75837.58,0
15803252,508,Spain,Male,45,3,119475.4,1,1,0,28790.34,0
15763633,632,France,Female,40,5,0.0,1,1,1,82997.77,0
15802811,772,France,Female,37,8,0.0,1,0,1,73459.49,0
15617597,590,France,Male,30,2,63778.26,1,1,1,139770.31,0
15687200,612,Spain,Male,36,1,127696.95,1,0,1,168930.77,0
15572572,701,France,Female,38,3,0.0,2,1,1,30923.35,1
15578827,768,Spain,Female,42,3,0.0,1,0,1,182049.83,1
15622968,577,Spain,Female,46,3,106801.39,1,1,0,166080.3,1
15678490,747,France,Female,34,5,83419.63,2,1,0,157506.06,0
15794377,606,France,Male,48,8,95581.6,1,0,1,24663.59,0
15706040,600,Spain,Female,36,8,0.0,2,0,0,84896.2,0
15717980,748,France,Male,43,4,0.0,2,1,1,7228.27,0
15621635,616,France,Male,36,7,0.0,1,0,0,169529.67,0
15745141,656,France,Female,35,6,0.0,2,0,0,149287.11,0
15616954,559,France,Female,23,3,0.0,2,0,1,175818.7,0
15787281,566,Spain,Female,38,5,0.0,1,1,1,161398.87,0
15602554,709,Germany,Female,52,6,100863.07,1,1,0,18441.69,1
15587029,630,Germany,Male,28,6,61514.37,1,1,0,191224.1,0
15811260,799,Spain,Female,36,1,0.0,1,1,1,128555.37,0
15641210,666,France,Female,44,3,0.0,2,1,1,97449.61,0
15658544,695,France,Female,36,2,139332.88,1,1,0,155610.02,1
15796973,682,Spain,Male,31,5,47634.83,1,1,1,49326.76,0
15747715,568,Germany,Male,32,7,0.0,2,1,1,183913.2,0
15735216,701,Spain,Female,28,6,0.0,1,1,1,8847.53,0
15800456,734,Spain,Female,31,9,89856.8,1,0,0,138839.88,0
15662063,634,France,Female,37,7,0.0,2,1,1,105423.58,0
15625441,844,France,Female,26,6,179625.73,2,1,0,156743.64,0
15710010,595,France,Male,41,6,0.0,2,1,1,82780.14,0
15603795,609,Spain,Male,29,6,0.0,1,1,1,98629.12,0
15679952,725,Germany,Female,35,8,149800.07,2,1,0,161725.05,0
15629000,721,Spain,Male,55,5,145270.57,1,0,1,132064.01,0
15659864,784,France,Male,27,9,129793.44,1,0,0,143862.79,0
15714065,601,France,Female,51,2,133605.54,1,1,0,192491.35,1
15609391,818,Spain,Female,38,7,115317.86,1,1,0,139945.87,0
15774484,697,Spain,Male,48,1,0.0,1,0,0,166279.66,1
15712897,765,France,Male,32,5,166600.66,1,1,0,85726.36,1
15684534,697,Germany,Male,25,9,0.0,1,1,1,147280.97,0
15631056,705,Spain,Male,31,8,0.0,2,1,1,125162.86,0
15681611,804,France,Male,50,9,108251.13,2,1,0,179299.28,0
15683005,745,France,Female,50,9,106383.58,1,1,1,181265.29,0
15623880,798,Germany,Female,51,0,0.0,1,1,0,123308.01,1
15808343,640,Germany,Male,26,2,148594.53,2,1,0,12755.93,1
15631538,468,France,Male,42,9,97032.21,2,1,0,189343.02,1
15625698,739,France,Female,34,4,106575.08,2,1,1,66072.81,0
15756064,725,France,Female,40,5,0.0,1,1,0,187522.03,0
15731645,502,France,Female,41,0,50597.02,1,0,1,132147.66,0
15620452,665,Germany,Female,37,0,0.0,1,1,1,145453.08,0
15636088,524,France,Female,46,8,189431.63,1,1,0,143074.0,1
15811409,607,Spain,Female,31,6,157416.34,1,1,1,42687.44,0
15698680,817,France,Male,50,3,115660.53,3,1,1,194655.76,0
15652235,411,France,Male,37,9,0.0,1,1,1,120435.3,0
15668056,581,France,Female,36,5,172586.85,1,1,0,56709.6,0
15761280,575,France,Male,42,6,0.0,2,1,1,46288.59,0
15593573,752,Spain,Female,44,3,167454.16,2,1,0,36461.52,0
15768451,617,Germany,Female,52,9,0.0,2,1,1,172993.47,0
15664107,511,France,Male,49,1,104283.68,3,1,0,54394.02,0
15777578,662,Germany,Female,36,5,0.0,1,1,0,174621.38,0
15647008,530,France,Female,54,3,116007.3,2,1,1,67313.89,0
15656892,670,Spain,Male,28,4,0.0,1,1,0,189567.08,0
15572094,401,France,Male,33,8,182703.58,1,0,0,28215.44,1
15672496,595,Germany,Female,32,4,141958.48,1,1,0,137626.23,0
15802145,587,France,Female,42,8,45514.8,2,1,1,177646.41,0
15745506,691,Spain,Female,26,0,0.0,2,0,0,60945.9,1
15705235,621,France,Male,48,2,162703.48,2,1,1,130220.64,1
15652600,617,Spain,Female,32,1,82683.99,1,1,1,45260.67,0
15815353,730,France,Male,38,3,131152.89,1,1,0,181673.67,0
15812682,813,France,Female,32,5,0.0,2,0,0,172708.54,0
15662607,668,France,Male,36,2,90223.92,2,1,1,199713.02,0
15690443,577,France,Female,36,9,113685.5,2,1,1,101972.13,0
15731297,775,France,Male,39,6,140174.86,1,0,1,116790.97,0
15761333,698,France,Male,34,8,158887.17,2,1,1,24774.41,0
15662884,521,France,Male,24,7,78611.25,1,1,0,191040.86,0
15785495,815,Germany,Female,38,0,0.0,2,1,0,93094.18,0
15601360,709,Germany,Male,51,4,137927.51,2,1,1,43456.84,1
15696518,701,Germany,Female,39,1,121666.76,1,0,0,51880.42,1
15620360,762,France,Male,33,2,107308.09,1,1,0,117446.07,0
15788655,850,France,Male,30,1,82419.22,1,1,1,13707.1,0
15580241,565,Germany,Female,53,4,126718.71,1,1,1,105470.43,1
15675125,681,Spain,Male,32,6,104780.14,2,1,1,190850.34,0
15579776,452,Spain,Female,45,4,104840.17,2,1,0,75787.69,1
15777186,645,France,Male,31,4,138979.51,2,1,0,100736.18,0
15650641,691,France,Male,30,7,0.0,1,1,1,47337.11,0
15722760,456,Spain,Male,37,4,122574.38,1,1,1,164276.34,0
15617690,771,France,Male,41,2,108079.82,2,1,0,16631.28,1
15677406,752,France,Female,35,5,0.0,1,1,0,168281.35,0
15737820,720,France,Female,60,7,142203.03,1,1,0,152308.35,0
15612656,471,France,Female,36,1,120744.39,1,1,1,57048.6,0
15750277,751,Spain,Male,55,10,0.0,2,1,1,147711.93,0
15616937,696,France,Male,49,10,0.0,1,0,1,140995.61,0
15684364,587,Germany,Female,42,7,118059.42,1,1,1,32667.95,0
15707890,683,Germany,Female,36,3,104099.03,2,0,1,164156.39,0
15616823,754,France,Male,30,8,0.0,3,1,0,171934.44,0
15567319,670,Germany,Male,23,10,129325.13,1,1,1,121199.38,0
15706449,850,Germany,Female,24,9,145662.68,1,1,1,25973.2,0
15737154,775,Germany,Female,42,5,0.0,2,1,0,105903.7,0
15587119,674,Germany,Female,41,5,90050.1,1,1,0,104417.85,0
15680214,660,Germany,Female,31,1,139522.25,1,0,0,50115.1,0
15596719,850,France,Female,28,9,94742.34,1,0,1,21543.38,1
15675836,638,Germany,Female,48,0,75090.88,2,1,0,139035.73,0
15747974,585,Germany,Female,52,8,0.0,1,0,1,150209.09,0
15782225,814,France,Female,33,4,0.0,1,0,0,153596.81,0
15778165,585,France,Female,37,0,131601.65,1,0,0,129357.91,1
15644933,685,Germany,Male,35,0,90777.21,2,1,1,185854.77,1
15572177,670,France,Male,58,5,184626.29,2,1,1,52583.51,0
15742852,723,Spain,Male,40,9,121280.26,2,0,1,184318.6,0
15787273,797,France,Female,35,2,66362.69,3,1,1,171207.01,1
15592245,800,Spain,Female,33,8,91221.61,1,0,1,165207.79,0
15678990,431,Germany,Male,28,10,57391.03,1,1,0,5292.12,0
15573931,715,France,Female,42,6,0.0,1,1,0,63411.52,0
15713821,761,Germany,Male,34,1,206187.78,2,1,0,67636.05,0
15590421,713,Germany,Female,33,9,108086.53,1,1,0,29427.4,1
15660727,687,France,Female,55,8,171561.48,1,0,1,91186.95,0
15585402,650,Germany,Female,43,9,0.0,1,1,0,167799.49,0
15802851,611,Spain,Male,37,1,155826.92,1,1,0,127967.65,0
15783201,653,France,Female,25,7,137082.82,1,0,1,12960.41,0
15802589,715,France,Male,39,3,0.0,1,0,0,196083.08,0
15675671,652,Spain,Male,33,1,132638.16,1,1,1,19044.07,0
15785402,590,France,Male,52,0,92013.83,1,1,1,38335.52,0
15617186,517,France,Male,62,10,0.0,1,1,1,124813.03,1
15583476,614,Germany,Male,60,2,0.0,2,0,1,93068.93,0
15699999,757,Germany,Female,26,4,109709.88,2,1,0,110578.01,0
15644902,675,Germany,Male,37,6,143010.11,2,1,1,46698.83,0
15695072,700,Germany,Male,31,5,0.0,1,0,1,117940.0,0
15750194,580,Germany,Male,42,7,88688.05,2,1,1,40922.49,0
15717954,648,Germany,Female,41,0,116280.1,3,1,0,82929.72,1
15626110,615,France,Male,54,7,67040.12,1,1,0,94043.47,1
15621085,539,France,Female,56,0,136396.13,1,1,0,89045.47,1
15646853,445,Germany,Female,31,2,114766.63,2,1,0,120656.53,0
15605159,552,France,Female,49,7,0.0,1,1,1,189163.24,0
15744867,615,France,Male,45,6,109393.56,2,1,1,30423.33,0
15628090,846,Spain,Male,34,7,0.0,1,1,1,99961.16,0
15662901,549,France,Male,38,6,72715.63,1,1,0,185179.97,0
15620148,520,France,Male,31,5,0.0,1,1,1,38364.67,0
15677931,537,Spain,Male,40,3,153382.09,1,0,1,179695.76,0
15587377,708,France,Male,54,5,187401.88,1,0,0,190100.0,0
15733402,620,France,Male,29,8,137883.38,2,0,0,183118.17,0
15577052,745,France,Male,22,3,0.0,1,0,0,7802.93,0
15751415,667,France,Male,40,3,82945.84,2,0,1,149462.01,0
15702484,685,Germany,Female,41,2,0.0,2,1,1,52664.56,1
15595994,594,France,Female,47,9,102907.69,1,0,1,15346.06,1
15727663,642,France,Male,27,0,0.0,1,1,0,126905.62,0
15761344,611,France,Female,30,4,68100.28,2,1,0,83164.71,0
15607008,733,Germany,Female,42,4,152540.81,1,1,1,89447.24,1
15799693,619,France,Female,64,0,135091.92,1,1,1,89621.76,1
15634915,676,Spain,Female,57,1,107676.25,1,0,0,91915.41,0
15615719,673,Spain,Female,29,2,0.0,1,1,0,173664.42,0
15697514,714,Germany,Female,24,10,0.0,1,1,1,70179.67,0
15725033,850,France,Male,39,10,83558.82,2,0,0,157464.89,0
15574795,654,France,Male,30,4,127238.22,1,0,1,28475.22,0
15758603,536,France,Male,36,5,131305.71,1,0,0,88034.07,1
15608437,553,France,Male,46,6,0.0,2,1,1,156547.03,0
15708521,693,Germany,Female,32,3,0.0,1,1,0,29517.06,0
15687237,548,France,Male,43,3,140867.2,2,0,0,25041.11,0
15757555,832,France,Female,32,4,127921.33,2,1,0,34838.0,0
15811041,620,France,Female,40,4,84635.32,1,1,1,169356.37,0
15809392,714,France,Male,39,5,82895.16,1,1,0,39558.75,0
15595530,659,France,Female,44,10,117682.28,1,1,1,80439.15,0
15581110,741,France,Male,38,2,0.0,1,1,1,47112.16,0
15643112,656,Spain,Male,38,9,0.0,2,1,0,190305.06,0
15625325,512,France,Female,43,6,0.0,2,0,0,184665.43,0
15583035,648,France,Female,54,3,191003.19,2,1,0,17399.05,1
15567315,567,Germany,Female,53,9,118383.11,2,1,1,2308.2,0
15695575,661,France,Male,40,3,0.0,1,1,0,38949.36,0
15585515,483,France,Female,29,5,115747.73,1,0,1,36496.26,0
15794163,813,Spain,Male,50,3,114457.08,1,1,1,59401.84,1
15604461,605,France,Male,36,8,80518.38,2,0,0,129205.12,1
15735778,611,France,Female,37,8,125000.4,1,0,1,153993.25,0
15629213,651,Spain,Female,54,6,126421.05,1,0,1,197769.48,1
15606942,618,France,Female,31,4,130203.69,1,1,0,167251.89,0
15638652,542,France,Female,30,1,124129.15,1,1,0,60928.74,1
15809686,661,France,Female,44,3,101727.47,1,1,0,63070.17,0
15646466,622,Spain,Female,32,1,0.0,1,1,1,187901.23,0
15758559,828,Germany,Male,25,10,0.0,1,0,1,43046.56,0
15601881,640,France,Male,28,0,0.0,1,1,0,66956.47,0
15710161,615,Spain,Male,35,8,114876.34,2,0,0,193274.66,0
15615476,641,France,Male,22,1,149752.86,1,0,0,174845.54,1
15623080,518,Spain,Female,24,3,0.0,1,1,0,163066.0,0
15750688,740,France,Male,34,2,157457.17,1,1,1,172600.77,0
15658630,679,Spain,Male,38,4,117073.11,2,0,0,154984.8,0
15731095,610,France,Male,35,4,138510.89,2,0,1,79136.4,0
15727111,644,France,Female,37,7,133314.28,1,1,0,67449.53,0
15611980,850,France,Male,45,7,168498.04,2,1,0,117827.91,1
15783579,657,France,Female,34,1,0.0,1,0,0,73565.18,0
15815080,774,France,Male,30,2,113014.87,1,1,0,56910.49,0
15807313,658,France,Male,43,10,0.0,2,1,0,166505.76,1
15731057,585,France,Male,37,8,81844.85,2,1,0,80594.27,0
15699026,539,France,Male,34,10,83099.0,2,1,0,32836.9,0
15651700,649,France,Male,30,10,0.0,2,0,0,177897.88,1
15809112,649,France,Male,41,1,84986.43,2,0,1,72434.61,0
15759836,642,France,Female,28,2,110818.86,1,0,0,119556.06,0
15703381,616,Germany,Male,40,6,0.0,1,1,1,60087.42,0
15566704,644,Spain,Female,42,0,158220.39,1,1,1,49060.49,1
15752337,575,Germany,Female,41,8,0.0,2,1,1,138473.39,0
15631163,688,Spain,Male,46,6,131984.58,1,1,1,44967.25,0
15640523,567,France,Male,38,2,112324.19,2,1,1,50552.98,0
15704996,630,France,Female,42,6,86906.49,1,1,1,54830.59,0
15721256,545,France,Female,42,3,128234.06,2,1,1,141601.96,0
15651370,625,Spain,Male,33,2,135993.71,1,1,1,64978.7,0
15718379,581,Germany,Female,35,1,0.0,2,0,0,67667.68,0
15795986,689,Germany,Male,35,2,0.0,2,1,0,124760.61,0
15625299,605,France,Female,43,1,153186.16,2,1,1,76868.31,1
15675292,678,France,Female,29,6,115543.12,1,0,0,9519.4,1
15711286,776,France,Male,36,9,154162.37,2,1,0,115918.8,0
15799238,604,France,Female,36,1,162051.08,2,1,0,144409.97,0
15610064,714,Spain,Male,25,1,0.0,1,1,1,75150.98,0
15680724,581,Spain,Female,30,2,145640.85,1,0,1,92120.69,0
15706991,664,Spain,Female,63,4,0.0,1,0,0,142068.96,1
15604888,699,France,Male,32,1,104947.92,1,1,0,194476.13,0
15788554,621,Germany,Male,34,4,50794.43,2,1,0,36154.75,0
15756295,610,Germany,Female,35,0,112084.79,1,1,1,32411.09,1
15742398,564,France,Male,42,1,71490.94,1,1,0,692.28,0
15780225,625,Germany,Male,32,3,0.0,2,1,0,57012.5,0
15695201,601,Spain,Male,35,9,0.0,2,0,0,80294.46,0
15591461,783,France,Male,38,8,115129.15,1,0,0,63667.04,0
15734062,595,Germany,Female,46,10,101068.14,1,1,0,3302.69,0
15714540,635,Germany,Female,40,7,0.0,1,1,0,101928.66,0
15578759,599,France,Male,32,5,0.0,1,0,1,17626.61,0
15808599,762,Spain,Male,42,9,181847.31,1,1,1,146447.29,1
15719758,711,France,Female,50,9,119164.64,2,0,1,7164.02,0
15585813,651,Germany,Male,33,5,95080.7,1,1,0,186652.18,0
15658615,548,Germany,Female,30,7,131536.08,1,0,1,153377.77,0
15764943,638,France,Male,32,9,103730.55,1,0,0,10112.42,0
15670836,850,Germany,Male,63,6,81526.09,1,1,1,28053.79,1
15623290,667,France,Male,35,6,135266.18,2,0,0,49839.9,0
15784977,697,France,Male,40,0,89331.42,2,0,1,135495.42,0
15702895,616,Spain,Male,28,8,0.0,2,0,1,63378.84,0
15776346,350,Spain,Male,40,3,0.0,1,1,0,14592.75,0
15741924,638,France,Male,36,9,0.0,2,0,0,159375.99,0
15606431,569,France,Male,46,10,0.0,2,1,1,154903.11,0
15799684,406,France,Female,37,3,55948.49,2,1,1,51577.77,0
15680738,779,France,Male,34,1,145749.77,2,1,0,33289.02,1
15677878,603,Spain,Female,33,9,0.0,1,0,1,88978.15,0
15650360,808,Spain,Male,49,5,0.0,1,1,1,83816.38,0
15605082,787,Germany,Male,53,10,94060.34,2,0,1,103800.32,1
15591008,631,Spain,Male,28,4,0.0,1,0,0,116500.02,0
15801107,775,Spain,Female,34,8,94940.49,1,0,0,61737.7,0
15565828,637,Spain,Male,28,10,0.0,2,0,1,98920.56,0
15701362,618,France,Female,37,8,145681.24,1,1,0,143019.06,0
15643566,573,Spain,Female,39,7,96366.52,1,0,1,8832.95,0
15652575,736,France,Male,35,6,0.0,1,1,1,19604.65,0
15683315,583,Germany,Female,37,10,92693.97,4,0,0,34984.64,1
15603741,692,Germany,Male,37,3,0.0,1,0,0,68510.26,0
15758423,601,France,Female,29,6,146295.78,2,1,0,111123.66,1
15796794,615,Germany,Male,24,4,0.0,2,1,1,144310.92,0
15658609,724,France,Male,35,5,0.0,3,1,1,133630.43,0
15679495,599,Spain,Female,42,9,0.0,2,1,1,196895.21,0
15611579,545,France,Male,31,9,65050.41,1,1,1,182338.35,0
15753814,668,France,Female,34,10,167708.23,2,1,0,198440.88,0
15797453,530,France,Male,35,0,156490.18,2,1,1,19543.2,0
15569434,631,France,Female,42,4,142375.34,1,0,1,34077.23,0
15659767,794,Germany,Male,42,6,0.0,1,0,1,1948.3,0
15809567,776,France,Male,25,2,128630.39,2,0,1,120561.59,0
15800064,814,Germany,Female,44,5,127398.92,2,1,0,78994.47,1
15710876,443,Spain,Female,26,8,124689.86,2,1,1,134059.97,0
15680853,522,Spain,Male,33,1,62995.56,1,1,0,31140.85,0
15767689,644,Germany,Female,36,3,0.0,1,1,1,149204.4,0
15622463,620,Germany,Female,51,3,0.0,2,1,1,53649.89,0
15740625,534,France,Female,38,2,52995.35,1,1,0,97367.53,0
15599457,670,Germany,Female,53,6,125689.55,2,1,1,32893.81,0
15657210,709,Germany,Female,36,9,187631.27,2,0,0,184081.92,0
15808742,680,Germany,Male,32,6,0.0,2,1,1,29168.98,0
15593886,661,France,Male,24,2,169035.6,2,1,1,105963.41,0
15798892,517,France,Female,39,5,122517.88,2,1,1,7383.48,1
15814605,573,France,Female,36,7,57860.5,2,1,1,186443.24,0
15790326,586,Spain,Male,46,7,0.0,2,1,0,21633.54,0
15617192,647,France,Male,37,0,113141.97,1,0,1,81371.98,0
15722417,720,Spain,Female,28,9,0.0,1,0,0,126778.93,0
15776834,461,France,Female,33,10,135960.4,2,1,0,160762.32,0
15781357,577,France,Female,38,1,89899.35,2,0,1,107158.61,0
15704423,585,Spain,Male,41,3,0.0,2,1,1,186976.37,0
15582098,625,France,Female,24,0,126171.41,2,0,0,102136.84,0
15814920,809,Germany,Female,29,2,109077.27,2,1,1,110824.62,1
15790133,706,Spain,Female,42,0,130326.14,1,0,1,24617.09,0
15629686,590,Spain,Female,37,10,0.0,1,1,0,187056.04,1
15787470,722,France,Female,36,3,0.0,1,1,0,20920.64,0
15594038,628,France,Male,33,5,173749.98,2,1,0,73628.82,0
15692290,710,France,Male,40,10,162663.19,2,1,0,180077.95,0
15723614,744,France,Male,37,6,97310.3,1,1,1,5743.25,0
15780531,650,France,Female,26,7,0.0,1,1,0,52149.54,0
15731856,760,France,Female,49,0,57436.31,2,1,1,105570.3,0
15694405,677,Spain,Female,32,8,0.0,2,1,1,102280.07,0
15600570,717,Germany,Male,48,8,100876.21,2,1,0,196269.9,1
15595445,722,Germany,Female,36,8,81240.57,2,0,1,112002.18,0
15715796,610,France,Male,39,5,0.0,2,0,1,62473.16,0
15568046,708,Spain,Female,30,5,166634.47,2,1,0,149691.18,0
15724806,496,Spain,Male,30,1,99702.0,2,1,1,60778.77,0
15674599,692,France,Male,28,5,0.0,1,1,0,63331.81,0
15663643,801,France,Male,31,8,167223.53,2,1,1,89125.37,0
15809241,651,France,Male,61,4,0.0,1,1,1,48665.19,1
15807872,433,France,Male,30,6,137981.92,2,0,1,146944.17,0
15787530,738,Spain,Male,30,1,102780.03,1,1,1,124474.95,0
15802206,703,France,Female,39,6,0.0,2,1,0,64822.52,0
15705771,657,Spain,Male,40,7,0.0,2,1,1,12646.36,0
15735772,704,Spain,Female,50,5,0.0,2,0,1,141610.2,1
15753867,588,Spain,Male,23,8,79875.56,2,0,1,199360.52,0
15595881,660,Germany,Female,28,7,0.0,1,1,1,169608.84,0
15595708,786,France,Male,56,7,94696.05,1,1,1,21002.31,0
15596576,648,France,Male,48,6,106404.51,2,1,1,86842.37,0
15706582,678,France,Female,40,6,0.0,1,0,0,20631.95,1
15759161,735,Germany,Female,30,7,0.0,2,0,1,193758.49,0
15583990,675,Spain,Female,36,6,108259.77,2,1,1,116514.6,0
15616526,590,France,Female,38,10,106616.12,1,1,1,104748.87,0
15668311,709,Germany,Male,42,0,0.0,2,1,1,17244.87,1
15643337,668,Germany,Male,26,2,123586.9,2,1,1,154702.17,0
15670394,554,France,Female,55,6,0.0,1,1,1,154572.28,1
15791331,665,Germany,Male,50,1,160314.83,3,1,1,188522.29,0
15618809,663,Spain,Male,32,1,118487.61,1,1,0,84245.22,0
15629357,689,France,Male,32,9,99898.75,1,1,1,97544.71,0
15697901,688,Spain,Male,45,8,0.0,3,0,1,25375.65,1
15695417,746,Spain,Male,33,10,0.0,2,1,0,114861.82,0
15719014,678,France,Female,28,3,0.0,2,1,1,77182.82,0
15675133,614,France,Female,46,9,77437.59,2,1,0,101792.74,0
15655934,652,Spain,Female,31,6,70828.53,2,1,0,93853.66,1
15646847,602,Germany,Male,51,8,0.0,2,1,0,148352.55,0
15587746,622,France,Male,38,6,122004.87,2,1,1,71368.15,0
15662472,508,Germany,Female,42,9,0.0,2,1,0,125643.68,1
15710903,470,France,Female,25,4,191679.19,1,1,1,114275.73,0
15764021,640,Germany,Male,24,10,0.0,2,1,0,14224.43,0
15660318,646,Germany,Male,41,9,0.0,1,1,1,105902.9,0
15673524,527,Germany,Female,38,7,104243.17,2,1,1,75222.36,0
15761310,589,Spain,Male,33,3,63900.18,2,1,0,78311.09,0
15692238,509,Spain,Male,56,8,100117.47,2,0,0,171222.73,0
15770174,652,Spain,Female,27,9,104623.34,1,0,0,98904.28,0
15602964,754,France,Female,36,7,0.0,1,1,1,107393.71,0
15706908,722,Spain,Male,31,10,89489.42,1,1,0,95030.22,0
15801509,685,France,Male,33,4,0.0,1,0,0,33000.14,0
15596656,452,Spain,Female,55,1,0.0,2,1,0,143582.34,0
15672157,720,France,Male,52,7,110464.45,1,1,1,89620.9,0
15702072,850,France,Female,42,8,90523.3,1,1,1,112612.33,0
15590571,470,France,Male,48,5,155556.08,1,0,0,48862.75,1
15642479,730,Spain,Female,38,10,0.0,1,1,1,120635.7,0
15800117,469,Germany,Male,41,4,110378.41,1,1,0,75582.72,1
15566991,491,Spain,Male,40,4,111873.88,2,1,1,182663.55,0
15678817,713,Germany,Female,37,2,0.0,2,0,1,70238.11,0
15642554,775,France,Female,58,3,82943.48,2,1,1,12958.9,0
15598897,605,France,Male,35,7,132584.24,1,1,1,178304.83,0
15628494,560,Germany,Male,40,10,0.0,2,0,1,187232.6,1
15569320,603,Germany,Male,34,1,116620.2,1,1,1,19433.18,0
15720861,675,France,Male,67,9,0.0,2,0,1,74882.12,1
15704418,543,Germany,Female,39,0,99921.43,1,1,0,143077.99,1
15601769,741,France,Female,53,4,113326.29,1,0,0,168745.79,0
15642930,610,Germany,Female,35,9,105734.37,2,1,0,132855.18,1
15648562,764,Germany,Male,49,1,0.0,2,1,1,8137.79,0
15766307,658,Germany,Male,38,10,89158.5,1,1,0,185567.73,0
15691095,666,France,Male,38,3,0.0,1,1,0,108641.95,1
15758081,652,France,Male,35,4,115078.26,1,1,0,151436.71,0
15700098,702,Germany,Male,29,8,0.0,1,0,1,144074.25,0
15699184,497,France,Female,37,3,141027.05,1,1,0,167765.54,0
15695591,666,Spain,Male,45,8,151818.51,1,0,0,82648.92,0
15760977,540,Spain,Male,24,3,0.0,2,0,0,153194.09,0
15566120,564,Germany,Male,36,5,0.0,2,1,0,166126.94,0
15700983,722,France,Male,43,3,0.0,1,1,1,159359.68,0
15771945,715,Germany,Female,50,6,0.0,1,1,0,185589.4,0
15773628,728,France,Male,43,1,77492.41,2,1,1,155064.2,1
15604639,416,Spain,Male,29,9,0.0,3,1,0,91150.37,0
15633439,506,Spain,Male,38,1,0.0,2,1,0,54064.7,1
15593452,624,France,Female,35,3,116712.83,1,1,1,92586.81,0
15785372,573,France,Female,36,0,114098.37,2,1,1,134112.17,0
15689983,640,Spain,Female,36,0,0.0,4,0,1,147392.63,0
15807267,647,Spain,Male,22,9,0.0,2,0,0,131401.5,0
15685824,670,France,Female,63,7,74055.6,2,1,1,79200.57,0
15602535,591,France,Female,35,7,0.0,1,1,0,109081.08,0
15619516,661,France,Female,27,6,111218.09,2,1,1,27341.21,0
15686905,642,France,Female,48,9,142920.93,3,1,0,153015.58,1
15674680,622,Germany,Male,37,10,115984.32,2,0,1,21107.41,1
15789763,522,France,Female,45,6,178963.35,2,1,1,35828.18,0
15787012,655,France,Male,41,7,141411.21,1,1,0,162897.13,0
15798053,688,Germany,Female,35,3,0.0,1,1,0,26478.76,0
15667290,650,Germany,Female,44,7,0.0,2,0,0,187845.73,0
15721213,729,France,Female,40,6,92744.89,2,1,1,190169.25,0
15748112,667,France,Male,28,3,0.0,1,0,0,58058.41,0
15566778,618,France,Female,34,3,0.0,1,1,1,18808.56,0
15656028,532,Spain,Male,31,9,132731.19,2,1,0,43135.13,0
15711925,728,France,Male,38,8,160507.84,1,1,0,82510.75,0
15632055,669,Spain,Male,63,6,145860.29,2,1,0,102656.82,1
15726442,558,France,Female,38,0,0.0,2,1,0,72823.19,0
15577239,650,France,Female,55,10,106317.61,1,1,1,54387.8,1
15641057,676,Germany,Female,44,7,0.0,2,1,0,127656.16,1
15712842,740,Germany,Male,49,2,0.0,2,0,0,178151.79,1
15746413,592,Germany,Male,34,4,108066.14,2,1,0,151873.14,0
15616786,650,France,Female,30,10,137871.25,2,1,0,14298.74,0
15628780,725,France,Male,31,7,0.0,2,1,0,177675.48,0
15699440,592,Spain,Female,38,4,86745.2,2,1,0,30324.36,0
15813215,850,Germany,Male,46,8,0.0,1,1,1,14529.6,0
15622423,643,France,Female,69,4,0.0,2,0,0,157888.76,1
15716243,721,France,Female,41,2,0.0,2,0,1,90974.05,0
15740902,669,Spain,Female,41,3,0.0,1,1,0,9648.0,0
15697928,569,France,Female,52,0,93633.37,2,1,0,168623.49,0
15756287,748,Germany,Male,44,7,0.0,1,0,0,137284.53,1
15588781,793,Spain,Male,44,9,111203.28,1,0,1,58248.09,0
15641215,657,Spain,Female,34,3,117267.07,2,1,1,195545.9,0
15717089,759,France,Male,33,5,0.0,2,1,1,146072.07,0
15630912,773,France,Male,43,1,137792.14,2,0,0,60876.63,0
15800606,434,France,Female,36,1,171651.13,1,0,1,91552.84,0
15682151,595,France,Male,30,6,0.0,1,1,0,3565.94,0
15781260,665,France,Female,40,9,0.0,1,1,0,29662.35,1
15768072,538,Spain,Male,31,6,0.0,2,1,1,197769.91,1
15681827,515,France,Male,33,3,120854.52,1,0,1,163022.05,0
15631370,582,France,Male,44,1,131618.89,2,0,0,143239.97,0
15650317,708,Germany,Female,41,5,0.0,1,1,1,11893.37,0
15702420,722,Spain,Male,46,5,0.0,2,0,0,112773.71,0
15703425,673,France,Female,36,5,0.0,1,1,0,199839.97,1
15670497,710,France,Female,32,10,132231.44,1,1,0,28374.11,1
15733521,639,France,Female,28,5,178943.6,1,0,0,159310.03,0
15645117,642,France,Male,29,6,0.0,1,1,1,143503.17,0
15688534,738,France,Male,35,9,153629.43,1,1,0,98206.67,1
15627828,626,France,Male,56,5,128889.53,1,1,0,92103.74,1
15624839,620,France,Male,34,10,136762.94,2,1,0,171553.61,0
15734135,608,France,Female,46,8,0.0,1,0,1,17715.2,0
15576058,614,Germany,Male,38,5,0.0,1,1,0,24541.46,1
15761453,719,France,Male,31,3,41207.11,2,0,1,169677.95,0
15692069,405,France,Female,31,5,103501.29,2,0,1,162056.12,0
15684617,570,Germany,Female,32,10,115618.52,1,1,1,53739.41,0
15572463,489,Spain,Female,35,5,93150.87,2,1,0,151039.75,0
15653013,735,France,Male,27,10,96239.96,2,1,1,86793.26,0
15806571,521,Germany,Male,46,3,0.0,3,0,0,62847.7,1
15637895,793,France,Male,47,5,117905.11,2,1,1,145057.79,0
15586465,618,France,Female,25,8,210050.87,1,1,1,74721.91,0
15566349,595,France,Female,38,7,157122.34,1,1,1,169948.37,0
15808210,669,Germany,Female,32,9,103006.64,2,1,0,27850.87,0
15670147,526,France,Male,45,1,86675.24,1,0,0,17440.75,0
15647958,761,France,Male,35,5,105634.99,1,1,1,62694.92,0
15776608,778,France,Female,46,7,132566.37,2,0,1,109842.78,0
15693171,482,France,Female,35,7,71768.42,2,0,0,4159.18,0
15668586,602,France,Female,33,6,0.0,2,0,1,198127.94,0
15771552,506,France,Female,41,2,124552.33,2,1,1,141307.23,0
15649495,760,Germany,Male,47,4,116399.33,2,1,0,146166.16,1
15747444,633,France,Male,31,8,102984.81,2,0,1,6594.97,0
15567380,671,France,Female,26,6,144883.5,1,0,1,40355.14,0
15786001,526,France,Female,43,1,0.0,2,1,0,172512.43,0
15613229,581,Spain,Female,34,6,0.0,2,1,0,172535.36,1
15635332,640,France,Female,25,2,118046.63,1,1,0,51050.19,0
15589429,681,France,Male,36,9,124480.82,1,1,1,16432.03,0
15780565,645,France,Male,33,6,158564.92,1,1,0,196686.86,0
15608033,589,France,Male,42,0,148785.85,2,0,0,184252.62,0
15621411,684,France,Female,67,6,0.0,2,1,0,93916.61,1
15648915,625,France,Male,38,2,0.0,2,1,1,45842.03,1
15669466,721,Spain,Female,28,9,145774.87,1,1,1,78852.63,0
15665613,734,France,Male,26,2,0.0,1,1,1,109584.76,0
15600962,559,France,Female,30,7,105597.0,1,1,0,962.8,0
15587773,643,France,Female,53,6,0.0,2,0,1,95682.69,0
15652975,572,Spain,Male,30,8,119120.14,2,1,0,84204.71,1
15694677,547,Germany,Female,32,2,0.0,2,1,0,46537.47,0
15574824,584,Spain,Male,35,9,82582.56,2,1,0,131789.04,0
15740662,734,France,Female,30,2,133651.22,2,1,0,123225.55,0
15758125,738,Spain,Female,48,8,145087.66,1,0,0,105663.36,1
15639474,595,Germany,Male,32,0,0.0,1,1,0,48162.01,1
15777444,539,Spain,Male,42,7,0.0,1,1,0,45752.49,1
15814487,727,France,Male,34,0,86907.65,2,1,0,154028.2,1
15662176,736,France,Male,30,7,0.0,2,1,0,195775.52,0
15727128,577,France,Male,26,4,0.0,1,1,1,136147.3,0
15727431,600,France,Female,33,5,0.0,1,1,0,67468.66,0
15594477,602,Spain,Male,57,7,75721.1,1,1,1,23704.13,0
15788107,805,Spain,Male,59,6,122884.3,2,1,1,119212.84,1
15587762,794,Spain,Male,23,0,104425.91,1,1,1,29161.58,0
15574536,574,Germany,Male,40,6,153183.8,2,0,0,179661.44,0
15811002,674,Germany,Male,31,3,0.0,1,0,0,78559.72,1
15622902,438,France,Female,32,8,104869.33,1,1,0,134379.4,0
15812771,669,France,Male,60,4,0.0,2,1,0,58070.9,1
15598578,793,Spain,Male,44,3,131700.36,2,1,1,98117.32,1
15583612,608,France,Male,47,10,68822.95,1,0,0,7911.54,0
15624672,601,France,Male,51,4,0.0,1,1,1,100216.25,0
15631083,783,Germany,Female,32,9,134505.02,2,1,1,139812.44,1
15702140,708,Spain,Male,35,8,106081.99,2,1,1,106907.97,0
15632282,701,Spain,Male,48,9,131410.18,2,0,0,171917.94,0
15763243,652,Spain,Female,41,4,0.0,2,1,1,132953.02,0
15705549,850,Germany,Male,32,5,97039.45,2,0,1,196145.9,0
15715165,833,France,Female,46,7,129602.52,2,1,0,89756.48,1
15667849,646,France,Female,58,6,0.0,1,0,1,155869.07,0
15587806,604,Germany,Male,36,3,75572.81,2,1,0,2406.12,0
15601632,526,Spain,Female,35,7,99710.91,2,1,0,2335.27,0
15587594,672,Germany,Female,36,4,0.0,1,0,0,19681.55,0
15701380,608,Germany,Female,48,2,0.0,1,1,0,162250.59,1
15580795,817,Germany,Female,60,10,118423.08,1,1,0,116593.85,1
15572288,684,France,Male,40,9,0.0,1,1,1,46054.21,0
15790626,604,Spain,Female,49,0,145438.07,2,0,1,131627.41,0
15714741,593,Spain,Male,40,6,143392.44,2,1,0,58446.61,0
15713132,521,France,Male,36,4,187557.87,2,1,0,67977.7,0
15642905,580,Spain,Male,39,0,119367.48,2,0,0,131726.19,1
15588855,693,Spain,Female,32,1,56352.68,2,1,1,29975.55,0
15716614,822,Germany,Male,31,8,0.0,2,1,1,178886.11,1
15767134,517,Spain,Male,33,9,0.0,1,1,0,50858.56,0
15801828,589,France,Male,52,4,74822.96,1,0,1,21520.99,0
15655107,697,France,Male,71,8,0.0,1,0,1,95467.14,0
15742704,696,Spain,Male,34,10,0.0,1,1,1,67736.16,0
15669032,634,Germany,Male,40,8,102415.13,2,1,0,113480.74,0
15636065,693,Germany,Male,29,1,67268.25,3,0,1,119443.69,0
15814314,468,France,Female,31,5,137945.26,1,1,1,33928.26,0
15611417,527,France,Female,47,2,71965.69,2,1,1,198934.51,0
15717893,754,Germany,Male,49,3,0.0,1,0,1,155734.88,1
15788941,618,Spain,Female,39,2,116192.95,1,1,1,21530.6,0
15805612,669,Germany,Male,43,0,0.0,1,1,1,165290.01,0
15716926,740,Germany,Male,37,7,0.0,2,1,0,112987.2,1
15752013,831,Germany,Male,30,9,136695.79,1,0,1,98391.82,0
15792782,623,Germany,Female,36,6,83795.05,1,1,0,158694.7,0
15777403,542,France,Male,41,7,84358.83,2,1,1,12355.28,0
15747843,703,Germany,Male,51,5,0.0,1,0,0,164252.53,1
15811728,651,Germany,Female,31,1,0.0,2,1,0,13398.93,0
15579193,647,Germany,Female,38,5,98987.32,2,0,0,63509.61,0
15620589,546,France,Female,35,10,105072.54,1,1,0,131455.56,0
15780296,614,Spain,Male,79,9,125579.18,1,1,0,32919.75,0
15696708,657,France,Male,41,10,117612.6,2,0,0,78798.18,0
15608515,684,France,Female,46,10,50293.56,1,0,0,195090.72,0
15609966,763,Germany,Male,29,5,139614.79,2,1,1,95042.4,1
15586587,783,Spain,Male,50,2,0.0,1,1,1,91739.18,0
15736234,634,Germany,Female,28,10,0.0,2,1,0,28862.97,0
15736740,637,France,Female,46,7,64097.33,2,1,1,43634.55,0
15747382,732,France,Male,27,2,109444.87,2,0,0,194173.44,0
15644380,668,Spain,Female,32,3,0.0,2,1,0,143109.06,1
15667242,585,France,Male,83,9,0.0,1,1,1,107507.12,1
15658229,792,France,Female,44,2,99068.22,1,0,0,77381.73,0
15750952,549,Spain,Male,44,0,87133.34,1,1,0,24447.82,0
15572666,834,Spain,Female,39,0,144474.7,2,1,1,159718.6,0
15573941,549,Germany,Male,32,6,0.0,1,0,1,184572.16,1
15619805,513,Germany,Female,57,5,101252.71,2,1,1,142568.64,0
15744634,463,France,Female,35,9,0.0,1,1,0,133273.09,0
15750566,641,Germany,Female,27,7,72250.63,1,1,0,83182.72,0
15581184,769,Germany,Female,31,0,157776.85,1,1,0,140067.85,1
15799552,567,Spain,Male,42,3,0.0,3,1,1,97346.62,1
15696900,494,Spain,Female,30,1,187582.76,2,1,1,87442.69,0
15591488,594,France,Male,44,6,127225.43,1,1,0,149568.5,0
15768179,629,Spain,Male,28,9,0.0,2,0,1,122487.73,0
15592687,795,Germany,Female,45,8,128761.09,1,1,1,186821.91,1
15629343,608,France,Male,33,2,0.0,1,0,0,150998.66,0
15642551,773,France,Female,45,8,111372.43,1,1,0,23034.46,0
15636743,684,France,Male,45,2,116709.85,1,1,0,799.36,0
15764441,531,Spain,Male,49,1,32712.18,2,1,1,169572.93,0
15644679,750,France,Male,48,4,102977.9,2,0,1,19031.9,0
15625331,732,France,Female,30,9,0.0,2,0,0,83419.24,0
15791533,601,France,Male,59,5,0.0,1,1,1,57036.79,0
15574087,503,Spain,Male,56,0,173787.34,1,1,0,114820.73,1
15744333,681,France,Male,42,0,0.0,1,0,1,117414.65,0
15726297,850,Spain,Female,35,8,109431.65,1,1,0,140272.56,0
15772703,717,Germany,Male,30,10,106010.55,2,0,1,31258.19,0
15677158,699,France,Female,69,3,154491.6,1,1,0,148869.19,1
15678124,642,France,Male,26,2,87591.51,2,0,0,122337.15,0
15633019,614,France,Female,37,7,118856.73,1,1,0,145078.22,0
15755103,615,Spain,Male,37,2,124700.86,1,1,1,115316.43,0
15739534,678,Spain,Male,42,8,108508.81,2,1,0,52009.39,0
15604421,790,Spain,Female,43,9,0.0,2,1,0,193279.84,0
15808700,833,Spain,Female,41,4,97940.54,2,1,1,16140.21,0
15685737,698,France,Male,28,10,85284.78,2,1,1,149098.47,1
15596939,516,Spain,Female,40,3,127323.74,1,0,1,44175.84,0
15803225,515,Germany,Male,33,0,91466.69,1,1,0,141522.2,1
15599581,648,Spain,Female,34,7,134374.63,2,0,1,150424.84,0
15758838,689,Germany,Female,30,4,113863.9,2,1,1,187019.4,0
15574159,660,France,Male,36,9,0.0,2,1,1,40405.76,1
15619932,633,Germany,Female,31,4,140106.6,2,0,0,109049.31,0
15580869,600,France,Male,31,10,141445.58,2,0,0,29600.89,1
15790342,761,Germany,Female,33,3,94577.19,1,1,1,179332.13,0
15737402,815,Spain,Male,28,4,0.0,2,1,0,140563.6,0
15681870,555,France,Male,53,5,0.0,1,0,0,29804.35,1
15710462,670,Spain,Female,37,10,0.0,1,1,1,63096.32,0
15804019,810,France,Male,24,6,0.0,2,1,0,119257.3,0
15611808,732,Germany,Female,36,10,94698.39,2,1,0,77802.19,1
15590352,747,France,Male,43,2,139758.72,1,1,1,87433.57,0
15686397,757,France,Male,36,3,92781.41,2,1,1,16239.56,0
15790627,658,France,Female,32,10,132770.47,2,0,1,110480.87,1
15689283,721,Spain,Female,56,2,75647.94,2,1,0,2570.01,0
15760634,750,Spain,Male,28,7,0.0,2,1,0,89276.61,1
15804264,598,France,Male,36,10,0.0,1,1,0,39378.89,0
15573051,744,France,Male,42,2,87896.55,2,1,0,2234.6,0
15681765,809,France,Female,24,10,129824.08,2,1,0,198779.11,1
15786757,558,Spain,Male,39,1,142986.23,1,0,0,183699.11,0
15565729,475,Spain,Female,22,9,0.0,2,0,0,173431.73,0
15787522,783,Spain,Male,37,10,0.0,1,1,1,139082.59,0
15700116,702,Germany,Male,33,1,135205.65,2,1,1,22826.29,0
15610950,555,Germany,Female,36,4,86761.11,1,1,1,168263.7,1
15669762,713,Spain,Male,32,9,127746.06,2,1,0,60533.64,0
15752854,747,Spain,Male,67,10,112595.63,2,1,1,30372.14,1
15763538,534,Spain,Male,34,2,148899.24,1,1,1,17236.97,0
15733387,692,France,Female,27,2,0.0,1,1,1,92738.13,0
15646655,777,Germany,Male,42,5,0.0,1,1,0,149134.82,1
15757130,628,France,Female,46,0,152848.31,1,0,0,72609.56,0
15750118,850,France,Female,38,0,0.0,1,1,0,189768.8,0
15574671,513,France,Male,36,1,107263.34,1,0,1,197600.6,0
15692337,553,Germany,Male,39,6,134550.09,2,1,1,103287.55,0
15704072,619,France,Female,51,4,141920.11,1,1,1,148821.19,0
15646893,606,France,Male,39,0,93793.34,1,0,1,70580.13,0
15629249,470,France,Female,31,7,0.0,1,0,1,3821.04,0
15806483,724,France,Male,42,10,170758.55,2,1,1,146928.79,0
15625152,694,France,Female,48,4,0.0,2,1,1,68745.11,1
15670818,579,France,Male,36,2,125793.31,2,1,0,151293.38,0
15654217,525,France,Female,44,4,133348.09,2,1,1,174344.13,0
15781230,623,Germany,Male,31,6,168867.52,1,0,0,2573.11,0
15804584,701,Germany,Female,34,8,112068.93,2,1,0,145441.85,0
15794394,491,Spain,Female,25,3,0.0,3,1,0,39050.98,0
15656789,558,Germany,Female,46,1,135630.64,2,1,0,103502.04,1
15566671,670,France,Female,44,6,0.0,2,1,1,61856.85,0
15701607,701,France,Male,48,0,140539.23,1,1,0,117955.77,1
15570839,653,Spain,Female,31,0,127907.62,2,0,0,104392.58,1
15582300,661,Spain,Male,29,6,0.0,1,0,0,64152.31,0
15740268,571,Spain,Female,47,3,0.0,2,1,0,2339.08,1
15627175,727,Spain,Male,65,4,129714.26,1,1,1,88265.39,0
15681872,656,Germany,Male,25,3,0.0,2,1,1,159443.82,0
15595105,574,France,Female,52,4,0.0,1,1,1,122870.93,0
15782934,718,Germany,Male,34,1,74938.81,1,0,1,89660.06,0
15643521,789,Germany,Female,48,2,121072.45,2,1,1,73980.88,1
15663197,608,Spain,Female,38,2,174477.73,1,1,1,152614.7,1
15645846,558,Germany,Male,39,3,126501.54,1,1,1,179479.09,0
15654437,630,Germany,Male,33,9,0.0,1,1,0,108923.64,0
15638065,799,France,Female,40,5,110254.94,2,1,0,111603.42,1
15804572,660,France,Male,31,2,98430.84,2,1,0,152679.62,0
15581204,597,France,Male,53,9,143578.3,1,0,0,67870.21,0
15737356,722,Spain,Female,27,6,0.0,1,1,0,87486.7,1
15642462,705,Spain,Male,44,8,125549.81,1,0,0,186119.24,0
15660250,649,Spain,Female,34,9,186901.61,1,1,0,142594.07,0
15624206,763,Germany,Female,43,3,130684.18,1,1,1,81299.0,1
15657437,838,France,Male,34,3,0.0,1,1,1,54220.19,0
15795185,604,Spain,Female,40,4,0.0,1,1,1,166955.39,0
15785828,686,Spain,Female,55,10,72658.85,1,0,0,139577.68,0
15590990,850,Germany,Female,70,7,0.0,1,1,0,140806.51,1
15663301,688,Germany,Female,37,1,122869.63,2,0,0,113431.84,1
15765965,487,Spain,Male,30,8,93272.04,2,0,0,156777.91,0
15599475,850,Germany,Female,37,10,0.0,2,1,1,53245.11,0
15687866,620,France,Female,41,7,105206.22,2,1,0,169094.68,0
15615923,642,Spain,Male,34,8,105992.41,2,1,1,3288.62,0
15735768,789,France,Female,33,1,0.0,2,1,1,133562.15,0
15576947,500,France,Female,30,9,0.0,2,0,1,86757.16,0
15624684,637,Spain,Male,42,8,107244.67,2,1,1,99014.76,0
15745387,689,Germany,Female,39,9,104957.79,2,0,0,147169.36,0
15653871,623,France,Female,42,2,137288.64,2,0,1,72116.96,0
15765233,613,Spain,Female,33,1,121970.53,2,0,0,114188.03,1
15594411,534,France,Male,52,2,0.0,1,0,1,1875.4,0
15732744,583,France,Female,61,2,0.0,2,1,0,109520.5,1
15797168,747,France,Male,38,8,0.0,1,0,0,196876.6,0
15811973,569,France,Female,49,9,0.0,3,1,1,125296.46,0
15680394,627,Germany,Male,55,4,0.0,1,0,1,99640.24,1
15814275,616,Germany,Male,45,9,0.0,1,0,1,124004.67,0
15806759,694,France,Male,57,9,0.0,1,1,0,29696.03,1
15649302,651,Spain,Male,40,3,77863.02,1,1,1,174747.36,0
15773027,592,France,Male,27,5,140305.72,1,1,1,26003.02,0
15700956,528,France,Male,46,6,159796.81,3,1,0,167625.82,0
15717222,762,France,Male,24,1,0.0,2,1,1,154081.35,0
15632898,640,France,Male,29,4,0.0,2,0,0,54704.04,0
15719629,682,Spain,Male,31,6,174205.31,2,1,0,119338.77,0
15689119,674,France,Female,31,3,144894.55,2,1,1,172424.0,0
15701563,850,Germany,Male,35,9,0.0,2,1,0,140467.05,0
15719654,736,Germany,Male,28,1,0.0,2,1,1,49271.01,0
15794105,717,Germany,Female,31,3,157434.74,2,1,0,61502.12,1
15591876,616,France,Male,41,6,116778.37,1,1,1,60529.24,0
15624274,699,Spain,Male,34,4,0.0,1,1,0,121632.94,1
15574971,617,Germany,Male,32,5,127002.07,2,1,1,140332.57,0
15799494,690,France,Male,36,4,0.0,1,0,1,68715.8,0
15667583,761,France,Female,29,6,0.0,2,1,0,68572.53,1
15631609,652,France,Female,47,6,116560.54,2,1,1,51407.77,0
15669297,721,Germany,Male,35,9,0.0,1,1,0,170207.34,1
15755138,668,France,Female,22,10,0.0,2,1,1,68434.04,0
15595277,787,Germany,Female,33,5,0.0,2,1,1,26859.58,0
15669328,679,Germany,Male,33,6,0.0,2,0,1,78823.51,0
15615027,645,France,Male,64,9,0.0,1,1,1,157467.69,1
15797938,680,France,Male,37,3,99251.3,1,0,1,182264.58,0
15580628,716,France,Female,32,1,161190.35,2,1,1,144151.81,1
15595330,770,France,Female,27,1,149670.42,1,1,1,50669.83,1
15785604,658,France,Female,51,7,118507.41,2,1,0,78551.92,0
15614879,562,France,Female,36,5,126785.08,1,1,0,1824.91,0
15743670,487,France,Male,58,7,0.0,2,1,1,9776.47,0
15627788,736,Spain,Male,25,6,0.0,2,1,0,154733.75,1
15608745,643,France,Female,43,2,15965.52,1,0,1,70879.76,0
15756470,608,France,Female,42,10,79310.94,1,1,1,3318.59,0
15764444,693,France,Male,43,1,90229.56,1,1,0,11394.7,0
15617691,709,Germany,Male,35,9,169418.18,1,1,0,118545.59,1
15813034,740,France,Male,49,2,168090.75,1,1,0,157159.32,0
15582191,555,France,Male,26,8,108895.53,1,0,1,190194.6,0
15631038,711,Germany,Male,37,10,129780.3,1,1,1,171540.26,0
15592299,681,Spain,Female,32,1,0.0,2,1,0,136901.34,0
15685465,534,France,Female,35,5,111344.84,2,1,1,128316.01,0
15679047,721,Germany,Male,43,5,125562.28,1,0,0,67451.31,1
15771355,665,France,Male,41,4,174963.78,1,1,1,131628.73,0
15667952,543,Germany,Female,46,6,0.0,1,0,1,142781.49,0
15660758,601,Spain,Female,38,4,134638.26,1,1,0,165635.92,0
15668523,687,Spain,Male,45,10,0.0,2,1,0,64130.0,1
15572884,498,France,Male,28,0,107250.75,2,1,1,115170.78,0
15753679,850,Spain,Male,42,3,70439.47,2,0,1,121699.82,0
15732822,609,Germany,Male,27,9,0.0,1,1,1,140426.87,0
15715703,623,France,Male,64,10,0.0,1,0,0,68153.16,0
15725332,612,France,Female,39,10,58629.34,2,1,0,197187.45,0
15601322,715,France,Male,47,7,135421.79,2,1,0,155730.15,1
15581404,685,Germany,Female,38,4,0.0,1,0,1,160372.92,0
15652823,552,Spain,Male,29,8,138862.94,1,1,0,44602.11,0
15747791,698,Germany,Male,41,10,138152.45,2,1,1,136394.7,0
15781486,594,France,Female,36,4,115684.87,2,1,0,89073.39,0
15722425,657,France,Male,32,7,90146.5,1,1,0,43094.88,0
15736902,691,France,Female,33,0,0.0,2,0,0,104007.63,0
15680159,535,France,Female,44,10,156634.98,1,1,0,46458.76,1
15804656,573,Germany,Male,33,5,147689.73,2,0,0,191614.9,1
15635541,770,France,Female,73,8,0.0,1,1,0,161829.42,1
15752809,537,France,Male,32,1,135862.0,1,1,0,77139.93,0
15794664,481,Germany,Male,26,0,95321.12,2,1,0,79561.95,0
15697572,624,Germany,Male,32,6,143983.63,1,1,1,138921.95,0
15570038,676,Germany,Male,37,9,0.0,1,1,0,129778.51,0
15773099,605,France,Female,33,3,141289.55,2,1,0,154858.01,0
15710221,607,Germany,Female,58,10,142501.77,1,1,0,101133.55,0
15730638,686,France,Female,42,4,0.0,1,1,1,174662.43,1
15646925,728,France,Female,26,6,93949.57,2,1,0,160170.95,0
15612036,460,Germany,Male,39,8,0.0,1,1,1,88461.52,0
15795894,793,France,Female,34,4,0.0,2,1,0,76862.42,0
15778654,560,France,Male,59,4,0.0,2,1,1,164126.67,1
15727577,588,France,Male,36,6,0.0,2,1,1,118148.74,0
15759750,755,France,Male,43,7,121655.32,2,1,0,88076.59,0
15587948,544,France,Female,36,2,134254.49,1,1,0,136259.26,0
15611004,653,France,Female,33,10,92399.2,2,1,1,158147.82,0
15786588,595,France,Male,35,10,0.0,2,1,1,16966.78,1
15775738,571,France,Male,36,10,0.0,2,0,1,194085.52,0
15677356,529,France,Male,30,3,99538.2,2,1,1,65715.38,0
15609619,570,Germany,Male,41,0,116339.9,1,1,0,82088.59,1
15601156,670,France,Female,39,2,124761.92,3,0,1,161281.15,0
15605205,577,France,Male,44,3,136216.83,1,1,0,158517.87,0
15752076,776,Germany,Male,35,3,151220.9,2,0,1,6395.97,0
15807993,661,France,Female,40,3,175339.45,2,1,1,91665.11,0
15580328,712,Spain,Male,42,2,98579.94,1,1,1,142964.93,0
15767839,683,France,Female,44,8,101064.02,1,1,1,10329.14,0
15613945,755,France,Male,36,8,69262.51,1,1,1,91742.92,0
15592559,660,France,Female,39,6,0.0,1,1,0,83326.06,0
15702992,595,Spain,Male,41,3,97658.04,2,1,1,3499.49,0
15705778,521,Germany,Female,25,0,140850.74,1,1,0,44294.1,0
15733148,562,Germany,Male,39,4,0.0,2,1,1,165764.55,0
15735542,649,Spain,Male,34,2,105026.23,1,1,0,77318.72,0
15620034,741,Spain,Male,35,3,0.0,2,1,1,32152.94,0
15783825,554,France,Male,35,1,94799.98,2,1,1,19654.66,0
15731040,701,France,Female,39,6,147905.59,1,1,1,779.05,1
15813454,633,France,Female,40,5,78616.44,1,0,1,93664.06,0
15639567,775,France,Male,42,6,0.0,1,1,1,127324.67,0
15646906,563,Spain,Male,37,2,0.0,1,1,1,59226.55,1
15679075,538,Spain,Male,41,1,0.0,1,1,1,165293.18,0
15667282,753,France,Male,37,7,85867.2,2,1,0,28689.58,0
15767942,716,France,Male,29,3,177024.94,1,0,0,100288.39,0
15629475,626,France,Female,29,4,135756.59,1,1,1,31929.02,0
15654617,717,Germany,Female,54,1,141115.98,2,1,0,61344.99,1
15682335,550,France,Female,39,10,154798.52,1,1,1,142705.0,0
15603751,807,Germany,Female,55,4,0.0,1,1,0,172096.5,1
15637118,841,France,Female,43,6,135624.67,2,0,1,12633.68,0
15596086,662,France,Male,51,5,0.0,2,1,1,16942.82,0
15641756,458,Germany,Male,32,10,0.0,1,1,1,85237.97,0
15621078,635,Germany,Female,31,3,0.0,2,1,0,99124.59,0
15585707,536,France,Male,31,5,107067.86,2,1,1,75998.27,0
15706528,611,France,Male,27,4,140120.83,2,1,1,87590.81,0
15782277,577,Germany,Male,32,9,0.0,1,1,1,105127.73,0
15775204,400,Germany,Male,30,8,125520.31,1,1,1,46480.53,0
15729451,635,Germany,Female,37,1,0.0,1,1,0,97775.42,0
15648502,645,Spain,Female,38,10,84965.03,2,1,0,112809.61,1
15621467,503,Spain,Female,38,2,0.0,2,1,1,176058.07,0
15660982,597,France,Female,39,4,115857.45,1,1,1,154685.46,0
15735058,710,Germany,Male,31,2,143938.48,2,1,1,134057.11,0
15806812,801,France,Female,39,1,0.0,2,1,0,113538.36,0
15647595,638,France,Male,36,8,176155.14,2,1,0,29898.79,1
15702243,516,Spain,Male,25,3,0.0,2,0,1,130322.79,0
15714054,719,France,Male,29,5,111481.26,1,0,0,29588.83,1
15630517,654,Spain,Male,65,4,113543.93,1,1,1,101802.86,0
15719724,628,France,Female,44,3,0.0,1,1,1,48141.83,0
15732346,547,Germany,Male,27,9,0.0,1,0,0,158099.69,0
15656447,618,Germany,Male,41,0,75928.61,2,0,1,184395.62,0
15702233,719,Germany,Male,33,2,0.0,2,1,1,127793.26,0
15579249,670,Spain,Male,28,0,154604.64,2,0,0,75609.44,1
15663004,644,France,Female,32,5,114715.78,2,0,1,183986.2,0
15691819,549,France,Male,61,6,0.0,1,0,1,176610.33,0
15756148,698,France,Male,34,1,130842.59,1,0,0,51657.39,0
15669563,685,France,Male,35,0,90433.49,2,1,0,55102.71,0
15761369,472,Spain,Female,75,10,0.0,1,1,0,60777.29,1
15587455,503,France,Male,26,6,0.0,1,1,1,31079.47,0
15691375,687,France,Male,33,7,137636.65,2,0,1,4808.87,0
15669022,546,France,Male,41,4,0.0,3,1,1,110172.85,0
15793771,675,Germany,Female,44,5,119264.97,2,1,1,92421.44,1
15678666,675,France,Female,47,3,159302.32,1,0,1,7346.6,0
15638387,731,France,Male,25,8,98821.0,2,1,0,138701.34,0
15719701,631,Spain,Male,41,4,77968.18,1,1,1,144564.77,0
15603718,406,Spain,Male,37,7,148025.7,1,1,0,94765.89,0
15599245,626,Spain,Male,29,5,110291.37,1,0,0,136634.55,1
15583321,566,Spain,Male,30,6,179379.16,2,1,1,187620.64,0
15751722,533,France,Male,35,1,0.0,1,1,1,166380.03,0
15576312,424,France,Male,54,10,154845.6,2,1,1,159644.17,0
15650136,596,Spain,Male,41,5,156086.32,1,1,0,40412.62,1
15804518,775,Spain,Female,30,2,103775.14,1,1,1,107808.09,0
15698952,646,France,Female,42,0,55111.33,1,0,1,77920.86,0
15809104,644,Germany,Male,35,1,109040.85,1,1,1,181382.08,0
15572662,527,France,Male,28,3,95263.4,2,1,0,91867.08,1
15770674,550,France,Male,31,1,121197.88,1,1,1,99465.89,0
15733001,606,Germany,Male,34,0,0.0,2,1,0,30304.82,1
15672806,643,Germany,Female,40,8,164036.42,2,0,1,196197.59,0
15778468,414,France,Male,59,5,36087.25,2,1,1,57557.73,0
15660077,842,Germany,Female,30,5,0.0,1,1,1,110523.4,0
15762319,555,France,Male,49,5,78892.54,1,1,1,16906.63,0
15765003,622,France,Female,40,7,88671.87,1,0,1,171253.12,0
15681236,703,France,Female,40,0,102395.52,1,0,1,177480.43,0
15607029,616,Germany,Male,29,5,97480.69,1,1,0,164845.37,0
15612776,658,France,Female,37,6,0.0,2,1,1,183604.96,1
15694971,571,France,Female,50,2,36765.8,1,1,1,132744.79,1
15760220,636,Germany,Female,32,0,114263.16,3,1,1,116148.8,0
15658246,605,Spain,Female,30,3,106491.04,2,1,0,61804.94,0
15731700,532,France,Female,56,0,102910.84,1,1,1,59236.14,1
15650561,572,Germany,Male,44,9,0.0,1,1,1,53146.84,0
15598011,524,Germany,Female,58,6,62579.73,1,1,1,190925.47,0
15594740,577,France,Female,36,10,0.0,2,1,0,22056.1,0
15617010,654,Germany,Female,50,10,0.0,1,0,1,180960.12,0
15672905,701,France,Male,25,10,0.0,1,1,0,175447.01,0
15636770,716,Germany,Male,23,4,0.0,2,0,1,130765.41,0
15702178,557,Spain,Male,32,5,0.0,1,1,0,130645.28,0
15758466,850,France,Male,33,6,168575.14,2,1,1,117541.48,1
15752025,739,Germany,Male,37,2,123487.94,2,1,1,559.7,0
15755333,702,France,Male,32,9,124508.39,2,0,1,194048.57,0
15803402,850,Germany,Male,40,10,0.0,3,0,0,109508.51,1
15761859,591,France,Male,38,0,32396.81,1,1,0,104027.91,0
15658603,699,France,Male,53,5,132810.35,2,1,1,32426.1,0
15795730,543,France,Female,40,4,0.0,2,1,1,61642.23,0
15636165,627,France,Male,27,0,44976.83,2,1,1,13310.21,0
15743941,695,France,Male,49,5,129847.72,1,1,0,37176.84,1
15628996,547,France,Male,40,5,136583.82,1,1,0,95572.91,1
15748402,670,Spain,Female,49,4,0.0,1,0,0,61105.51,0
15744360,607,Spain,Male,27,7,78823.84,1,0,0,115647.43,0
15601994,628,Spain,Female,33,5,0.0,2,1,0,111147.21,0
15811525,554,France,Male,40,5,105042.05,1,1,1,129021.12,0
15810419,719,Germany,Female,45,9,159136.44,1,0,0,79406.77,1
15791792,576,Spain,Female,32,2,0.0,1,1,0,92361.69,0
15607614,698,France,Male,41,5,113005.2,1,1,1,67264.78,0
15663560,813,Spain,Male,43,3,0.0,2,1,0,15346.62,0
15599971,609,France,Male,35,10,136167.28,2,1,0,163415.26,0
15761640,763,Spain,Male,29,7,0.0,2,1,1,150343.94,0
15593879,627,Spain,Female,36,4,126653.37,1,1,0,63067.49,0
15783820,750,Spain,Female,29,4,0.0,2,1,0,54982.84,0
15666579,610,Spain,Male,39,5,82154.82,2,1,0,2389.46,0
15691777,636,France,Female,34,7,0.0,1,1,1,40015.73,0
15759736,636,Spain,Female,34,0,131120.08,2,0,1,1302.76,0
15719944,721,Spain,Male,47,4,83794.24,2,0,0,117582.36,1
15582900,605,Spain,Female,32,10,130950.19,1,1,1,39714.86,0
15654572,718,France,Male,40,0,76364.65,2,1,1,8450.67,0
15752905,648,France,Female,26,4,0.0,2,1,0,55927.21,0
15668632,658,France,Female,36,8,100122.23,2,1,1,12615.45,0
15809323,681,Spain,Male,40,4,0.0,2,1,0,21667.39,0
15618565,759,France,Female,32,10,87016.81,1,1,1,48954.4,0
15700455,687,Spain,Male,39,10,90858.92,1,1,1,83702.73,1
15639960,606,France,Female,36,1,0.0,2,1,0,185813.22,0
15594580,769,Spain,Male,42,3,95730.58,2,1,1,94486.86,0
15796932,657,Germany,Female,38,10,99587.35,1,0,0,107466.69,1
15685380,771,Spain,Female,29,0,119710.4,1,1,0,45675.94,0
15726600,755,Germany,Female,30,8,107893.95,1,1,0,147002.39,0
15670071,732,Germany,Male,46,0,0.0,2,1,0,30452.94,0
15774743,527,France,Male,40,10,107169.76,1,1,1,92070.67,0
15596476,747,France,Female,37,6,182386.11,2,1,1,36402.4,0
15589061,684,France,Male,36,2,117205.45,1,1,0,41502.27,0
15791916,777,France,Male,37,2,0.0,1,1,0,11494.96,1
15600985,698,France,Male,34,7,145017.78,2,1,1,9543.21,0
15704028,581,France,Male,53,6,0.0,1,0,1,176300.79,0
15810135,580,Spain,Male,39,3,101215.28,1,1,0,95950.63,0
15628384,550,Spain,Female,35,9,140138.39,2,0,1,136054.17,0
15618926,654,France,Female,36,2,0.0,1,1,1,158879.67,0
15651069,633,France,Female,23,2,181249.69,2,1,0,61994.57,0
15791113,571,Germany,Male,53,9,101862.12,1,1,1,39533.65,0
15631094,650,Spain,Female,49,4,107167.78,2,1,0,51664.7,1
15649666,760,France,Female,37,4,145161.92,2,0,0,72204.22,0
15595879,442,Spain,Male,37,1,0.0,1,0,0,146180.99,0
15772042,669,France,Female,38,3,0.0,1,1,0,69340.92,0
15647140,820,Germany,Male,64,6,0.0,2,0,0,2805.07,1
15773065,740,Germany,Female,38,2,130079.36,1,0,1,591.57,0
15647824,742,France,Female,30,7,0.0,1,0,1,72752.46,0
15696310,496,Germany,Female,31,5,125722.68,2,0,1,70664.7,0
15732907,772,France,Male,52,2,118059.44,2,1,1,96718.62,0
15646857,770,France,Female,49,1,0.0,2,0,0,99928.06,0
15708984,634,Germany,Female,41,8,159496.13,2,1,1,70524.57,0
15591503,609,Spain,Male,42,1,149071.6,2,0,1,77383.82,0
15763530,556,Germany,Female,42,6,139250.95,1,1,1,128764.49,1
15807347,623,France,Female,39,2,172619.93,2,1,0,96850.85,0
15786544,688,France,Female,28,7,139113.62,1,1,1,168379.02,0
15717272,644,Spain,Male,35,0,114092.04,2,0,0,170596.69,0
15797705,696,France,Male,28,3,149517.83,2,0,0,125057.88,0
15786029,738,Germany,Male,32,1,118866.23,3,1,0,16552.41,0
15812963,627,Germany,Female,34,3,117564.95,2,1,0,41880.89,1
15567220,785,France,Male,40,4,147159.74,2,1,0,151810.42,0
15667612,583,Germany,Male,45,10,95499.14,2,1,1,182061.02,0
15599923,598,Germany,Male,56,7,0.0,2,1,1,91910.67,0
15579983,649,Spain,Male,35,10,155122.05,2,1,0,176880.48,0
15712144,834,Germany,Female,33,9,49263.46,1,1,0,40639.57,0
15586319,669,Spain,Female,39,2,128848.15,2,0,1,171749.6,0
15740727,694,France,Female,35,5,145323.85,1,1,0,81864.07,0
15782206,766,France,Female,36,9,103381.03,1,1,0,68008.97,0
15636039,587,France,Female,27,4,0.0,1,1,1,117660.26,0
15706207,746,Spain,Male,31,7,0.0,1,1,0,105974.19,0
15672675,493,Germany,Male,46,9,73219.65,2,0,0,168708.62,0
15590320,682,France,Female,31,6,147214.73,1,1,0,93592.18,0
15769096,658,France,Female,26,8,0.0,2,1,1,4029.39,0
15714257,684,France,Female,57,0,152064.02,1,1,0,65701.08,0
15687116,729,Germany,Male,49,9,0.0,2,1,0,103258.82,0
15725665,600,Germany,Male,43,5,78926.82,1,1,0,35576.7,1
15607071,620,Spain,Male,37,1,78602.23,1,1,0,70310.63,0
15803796,643,Germany,Female,65,2,0.0,1,1,0,39503.35,1
15647954,609,France,Male,74,7,143624.77,2,1,1,29060.35,1
15707287,764,France,Male,42,10,0.0,1,0,1,189971.96,0
15571230,567,France,Male,57,0,126193.82,2,1,0,141153.31,1
15748517,682,Germany,Male,24,6,166495.22,1,1,0,55477.04,0
15635975,746,Spain,Female,36,9,106707.5,1,1,0,86214.12,1
15738610,677,France,Male,25,5,164619.64,2,1,1,140373.74,0
15660015,754,Spain,Male,50,5,152663.22,2,1,1,78907.89,0
15706576,648,France,Female,31,9,148654.25,1,1,0,153843.96,0
15775783,589,France,Male,45,0,0.0,1,1,1,139127.41,0
15589260,685,Spain,Female,41,10,129641.11,1,0,1,43975.87,0
15598483,653,France,Male,40,2,129744.17,2,0,0,158153.21,0
15775620,850,Germany,Male,29,0,123933.94,2,1,1,55024.73,0
15606346,788,France,Male,38,1,109866.87,2,1,0,152708.91,0
15799253,531,Spain,Male,45,10,155428.08,1,0,1,193839.42,0
15650242,578,Spain,Male,31,4,0.0,2,1,0,54204.16,0
15780333,641,France,Male,28,4,0.0,1,0,1,155275.35,0
15785407,689,Spain,Female,41,9,85432.6,1,1,0,124347.7,1
15586203,621,Spain,Male,35,4,153783.45,2,1,1,192951.4,0
15616090,688,France,Female,29,9,118877.54,1,0,0,84197.9,0
15756565,544,Germany,Male,36,10,48166.46,2,1,1,72289.85,0
15649077,483,France,Male,73,6,0.0,2,1,1,85925.02,0
15584902,400,France,Female,44,2,147816.17,1,0,1,104094.68,0
15699124,532,France,Female,38,1,0.0,1,1,1,197051.88,0
15803094,633,Spain,Female,37,4,147680.45,1,1,0,57173.25,0
15671622,555,Spain,Male,50,8,0.0,2,0,0,165352.12,0
15719684,842,Spain,Male,38,8,0.0,2,1,0,183650.12,0
15570509,761,Spain,Female,35,4,0.0,2,1,1,42145.03,0
15707078,523,France,Female,31,0,0.0,2,1,0,78411.64,0
15813824,659,Germany,Female,34,1,106653.79,1,1,0,103799.7,0
15735394,393,France,Female,46,10,0.0,2,1,0,74041.07,0
15808611,778,France,Female,31,9,155894.4,2,0,0,84395.17,0
15656678,530,France,Male,46,6,102492.07,1,1,1,198567.72,0
15602879,780,France,Female,30,4,119836.92,2,1,0,47557.99,0
15642786,612,Germany,Female,43,6,88081.39,2,1,1,62077.81,1
15766240,768,France,Male,32,0,161826.09,2,1,0,176829.78,0
15805111,702,France,Female,53,8,112661.93,1,1,0,47191.52,1
15760130,535,France,Male,54,5,195333.59,1,1,0,55277.66,0
15807088,553,Germany,Male,34,1,130760.78,3,1,1,13089.03,0
15701069,811,France,Male,34,9,90425.91,1,1,0,122514.87,0
15612455,620,Spain,Male,30,3,101694.73,1,1,1,124594.06,0
15676152,615,France,Female,40,3,112279.33,2,0,1,82538.56,1
15586985,766,France,Male,41,4,83351.44,1,1,0,32863.08,0
15804057,724,France,Female,44,7,131262.43,1,1,0,135975.28,0
15785089,792,France,Female,48,10,133153.05,1,1,1,155423.27,0
15592161,777,Germany,Female,31,3,141471.72,1,1,1,22079.34,1
15728486,740,France,Female,29,7,163088.98,2,0,0,86993.29,0
15588808,732,France,Male,55,3,0.0,1,1,1,94983.61,0
15590906,607,France,Male,44,5,0.0,2,0,0,101114.63,1
15701306,690,France,Male,35,2,111279.26,2,1,0,136034.15,1
15676771,817,Germany,Female,46,2,0.0,1,0,0,3936.97,1
15567264,665,France,Female,41,9,127329.26,2,1,1,66466.72,0
15628963,574,France,Female,42,8,138014.45,1,1,1,142197.23,0
15749967,505,Spain,Female,29,10,81978.63,1,1,0,58404.86,0
15766426,530,France,Male,37,7,81973.96,1,1,1,117543.88,0
15658150,671,Spain,Female,48,9,0.0,1,0,1,15891.82,0
15763833,602,France,Female,38,10,0.0,1,0,1,151192.67,0
15771935,686,France,Male,53,0,102320.39,2,0,0,47289.54,1
15792885,531,Spain,Male,48,8,78906.38,3,1,0,181464.64,0
15730263,714,France,Female,40,9,136935.43,2,1,0,68393.59,1
15767430,607,Spain,Female,38,8,94825.74,2,0,0,145031.71,0
15763919,618,France,Female,41,2,92585.9,2,1,1,70935.86,0
15809721,537,Spain,Male,37,9,114460.89,2,1,1,143820.08,0
15728052,641,France,Female,43,5,111165.45,2,1,1,67266.49,0
15778229,534,Germany,Female,36,2,101720.13,1,0,0,50789.64,1
15670335,555,France,Male,28,0,0.0,3,0,1,62853.81,0
15587448,735,France,Female,42,8,105600.23,2,1,1,46587.78,1
15753037,655,France,Female,72,6,142692.14,2,1,0,164779.33,1
15730063,686,Germany,Female,36,0,0.0,2,1,0,86382.63,0
15763751,580,France,Male,42,0,121451.05,2,1,1,52568.77,0
15622403,673,Germany,Female,31,0,159011.39,1,1,0,26755.38,0
15594151,563,France,Female,33,6,0.0,1,0,1,187128.01,0
15605429,640,Germany,Male,37,6,0.0,1,1,1,115631.54,0
15730651,559,Germany,Male,68,1,0.0,1,1,1,164111.98,1
15716127,709,France,Male,33,1,91167.25,1,1,0,83143.57,0
15700987,782,France,Female,49,0,111577.4,1,1,1,126146.1,0
15799115,565,France,Female,29,3,157215.38,2,1,0,152233.22,1
15623807,598,France,Male,36,10,0.0,1,1,1,42324.54,0
15712800,744,Spain,Female,41,10,170269.17,2,1,1,147853.54,0
15667129,557,France,Female,30,7,153336.83,3,1,1,165011.62,0
15596913,514,France,Female,40,1,75140.1,1,1,0,112684.13,0
15785895,605,Germany,Female,51,7,130692.04,2,1,0,138766.02,1
15594679,644,Germany,Male,38,5,0.0,1,1,1,73911.06,0
15699586,640,Spain,Male,31,8,117231.75,2,0,0,178228.2,0
15660459,636,France,Male,31,10,141522.91,2,1,0,183177.81,0
15711712,499,France,Male,25,5,109085.48,1,1,0,196617.11,0
15663360,601,France,Female,32,5,0.0,2,0,1,76879.63,0
15795862,616,France,Male,42,9,0.0,2,1,0,76018.24,0
15665378,593,France,Male,40,6,114239.79,2,1,1,184528.98,0
15584565,748,Spain,Male,30,4,127191.74,1,1,0,156309.5,1
15809296,447,Germany,Male,38,3,0.0,1,1,1,128354.86,0
15586472,579,Germany,Female,45,6,118343.67,2,1,0,141579.3,1
15621839,565,France,Male,71,4,156699.81,1,0,1,120811.35,1
15600127,536,France,Female,42,5,140466.37,2,0,1,177473.75,0
15594528,646,Germany,Male,43,10,108856.59,2,1,1,45814.46,0
15704921,658,France,Female,29,5,0.0,1,0,0,9191.23,0
15711291,687,Germany,Male,48,9,0.0,1,1,1,116617.88,1
15800722,758,France,Female,36,8,0.0,2,1,1,97591.71,0
15739230,691,France,Female,38,0,118995.89,2,1,1,145497.64,0
15726835,583,France,Female,30,5,0.0,1,1,0,1835.57,0
15658379,771,France,Male,37,0,166077.13,1,1,0,128737.36,1
15795091,711,Germany,Male,28,5,150279.49,1,1,0,34149.08,1
15619505,644,Spain,Male,45,7,0.0,1,1,0,87077.99,0
15758426,537,France,Female,59,9,128930.66,1,1,1,171087.68,1
15749228,546,France,Male,41,0,0.0,2,1,0,192504.93,0
15737213,505,France,Female,49,4,0.0,2,1,0,13986.91,0
15720233,726,Spain,Female,46,0,111390.0,1,1,1,100899.1,0
15655297,696,Spain,Male,45,9,157403.24,1,0,1,85822.06,0
15693602,709,France,Male,39,0,179242.38,1,0,1,122870.32,0
15629296,640,France,Male,46,9,151726.81,1,1,1,102449.66,0
15774739,794,Spain,Female,34,5,81600.97,1,1,1,7043.87,0
15644828,681,Spain,Male,39,2,127860.12,2,1,0,122481.06,0
15708790,649,Spain,Female,37,5,117806.38,3,1,0,15908.43,1
15586986,719,France,Male,50,4,114216.87,2,0,0,25054.54,1
15713749,807,Spain,Male,36,9,145224.6,2,1,1,57614.05,0
15731659,577,France,Female,30,10,111952.02,1,1,1,154942.35,0
15794699,673,Spain,Male,37,5,72574.16,3,0,0,188718.97,0
15723715,729,Germany,Female,47,7,135485.87,2,1,1,196573.34,0
15625342,601,France,Female,27,1,0.0,1,1,1,157604.16,0
15707920,482,Germany,Male,27,3,127403.74,1,0,0,189347.17,0
15642013,684,France,Female,43,3,65954.1,1,1,0,107534.14,1
15793620,732,Spain,Male,49,7,91483.4,2,1,0,196728.13,0
15678983,652,Spain,Female,62,2,170041.85,2,0,0,131702.45,1
15581118,577,France,Male,30,3,118774.72,1,1,0,46715.61,1
15671377,667,Germany,Male,53,10,110528.97,2,1,1,29506.45,1
15764650,464,Spain,Male,52,2,0.0,1,0,0,163365.8,0
15673560,543,France,Male,39,1,72302.4,2,1,1,15653.7,0
15625537,577,Germany,Male,44,5,85451.39,1,1,1,58284.8,1
15812564,734,Germany,Female,51,7,0.0,2,1,1,38302.58,0
15693438,651,Spain,Female,21,0,184519.39,1,0,0,175672.61,0
15688575,558,Germany,Female,26,1,141903.22,1,0,1,146551.64,1
15743855,586,France,Female,29,0,97886.72,2,0,0,23285.2,0
15607743,727,France,Female,28,9,158216.11,1,0,0,174199.07,0
15809050,530,France,Male,39,8,156696.95,2,1,0,12367.62,1
15598556,596,Germany,Female,42,6,0.0,2,0,1,62079.4,0
15746808,569,France,Female,43,5,79715.69,2,1,0,112767.87,1
15738803,635,Spain,Male,38,9,117464.03,2,1,0,187580.94,0
15632023,669,Spain,Male,44,0,0.0,2,1,1,21388.45,0
15727889,605,France,Male,42,3,142924.03,3,1,0,134051.03,0
15723810,558,France,Female,40,9,0.0,1,1,1,187034.69,0
15779342,361,Germany,Female,39,5,0.0,2,1,0,88839.67,0
15568181,536,France,Male,41,10,0.0,1,1,0,116422.05,0
15778962,649,Spain,Female,48,7,97330.7,2,1,0,12534.54,1
15640162,636,Spain,Male,44,8,0.0,1,1,0,14442.48,0
15628651,820,Germany,Male,29,9,117233.55,1,1,0,180126.09,1
15619145,703,France,Female,27,0,0.0,1,1,0,2216.35,0
15719567,657,Germany,Male,33,10,0.0,2,1,0,15208.35,0
15722088,686,France,Male,40,6,100018.69,2,1,1,12154.75,0
15621407,564,Germany,Male,34,7,130115.27,1,1,1,22619.7,0
15577504,565,France,Male,39,3,0.0,2,1,1,41817.15,0
15607655,639,France,Male,55,7,121071.55,2,1,0,67114.2,0
15807222,656,France,Male,38,3,128995.1,1,0,1,132209.2,0
15727474,624,France,Male,29,10,142874.71,1,1,1,195584.06,0
15766444,416,Spain,Male,42,5,117175.08,1,1,1,42929.69,0
15738214,590,France,Male,22,6,94638.55,2,1,1,51933.44,0
15566746,523,France,Female,43,5,0.0,1,0,1,101712.02,0
15696398,538,Spain,Female,37,8,175194.03,2,0,1,115073.94,1
15723728,768,France,Female,33,0,0.0,2,1,0,195152.98,1
15723807,527,Germany,Female,48,9,0.0,2,0,0,182011.76,1
15800239,672,France,Female,49,2,0.0,1,1,0,175637.08,0
15683160,684,France,Female,36,6,111317.1,1,0,0,1966.37,0
15681936,654,Germany,Male,50,2,81506.6,2,1,0,149340.86,1
15798757,556,France,Male,38,3,58120.13,2,0,1,168737.78,0
15695863,700,France,Female,42,7,123556.26,1,0,0,105866.93,0
15691939,723,France,Female,30,9,0.0,2,1,0,94327.35,0
15745544,697,France,Female,49,9,108945.63,1,0,1,40815.36,1
15727837,707,France,Female,35,4,86926.04,1,1,1,104822.73,0
15614349,653,Spain,Female,36,0,0.0,2,1,1,116850.75,0
15814564,681,Spain,Female,41,2,148149.75,1,1,0,32614.22,0
15597602,706,Spain,Male,39,1,0.0,2,1,1,150955.94,0
15584149,637,Germany,Male,32,6,136666.16,2,1,0,146936.45,1
15748925,597,Germany,Male,30,3,0.0,1,1,1,33684.83,0
15783790,729,France,Male,32,4,167966.52,2,1,1,171821.03,0
15797086,646,Spain,Female,38,3,0.0,1,1,0,150982.07,0
15686711,688,France,Female,26,10,123684.1,2,1,1,28306.45,0
15638814,641,Spain,Female,47,4,104619.36,1,1,1,65678.77,0
15675709,722,France,Female,38,0,96135.65,1,1,0,172324.22,1
15761185,645,France,Male,40,5,143108.82,1,1,1,124563.05,0
15570201,791,France,Female,40,2,0.0,2,1,0,192351.35,0
15771400,642,France,Male,30,2,0.0,1,1,0,71701.74,0
15610584,554,Spain,Male,43,2,0.0,2,1,0,195879.37,1
15789734,809,France,Female,78,4,102846.5,2,0,0,8720.68,1
15623147,557,France,Male,41,10,0.0,1,1,0,11719.63,0
15667276,588,France,Male,27,5,161516.07,1,1,1,85107.16,0
15622652,635,Germany,Male,26,5,0.0,2,1,0,87098.43,0
15642106,539,France,Female,34,10,0.0,1,1,1,96173.38,0
15644516,703,France,Female,34,8,108424.52,1,1,0,70090.93,0
15811351,733,France,Male,27,2,0.0,2,1,0,109255.82,0
15782485,827,France,Male,57,3,58692.6,2,0,0,111513.04,1
15566738,669,France,Female,36,0,74228.24,1,1,0,137054.04,0
15664158,625,France,Female,41,0,89710.27,1,0,0,8464.04,0
15781689,511,Spain,Male,41,5,0.0,1,1,0,41085.08,0
15595496,521,France,Male,27,0,99686.48,1,1,1,154292.14,0
15648123,586,Spain,Female,51,4,0.0,1,1,1,153324.61,0
15568665,605,France,Male,23,1,115538.79,2,0,0,101226.16,0
15625296,650,Spain,Male,28,1,131480.77,1,1,1,14602.54,0
15773278,623,Spain,Female,31,7,82957.57,2,1,1,155205.54,0
15615480,543,Spain,Female,32,1,139964.32,1,1,1,152814.37,0
15808419,706,France,Female,83,3,140006.02,1,0,0,82414.87,1
15714206,492,France,Female,30,8,64694.08,1,0,0,84658.27,0
15676409,581,France,Male,44,6,147854.13,1,1,0,71698.67,0
15708089,568,Germany,Female,32,6,72669.74,1,1,1,183327.92,0
15683030,650,France,Female,32,10,120471.36,2,1,0,12600.61,0
15713650,653,Germany,Male,34,6,97075.69,1,0,1,28770.14,0
15684223,753,Germany,Female,31,0,73748.71,1,1,0,107585.42,0
15807951,634,France,Female,27,0,0.0,2,1,0,74469.28,0
15710524,828,France,Male,37,3,0.0,1,1,1,137136.86,0
15787451,662,France,Female,41,9,121094.98,2,0,1,40265.89,0
15750138,669,Spain,Male,22,6,0.0,1,0,0,15969.59,0
15735528,850,Spain,Male,30,2,139732.73,2,1,0,160655.68,0
15792477,513,Germany,Male,40,3,0.0,2,1,1,171526.05,0
15621217,416,France,Male,48,10,118772.62,3,0,0,126730.11,0
15566124,637,Spain,Female,46,10,0.0,2,0,1,51008.11,0
15719726,623,France,Female,73,3,0.0,2,0,0,89308.48,1
15757493,648,Germany,Female,38,10,143586.69,1,0,0,73583.26,1
15672493,592,Spain,Male,38,2,0.0,2,1,0,3910.27,0
15751707,686,Spain,Male,31,2,123764.85,1,1,1,34417.68,0
15703525,693,Germany,Male,44,7,105332.57,2,0,1,32207.51,0
15780631,585,Germany,Female,30,6,163668.95,1,1,1,54439.04,0
15676628,783,Spain,Male,30,5,70601.84,2,1,0,57575.65,0
15807810,701,France,Male,30,8,151407.13,3,0,0,194527.41,0
15779314,740,Spain,Male,43,6,121886.68,2,1,1,145560.56,0
15696230,850,France,Male,58,10,111945.93,2,0,1,93316.37,0
15718013,798,Germany,Male,36,2,0.0,1,1,1,15152.82,0
15604418,709,France,Female,42,3,0.0,2,1,0,165359.25,0
15631146,575,Germany,Female,28,1,0.0,1,1,1,65790.75,0
15758711,682,Germany,Male,46,0,0.0,1,0,1,154311.9,1
15798830,650,Spain,Female,38,10,129124.37,2,1,1,193222.64,0
15587629,482,Germany,Female,24,8,118944.02,1,1,1,107641.12,0
15592932,603,Germany,Female,40,5,112138.24,1,1,1,137094.84,0
15687633,631,Germany,Female,45,8,0.0,3,0,0,143946.05,1
15697592,751,France,Male,26,0,203892.39,2,1,1,132704.31,0
15747500,812,Germany,Male,45,3,128182.02,1,1,0,176186.85,0
15702883,653,France,Female,51,0,122192.39,1,0,1,16892.95,0
15717793,564,France,Male,36,1,163264.62,2,0,1,182826.04,0
15593234,440,Germany,Female,63,2,115593.96,2,1,0,162465.69,1
15636161,566,France,Male,28,8,143132.59,2,1,1,49456.55,0
15777421,621,Germany,Female,46,1,130154.67,1,1,1,90800.15,0
15715221,642,Spain,Male,25,2,161651.92,2,1,0,167752.99,0
15782872,590,Germany,Female,39,0,133386.96,2,0,1,58426.05,0
15757769,524,Spain,Female,39,0,0.0,2,1,0,95077.8,0
15675289,576,Spain,Male,50,4,132707.87,1,0,0,24948.11,1
15700263,752,France,Female,42,0,88972.53,2,0,0,145279.69,0
15610021,525,Spain,Male,41,2,126216.94,2,1,1,27098.8,0
15752974,582,Germany,Male,45,9,0.0,1,0,0,190081.31,1
15790603,638,France,Female,55,6,98506.21,1,1,1,80230.11,0
15595853,629,Germany,Male,31,2,65618.73,1,0,0,5029.75,0
15617295,616,France,Male,42,2,86825.15,1,1,0,175526.72,1
15795455,685,Spain,Female,28,2,94759.36,2,1,0,38642.51,1
15769048,794,Germany,Male,50,2,122040.04,1,1,1,113665.26,0
15681182,729,France,Male,45,3,0.0,2,1,0,41667.7,1
15679676,850,Spain,Female,36,8,0.0,3,1,1,170926.46,0
15771719,662,France,Male,29,7,0.0,1,1,1,147637.92,0
15733622,542,France,Male,34,7,0.0,2,1,1,108604.8,0
15759015,750,Spain,Female,35,5,0.0,1,1,0,104947.32,1
15763343,713,France,Male,27,7,151766.99,1,1,1,115670.03,0
15643528,672,Spain,Male,55,3,167205.11,1,1,1,9482.99,0
15782112,690,France,Female,31,1,0.0,1,1,0,14120.94,1
15787263,700,Spain,Male,47,3,0.0,1,1,1,182303.98,0
15792552,576,Spain,Female,46,6,137018.94,1,1,1,163499.13,0
15733848,692,France,Male,31,0,0.0,1,0,1,194439.27,0
15709329,569,Spain,Female,73,7,47078.81,1,1,1,91451.7,0
15815202,652,Spain,Male,49,1,145088.2,2,1,0,171761.39,1
15726679,560,France,Male,44,7,103323.48,1,1,1,162231.6,0
15772769,598,Spain,Female,50,2,93264.95,2,1,1,85881.1,0
15626787,585,Spain,Male,39,10,0.0,1,1,0,111469.57,0
15749255,636,Germany,Male,43,9,0.0,1,0,0,107382.03,1
15789853,641,Spain,Female,28,0,141289.41,2,0,1,43093.85,0
15774295,704,France,Male,43,5,91138.38,2,1,0,177191.05,0
15623728,514,France,Female,28,3,0.0,2,1,0,165028.69,0
15611545,627,France,Male,36,7,108911.8,1,1,1,65230.77,0
15702389,676,Germany,Female,32,2,127295.34,1,1,1,159383.95,0
15778516,592,France,Male,33,4,159431.43,1,0,0,38277.21,1
15741594,710,France,Female,58,7,110667.05,1,1,0,161960.8,1
15723390,778,France,Male,35,6,129483.47,2,1,1,177119.96,0
15771106,652,France,Male,50,4,168006.99,2,1,1,165832.63,0
15701317,638,Spain,Male,23,1,122923.01,1,1,1,58609.1,0
15587979,475,France,Female,31,6,107257.85,1,1,1,51489.15,0
15671756,850,France,Male,50,10,90382.71,2,1,0,69097.82,0
15641022,676,France,Male,34,4,127967.75,2,1,1,196879.32,0
15725941,610,Germany,Male,49,9,89449.27,2,1,1,135838.81,0
15614329,494,France,Female,64,4,101207.4,2,1,1,54508.8,0
15782800,647,France,Male,53,1,93535.32,1,1,0,66438.66,0
15804497,657,Spain,Female,46,9,142829.25,2,1,0,145143.93,1
15688986,677,Spain,Female,38,0,98109.25,1,0,1,4586.88,0
15593975,691,Spain,Male,47,2,160806.97,1,0,0,147911.59,0
15620494,579,France,Female,46,4,0.0,2,0,0,175367.38,1
15567162,594,France,Female,43,6,65780.72,2,0,1,126134.74,0
15774070,581,Germany,Female,49,2,139346.18,1,1,0,38518.27,0
15638536,708,France,Male,33,1,0.0,1,0,1,73753.74,0
15675407,805,Germany,Male,50,1,87698.1,2,1,1,6646.77,0
15708761,783,France,Male,26,6,0.0,1,1,1,53115.69,0
15752737,693,Germany,Male,40,10,193124.11,1,1,0,55623.51,1
15691042,723,France,Female,33,6,117711.74,2,0,1,38312.99,1
15604385,593,Germany,Female,51,8,0.0,2,0,0,129451.35,0
15583871,807,France,Male,32,5,96865.68,2,0,1,134747.74,0
15640241,705,France,Female,34,0,0.0,1,0,0,48503.34,0
15600274,657,Spain,Female,41,0,139684.94,2,1,1,18649.98,0
15634785,811,Germany,Male,50,0,0.0,1,1,0,158251.47,0
15704736,607,France,Male,29,6,0.0,2,1,1,182831.77,0
15600801,723,Germany,Male,41,7,121732.86,1,1,1,159512.09,1
15630149,697,Germany,Female,55,4,99537.58,2,1,0,105530.38,0
15798875,590,Germany,Female,35,5,0.0,1,1,1,64272.63,0
15755536,654,France,Male,26,7,129051.53,1,1,1,24277.49,1
15621447,642,Germany,Male,40,5,110671.65,1,1,1,88019.47,1
15698700,647,France,Male,40,9,142805.98,1,0,0,22569.34,1
15649516,762,France,Male,31,1,0.0,2,1,0,120534.53,0
15777583,674,France,Male,37,1,153367.14,2,1,0,36442.92,0
15662103,631,Germany,Male,22,4,96289.51,2,1,1,152203.65,0
15761201,751,France,Female,27,8,0.0,1,1,0,93972.95,0
15776025,587,Spain,Female,41,9,147226.17,1,0,1,190051.91,0
15687225,551,Spain,Female,40,7,126971.69,1,1,1,6692.51,0
15795788,500,Germany,Male,57,7,76544.99,2,0,1,35749.49,1
15622206,647,Germany,Male,42,0,0.0,2,1,1,78249.06,0
15583125,779,France,Male,33,3,0.0,2,1,0,7866.26,0
15762942,675,France,Male,51,3,114000.86,2,1,1,58248.0,0
15770688,670,Germany,Female,31,4,0.0,1,1,0,134722.15,1
15629562,672,France,Male,31,10,118216.83,2,0,1,38869.22,0
15695284,769,Germany,Female,27,5,163490.49,1,1,1,134034.52,1
15593384,480,France,Female,34,2,0.0,1,1,0,158134.44,0
15611382,675,France,Female,33,6,0.0,1,1,1,3878.09,0
15766659,604,Spain,Female,46,2,101913.34,1,1,1,185301.34,1
15606287,593,France,Male,28,0,0.0,1,1,0,78207.07,0
15678270,661,Spain,Female,35,10,0.0,1,0,1,68685.05,0
15649955,707,France,Female,45,8,93408.98,2,1,1,55241.69,1
15637253,695,France,Male,57,1,140639.75,1,1,1,41566.08,1
15626130,701,Spain,Male,56,1,167511.48,1,0,1,74871.54,0
15608551,534,Germany,Female,29,1,48206.15,1,1,0,128273.75,0
15734935,850,Germany,Female,37,7,0.0,2,1,1,154603.68,0
15566872,691,France,Male,28,9,0.0,1,0,1,178446.12,0
15767495,598,France,Male,41,2,115542.77,2,1,0,137194.62,1
15735312,642,Germany,Female,37,4,127416.11,1,1,1,58280.26,0
15809702,656,Spain,Male,33,4,0.0,1,1,1,132214.95,0
15601737,534,Spain,Male,33,0,154906.7,1,0,1,187049.77,0
15585148,661,Spain,Male,35,0,0.0,2,0,1,51410.33,0
15668666,461,Spain,Male,53,4,36742.61,2,0,1,17955.38,0
15769792,648,France,Female,32,8,0.0,1,1,1,51652.13,0
15675912,600,France,Female,44,2,60619.45,3,1,1,108507.99,1
15710849,677,France,Female,29,1,151146.12,1,0,1,70753.49,0
15805265,525,Spain,Male,27,7,0.0,1,1,0,127749.42,0
15801385,694,France,Male,64,7,162213.23,1,1,0,43393.12,1
15657334,653,Germany,Female,33,0,0.0,2,0,1,121177.17,1
15682390,829,Germany,Female,45,3,117109.5,1,0,1,24455.37,0
15615883,577,France,Female,42,4,179733.76,2,1,1,153917.76,0
15639754,750,France,Male,50,5,115501.2,2,0,0,152594.25,1
15757874,697,France,Female,27,6,105687.3,1,1,0,113755.19,0
15664636,538,Spain,Female,30,0,81656.63,2,1,0,103247.08,1
15635026,757,Germany,Female,42,5,104205.24,1,1,0,97262.33,0
15779694,610,France,Male,43,6,114398.19,2,0,1,76150.2,0
15598438,676,France,Female,53,3,163568.37,1,1,0,20982.8,1
15798396,452,Germany,Female,43,7,0.0,2,1,1,34084.24,0
15784950,583,Spain,Female,36,9,119884.42,1,0,1,87328.72,0
15815255,659,France,Female,27,3,0.0,2,0,1,142833.5,0
15608523,679,France,Male,33,8,0.0,1,0,0,124791.91,0
15788020,798,France,Female,55,2,112277.8,1,0,1,54353.17,0
15717809,598,France,Female,37,6,145224.72,1,1,1,1002.13,0
15695666,747,Spain,Male,25,9,30831.29,2,1,0,88962.59,0
15792482,539,France,Female,42,6,0.0,2,0,1,136251.56,0
15680996,690,France,Male,34,1,131953.14,1,1,0,6647.5,0
15598015,620,France,Male,33,7,0.0,2,1,0,59881.56,0
15758751,542,France,Male,42,3,102480.04,2,1,1,80138.28,0
15804577,584,Germany,Female,49,8,0.0,2,1,0,20975.66,0
15623636,534,France,Male,35,0,115160.19,1,1,1,135162.24,0
15760080,662,France,Female,36,0,110489.73,1,1,1,52224.67,0
15730239,583,France,Female,37,0,0.0,1,1,1,183863.11,0
15649564,760,France,Male,35,1,142915.08,1,0,0,40702.64,0
15777014,599,Spain,Female,22,6,138158.45,2,0,1,97054.0,0
15671371,636,Germany,Female,53,2,63584.51,2,1,1,122348.01,1
15779775,578,France,Female,30,1,127560.97,2,0,1,143312.58,0
15708517,620,Spain,Male,63,0,127038.57,2,1,1,45831.54,1
15644928,429,Germany,Female,36,0,187100.22,2,1,1,112945.54,0
15571480,586,Germany,Female,31,0,161927.2,4,1,0,146393.2,1
15668861,677,France,Male,34,1,118927.49,1,0,0,44384.62,0
15593485,597,France,Male,34,4,140021.37,1,1,0,178400.74,0
15734110,806,Germany,Female,61,5,0.0,1,1,1,126831.74,0
15801378,693,Germany,Male,32,7,99201.56,2,1,0,29732.34,1
15628537,850,France,Male,38,5,140627.27,1,1,0,81003.31,0
15778753,648,France,Male,31,9,100270.38,1,1,1,188045.83,0
15654609,462,Germany,Male,32,1,111673.94,3,0,0,154188.82,1
15712272,661,Germany,Female,36,4,112386.16,2,1,0,93399.36,0
15661045,588,Spain,Female,35,6,112579.96,2,0,0,148741.1,0
15718564,681,France,Female,41,7,92381.92,2,1,1,16092.76,0
15677560,630,France,Male,35,3,0.0,2,1,1,89902.06,0
15621292,742,Germany,Female,56,5,120303.38,1,0,1,12915.44,1
15727232,439,Spain,Male,37,0,158442.06,1,1,1,56290.07,0
15734856,596,Spain,Male,32,3,0.0,1,0,0,24307.31,0
15664513,515,Spain,Male,54,8,68681.13,1,1,1,170358.47,0
15761767,552,France,Male,76,5,112275.66,1,1,0,141225.34,1
15729064,536,Spain,Male,32,6,0.0,1,1,1,90189.04,0
15742072,727,France,Female,35,1,0.0,1,0,0,6356.76,0
15808692,615,Germany,Female,34,1,118979.07,1,1,1,187743.61,1
15759368,452,Germany,Male,38,7,0.0,1,1,0,54479.0,0
15656054,723,Germany,Male,40,4,112236.11,3,1,1,51008.13,1
15590039,680,Spain,Female,41,2,160990.21,2,1,0,172633.74,1
15569514,453,France,Male,42,4,147648.06,1,1,1,15972.75,0
15604887,567,Germany,Male,43,5,118022.05,2,0,0,56348.21,1
15800380,850,France,Male,26,1,0.0,2,1,1,104487.56,0
15612211,561,Germany,Male,30,5,113472.61,3,0,1,105776.59,0
15684766,457,Germany,Female,39,6,0.0,2,1,0,188684.76,0
15737349,527,Germany,Male,48,9,60273.08,1,1,0,194187.95,0
15671016,621,Spain,Female,52,1,0.0,1,1,0,34827.48,0
15678223,726,France,Male,33,5,152176.58,1,1,0,17081.49,1
15732240,756,Spain,Male,63,4,0.0,1,1,0,53455.73,1
15807924,480,Germany,Female,52,3,123701.76,1,0,0,167963.89,1
15761804,622,France,Female,30,6,0.0,1,1,1,183696.36,0
15762616,657,France,Female,29,10,0.0,1,1,0,151968.7,1
15709463,531,France,Female,32,0,140019.12,1,1,1,126793.12,1
15785406,623,Germany,Male,40,0,0.0,1,1,1,63591.93,1
15810350,743,France,Female,35,3,0.0,2,1,0,39778.04,0
15693942,618,France,Male,33,1,0.0,2,1,0,2894.88,0
15692471,811,France,Male,33,5,0.0,2,1,1,73980.75,0
15688532,593,Germany,Male,40,3,0.0,1,1,1,1794.97,1
15624122,728,Spain,Male,38,7,88873.4,1,1,1,64209.7,0
15781401,643,Spain,Female,50,0,0.0,2,1,0,185928.9,0
15791747,710,Germany,Male,40,9,107117.44,2,1,1,167267.95,0
15616799,655,France,Male,32,2,0.0,2,1,0,163385.29,0
15699449,529,Germany,Female,23,0,156970.18,2,1,1,46171.1,0
15628026,613,Spain,Male,38,6,0.0,1,1,0,23528.49,0
15672142,757,Germany,Female,25,6,170721.45,3,1,0,126454.62,0
15689877,837,France,Female,28,10,127384.64,2,0,1,87720.83,0
15728948,504,France,Male,42,1,0.0,1,1,1,25298.99,0
15806102,636,Spain,Female,31,9,105405.49,2,1,0,3630.23,0
15685686,620,Germany,Female,34,9,107098.15,2,0,1,160594.44,1
15682981,632,Spain,Male,34,2,106353.87,2,0,1,125992.82,0
15597582,667,Spain,Male,28,0,0.0,1,0,1,35345.7,0
15612533,454,France,Female,47,7,151649.92,4,1,1,85188.79,0
15776161,643,Spain,Female,40,10,0.0,1,0,1,188697.66,0
15669557,613,France,Male,35,7,89564.11,1,1,0,113977.91,0
15581643,488,France,Female,49,0,84595.47,2,1,1,21000.01,0
15653163,642,Spain,Female,60,10,149381.18,1,1,0,115765.49,0
15795389,559,France,Male,26,10,113633.57,2,1,1,172525.12,0
15686619,502,Germany,Female,24,7,0.0,2,1,1,182509.6,0
15665225,531,Germany,Female,48,8,122130.77,1,1,0,45715.06,0
15625802,634,Germany,Male,49,0,0.0,2,1,1,128186.63,0
15800597,714,France,Female,33,4,89149.92,2,1,0,125133.87,0
15811066,537,Germany,Female,32,4,0.0,1,1,1,110465.37,0
15782618,498,Germany,Female,36,10,0.0,1,0,0,174379.58,1
15697597,487,Germany,Male,43,4,77596.76,1,1,0,126647.79,0
15762381,670,Germany,Female,50,10,0.0,1,0,1,120525.73,0
15717043,786,Germany,Male,25,9,112655.42,2,1,1,58832.21,0
15742686,471,Spain,Male,33,0,129432.74,1,0,0,73348.55,0
15810534,657,France,Female,46,7,108418.55,1,1,1,62431.69,0
15607167,642,Spain,Male,48,2,0.0,1,1,0,30156.16,0
15697990,724,France,Male,34,6,0.0,1,1,0,62364.04,1
15786709,777,Spain,Female,45,1,145318.32,1,1,0,190052.65,1
15650823,631,Germany,Male,41,7,0.0,2,0,0,90197.7,1
15712312,399,Germany,Male,47,10,140383.54,1,1,1,129072.77,1
15799455,568,France,Female,30,8,123742.13,2,1,1,162198.14,0
15657814,605,France,Male,29,8,94115.45,1,1,1,167917.37,0
15758364,632,Spain,Male,60,8,0.0,1,1,1,38678.07,0
15626635,627,Germany,Female,34,7,125943.01,1,0,0,103404.02,1
15758299,658,France,Female,34,0,0.0,1,0,1,175792.1,0
15687933,671,Spain,Female,36,0,78656.77,1,1,1,16343.1,0
15625616,794,France,Male,45,8,0.0,1,0,1,126438.67,0
15603230,634,France,Male,33,7,103544.71,1,1,1,183123.31,0
15767063,630,France,Male,38,0,102696.01,4,1,1,108886.87,0
15674487,680,Germany,Male,36,2,160080.72,1,1,1,161868.99,0
15671310,582,France,Female,36,9,79266.54,2,0,1,194480.02,1
15695206,582,France,Female,54,5,116400.96,2,1,1,36964.52,0
15787964,512,Spain,Female,46,3,54039.99,2,1,0,129620.18,1
15739223,468,France,Female,52,2,0.0,2,1,0,193537.92,0
15640534,601,France,Male,26,8,0.0,2,1,0,19999.46,0
15645842,656,Germany,Male,21,9,110370.12,1,1,0,116096.05,0
15709230,850,Spain,Male,43,5,152420.73,1,1,0,13927.95,1
15759585,685,Spain,Female,43,9,138796.17,2,1,0,179060.69,1
15728639,490,France,Female,36,4,117053.24,1,0,1,133492.5,0
15639116,795,France,Female,45,7,87115.3,1,0,1,193515.79,1
15567955,547,France,Male,38,2,180295.85,1,0,1,31159.87,0
15734544,667,France,Male,32,7,0.0,1,1,0,158444.72,0
15733043,681,Spain,Male,42,7,146573.62,1,1,1,123976.38,0
15669829,668,Germany,Male,36,5,101723.34,1,1,1,131442.01,0
15704307,699,Germany,Male,56,4,98666.44,1,1,1,27457.82,1
15755901,774,France,Female,24,9,0.0,1,1,0,60235.68,0
15811017,833,France,Male,40,4,124397.5,2,0,1,104671.07,0
15781368,445,France,Male,24,0,150678.17,1,1,0,20852.95,0
15668629,595,France,Male,52,2,113467.03,2,1,1,75435.06,0
15768710,572,Spain,Female,52,7,162234.4,2,0,1,183669.89,1
15651084,766,Germany,Female,39,7,0.0,1,1,0,130249.19,0
15671254,574,France,Male,33,1,88487.32,2,1,0,164854.33,0
15567520,571,Germany,Female,27,1,115957.63,2,1,1,124326.86,1
15651192,675,Germany,Male,29,5,103320.69,2,0,0,138946.31,0
15678078,491,France,Female,46,7,140846.97,2,1,0,48708.46,0
15634463,731,Spain,Female,38,1,70883.46,2,1,0,179596.38,1
15682402,774,Spain,Male,45,8,121432.6,1,1,1,45445.47,1
15700618,665,Spain,Female,27,10,78618.75,4,1,0,199272.25,0
15771601,743,Spain,Female,27,1,0.0,1,1,1,45652.82,0
15569209,629,France,Female,30,2,104509.88,2,0,0,199220.52,0
15714124,771,France,Female,41,0,154922.71,2,1,0,134233.42,0
15601055,466,Spain,Male,39,10,111305.12,2,1,1,19607.11,0
15622301,718,Spain,Female,36,8,94491.1,1,1,0,120651.23,0
15746594,566,Germany,Male,56,6,115814.89,2,0,1,94567.24,0
15690918,770,Spain,Female,39,9,121152.94,2,0,0,150829.77,1
15721825,626,Spain,Male,45,6,142888.32,1,0,1,74005.43,0
15710209,723,France,Male,68,9,155096.5,1,1,1,12704.48,0
15758772,611,Germany,Male,31,9,0.0,1,1,0,28993.99,0
15717976,630,Spain,Male,29,7,142716.19,1,1,0,34886.74,0
15634734,586,Germany,Female,29,10,0.0,2,0,1,187855.3,0
15655461,641,France,Female,33,0,135400.65,1,1,1,9786.41,0
15748356,686,Spain,Female,28,4,0.0,1,1,0,123670.65,0
15746325,591,Spain,Female,34,4,135710.12,2,1,0,24107.89,0
15806647,783,Germany,Male,29,0,123109.83,1,1,0,176330.88,0
15593849,610,Germany,Female,49,10,108146.19,1,0,1,121692.94,1
15791456,701,France,Female,44,6,141071.24,1,0,0,167043.61,0
15581049,630,Spain,Male,33,7,141828.38,1,0,1,127110.13,0
15797652,598,Spain,Female,47,2,100125.4,1,1,0,129742.73,1
15721005,537,France,Male,32,9,138122.44,1,1,1,176499.15,0
15574076,605,France,Male,30,4,0.0,1,1,0,47759.57,0
15754854,710,France,Female,55,1,74037.46,2,1,0,102222.6,0
15743211,662,France,Male,55,4,117729.46,2,1,0,131457.36,1
15693474,700,France,Female,32,9,142999.2,2,1,1,11206.61,0
15576202,448,Germany,Male,45,2,116917.47,2,1,0,51238.65,1
15702634,525,France,Male,53,3,174411.57,1,1,1,44329.64,1
15698251,560,Germany,Female,28,2,133204.87,2,1,0,98699.2,0
15583531,497,Germany,Female,46,1,115875.95,2,0,1,33767.67,0
15735467,620,Germany,Female,41,3,139713.55,2,0,0,139782.74,1
15566623,695,France,Female,44,5,0.0,2,1,1,158988.55,0
15663767,732,Germany,Male,41,0,162975.35,2,1,0,156532.22,1
15721060,605,Spain,Male,37,8,125745.0,1,0,0,59215.16,1
15628792,635,Germany,Male,46,0,135378.22,2,1,0,102064.09,1
15780401,596,Germany,Female,25,4,91438.47,1,1,0,25091.16,0
15662674,543,France,Female,40,8,163693.95,1,1,1,53722.85,1
15703058,534,Germany,Male,27,8,124574.97,1,1,0,190523.86,1
15660908,776,France,Female,45,2,0.0,2,0,1,52182.89,1
15651724,703,France,Female,36,2,111217.01,2,0,1,156876.29,0
15709208,530,France,Female,28,4,67696.35,2,0,0,127339.29,0
15727017,683,France,Male,55,1,78796.56,1,1,0,55913.62,1
15671073,805,France,Female,31,7,152692.66,1,1,1,16848.36,0
15743666,755,France,Female,47,1,172591.9,2,0,0,50561.55,1
15633627,611,Spain,Female,47,6,154760.18,2,1,0,39654.18,1
15783099,369,France,Male,37,1,144788.34,2,0,1,195306.58,0
15599166,809,France,Male,41,2,165712.25,2,1,1,102574.33,0
15798472,630,Germany,Male,36,10,0.0,1,1,1,175544.67,1
15729484,724,France,Female,31,9,127789.11,1,1,0,25844.5,0
15637923,701,Spain,Female,38,7,100879.05,2,1,1,38020.97,0
15659316,687,France,Female,39,9,108649.45,2,1,1,39499.2,0
15635748,543,Spain,Male,28,10,0.0,2,1,0,135630.79,0
15762357,690,Germany,Male,40,4,88208.19,1,1,1,76408.35,0
15610929,681,France,Male,39,8,121265.76,2,1,0,164763.05,0
15699427,643,France,Male,27,3,120851.62,2,1,0,132821.9,0
15733199,769,France,Female,26,3,0.0,2,1,0,61751.03,0
15616311,623,Germany,Male,31,6,128686.94,2,1,0,58678.3,0
15628861,597,France,Female,34,7,85403.35,2,1,0,160475.07,0
15661572,650,France,Female,49,6,123845.27,2,1,0,48020.53,1
15641170,592,Spain,Male,35,0,143576.95,2,1,0,24391.31,1
15768785,750,Germany,Female,54,7,140781.1,1,0,1,183303.74,1
15575837,717,France,Male,34,0,114741.77,1,1,1,156914.55,0
15636657,640,Germany,Female,28,6,0.0,4,1,1,124093.83,0
15808545,638,France,Female,33,5,0.0,1,1,1,61052.03,0
15674311,596,Germany,Female,32,7,127005.85,2,1,1,139141.01,0
15727288,623,France,Male,38,4,0.0,2,1,1,158726.77,0
15641850,769,France,Male,27,2,129702.82,1,1,1,155846.48,0
15692573,659,Germany,Male,45,9,0.0,2,1,1,104822.12,0
15678011,605,Germany,Female,30,7,0.0,2,0,0,83663.85,0
15674640,659,France,Male,69,5,128438.81,2,0,0,103039.94,1
15743502,624,France,Female,32,3,0.0,2,1,1,76517.47,0
15760847,778,Spain,Female,32,2,114960.62,1,0,0,55889.79,0
15596634,635,France,Female,33,4,0.0,1,0,0,29530.87,0
15756358,481,Spain,Male,43,8,98748.43,2,1,1,181186.39,0
15671685,516,Spain,Male,39,3,64363.73,2,1,1,162286.49,0
15731985,560,Spain,Male,34,6,0.0,2,0,0,43173.66,1
15755678,559,France,Male,55,6,125024.4,2,1,1,185219.33,0
15747250,476,France,Female,43,4,152093.77,2,0,0,151991.81,0
15642190,591,France,Male,41,0,132512.72,1,1,1,55043.05,0
15799560,574,France,Male,36,3,0.0,1,0,0,132813.74,0
15756062,520,France,Female,33,2,0.0,1,1,0,184887.16,0
15778138,822,France,Male,37,8,121866.75,2,1,1,74817.16,0
15785897,509,France,Female,27,5,179760.6,1,1,1,175986.67,0
15637015,545,France,Male,41,9,181513.91,4,0,1,146934.3,0
15581940,552,Spain,Female,33,6,0.0,1,0,1,137657.69,0
15658244,516,France,Male,38,4,87023.87,2,1,1,182606.25,0
15697158,721,France,Female,41,8,0.0,1,1,1,199337.79,0
15703453,643,Germany,Male,31,6,169653.93,2,1,1,60832.69,1
15637830,693,France,Female,38,3,0.0,2,1,1,127104.02,0
15691312,542,France,Male,27,4,111805.46,1,1,0,172283.23,0
15598309,807,Spain,Male,40,3,0.0,1,1,0,132635.48,0
15605708,549,France,Female,24,4,104203.86,2,1,1,83978.09,1
15790058,689,Spain,Female,43,2,0.0,2,1,1,26439.51,0
15798558,522,France,Female,42,7,161220.07,2,0,1,139811.57,0
15734726,490,France,Male,35,0,0.0,1,1,0,26895.15,0
15691122,722,Spain,Male,64,6,108782.05,1,1,0,123360.66,1
15757353,619,France,Female,47,8,104386.49,2,0,0,77166.27,0
15567122,436,France,Male,40,10,108592.33,2,0,0,36945.63,0
15752632,493,Spain,Male,32,9,0.0,2,1,0,83612.65,0
15790473,577,Germany,Male,35,10,0.0,2,0,0,129326.61,0
15795159,699,France,Female,30,5,0.0,2,0,0,151643.57,0
15810644,654,France,Female,36,3,0.0,2,1,1,187612.12,0
15625623,611,France,Male,39,10,92930.43,1,1,1,84561.31,0
15632310,695,France,Male,44,1,0.0,2,1,1,81581.22,0
15691247,488,Germany,Female,32,0,126413.88,2,1,1,158101.01,1
15775903,726,Spain,Male,28,3,0.0,2,0,0,73522.44,0
15611757,550,Germany,Female,26,2,64825.14,2,1,1,120611.22,0
15776148,732,Germany,Female,41,9,116477.28,2,1,1,3953.34,1
15797213,564,Spain,Male,30,3,0.0,1,0,1,108907.56,0
15722514,547,Germany,Male,55,7,119273.99,2,1,0,50499.79,1
15686559,544,France,Female,37,10,0.0,1,1,1,59861.7,0
15567572,664,France,Female,43,0,0.0,2,1,1,193774.22,0
15648003,728,France,Female,36,1,112928.65,2,0,1,50714.41,0
15712683,623,France,Female,38,8,108423.67,2,1,1,145068.31,0
15652458,796,Spain,Female,31,1,99310.59,1,1,0,30490.88,0
15649387,686,Germany,Female,30,0,154925.14,1,0,1,72733.93,0
15664419,635,France,Female,55,7,107438.29,1,1,0,157016.7,1
15780873,501,France,Male,35,0,133901.95,1,1,1,184488.78,0
15720660,700,France,Male,42,1,0.0,4,1,1,151315.99,0
15623400,640,France,Male,41,5,114838.58,2,1,0,198768.22,0
15737936,621,France,Male,46,6,115377.56,1,1,0,60792.46,0
15645856,675,Germany,Male,42,5,0.0,2,0,1,27850.1,0
15763292,643,Germany,Male,38,3,100010.13,2,1,1,168681.74,0
15672558,597,Germany,Male,45,10,131648.37,1,1,0,106917.62,0
15605034,545,France,Male,34,9,85091.53,2,1,0,145679.74,1
15573023,713,Spain,Female,37,2,101614.91,2,1,0,176871.6,1
15805469,740,France,Female,33,7,174154.65,1,1,0,166102.31,0
15606177,833,France,Female,29,9,138342.68,2,1,1,189630.37,0
15649408,447,France,Male,31,0,0.0,2,1,0,91800.86,0
15698397,487,France,Male,40,1,94759.88,1,1,0,111864.43,0
15653646,642,Germany,Female,36,7,150439.74,2,1,0,3144.53,0
15728100,518,France,Female,32,2,117292.0,2,0,0,129026.07,0
15727944,793,France,Female,54,9,0.0,1,1,1,58586.57,0
15803749,816,France,Male,38,2,109263.46,1,0,0,17195.12,0
15606841,699,Germany,Male,32,7,151118.23,2,0,1,119765.59,0
15611242,670,France,Female,42,10,74645.72,2,1,1,104338.6,1
15755863,648,France,Female,47,8,132273.89,1,1,1,30010.5,0
15598935,642,Germany,Female,37,10,138362.46,1,1,1,195433.91,0
15777199,610,France,Female,33,7,45040.68,2,1,1,168206.63,0
15720677,675,Spain,Male,39,1,98868.53,1,1,0,160313.19,0
15657484,633,Germany,Male,36,4,0.0,3,0,0,176519.47,0
15803370,607,France,Female,37,2,136936.09,1,0,1,78972.75,0
15647429,716,Spain,Female,42,3,0.0,1,1,0,98432.67,1
15707154,601,Germany,Male,29,3,75883.06,1,1,1,195959.54,0
15813055,589,Spain,Male,37,6,0.0,2,0,0,183199.16,0
15646762,777,France,Male,48,3,0.0,2,0,0,61764.04,1
15756833,739,France,Female,57,10,106047.05,1,1,0,81449.27,0
15589042,579,France,Female,34,2,114968.39,1,1,1,127498.71,1
15676679,722,France,Female,23,1,70678.81,1,1,0,180161.53,0
15756115,605,Spain,Male,39,5,87786.1,1,1,0,30267.93,0
15738840,668,France,Male,26,2,134842.25,2,1,1,180572.36,0
15631596,557,Spain,Female,24,8,112567.11,1,1,0,180109.81,0
15666318,678,France,Male,44,4,124444.06,2,0,0,171818.07,0
15792911,716,France,Male,27,9,126086.55,1,1,1,138991.98,0
15644027,555,France,Male,37,8,0.0,1,1,1,125599.31,0
15752798,596,Germany,Male,51,8,116096.2,1,1,0,127836.0,1
15714159,755,France,Female,27,5,170595.74,1,1,0,146940.07,0
15739767,590,Germany,Male,59,9,0.0,2,1,1,63696.84,1
15669426,677,France,Female,51,0,116593.75,2,1,0,98660.42,1
15596497,497,Spain,Male,54,7,112356.88,1,0,0,84478.75,0
15621580,790,Spain,Male,29,0,0.0,2,1,1,6674.45,0
15592740,703,Germany,Female,21,0,0.0,1,0,0,36435.94,0
15681787,789,France,Female,36,1,166014.78,1,1,1,60094.4,0
15785557,653,France,Female,26,0,157154.92,2,1,1,12757.24,0
15812555,441,France,Male,45,2,0.0,2,1,0,143115.51,0
15721324,547,France,Male,53,4,70302.35,1,0,0,34961.26,0
15686815,680,Germany,Female,38,5,0.0,1,1,1,32827.86,0
15755926,810,France,Male,34,10,125497.55,2,0,0,5353.57,0
15665025,663,France,Male,49,1,0.0,2,1,0,198385.64,1
15710182,646,Spain,Male,35,4,144696.01,1,1,1,14873.69,0
15707958,812,France,Male,39,0,0.0,2,1,1,61963.34,0
15793015,850,France,Female,48,4,0.0,2,1,0,180164.67,0
15624363,654,France,Male,37,10,149659.94,2,1,1,133225.44,1
15611997,646,Spain,Female,46,5,0.0,1,1,1,82607.38,0
15768425,798,Spain,Female,28,6,69013.89,3,0,0,107248.41,1
15811776,731,Germany,Male,34,5,99011.87,2,1,1,27065.82,1
15694990,627,France,Male,45,8,135116.4,2,1,0,167060.7,0
15684158,652,France,Male,33,7,130544.55,1,1,0,192720.83,0
15612367,692,Germany,Female,30,5,167875.9,1,0,1,143354.64,0
15616566,630,France,Male,30,6,88470.03,2,0,0,62945.13,0
15807847,583,France,Male,39,2,0.0,2,1,1,118469.85,0
15742530,657,Spain,Female,27,9,102382.16,2,1,0,158669.48,0
15598007,656,France,Male,33,9,96294.23,2,0,0,178224.5,0
15751390,736,Spain,Male,28,7,120392.57,1,1,0,194434.51,0
15598664,744,Spain,Male,63,8,111536.1,2,1,0,172310.57,1
15773968,767,France,Female,27,5,91175.53,1,1,0,34350.51,1
15789522,645,France,Female,46,8,140166.89,2,1,1,94961.73,0
15787306,663,Germany,Female,33,8,112789.7,2,1,1,36008.77,0
15794094,571,France,Male,40,8,102536.44,1,0,1,121775.77,1
15747481,589,Germany,Female,31,5,151023.48,2,1,1,81977.48,0
15785313,701,Germany,Male,49,6,0.0,1,1,0,189967.82,1
15759393,700,France,Female,29,1,132296.51,2,0,1,81462.37,0
15680923,703,Spain,Female,56,6,155970.6,2,1,1,27734.51,1
15717212,590,Spain,Male,48,6,118051.95,2,0,1,100847.73,1
15653958,791,Germany,Male,36,10,125186.35,2,1,1,112463.92,0
15679797,721,Germany,Male,40,5,0.0,2,1,0,156727.39,1
15697517,639,France,Male,48,2,138024.91,2,0,0,81506.68,0
15603256,668,France,Male,55,10,123848.75,1,1,1,37069.86,1
15727551,717,France,Female,39,1,81292.45,1,1,1,142225.19,0
15621009,629,France,Male,31,6,165974.9,2,1,1,196894.74,0
15645573,643,France,Male,39,8,0.0,1,0,1,145348.17,1
15654775,661,Germany,Female,39,10,92365.27,1,0,1,136097.67,1
15796727,771,France,Male,38,1,0.0,2,1,1,78920.73,0
15710253,850,Germany,Female,39,9,0.0,2,1,1,133406.4,0
15629755,576,Spain,Male,42,9,153198.93,1,1,1,163185.83,0
15774281,850,France,Female,39,10,91737.31,2,1,1,118500.02,0
15766253,435,Spain,Male,34,4,0.0,2,0,1,20628.67,0
15806120,621,France,Female,43,4,155334.33,1,1,1,78268.96,0
15612147,546,France,Female,47,8,102307.94,2,1,0,99294.3,0
15577255,744,Germany,Female,39,9,100918.59,1,0,0,180874.7,1
15751675,606,France,Female,34,10,0.0,1,1,1,1102.16,0
15679795,670,Spain,Male,50,5,134864.08,3,1,1,40025.39,0
15710924,708,France,Female,56,1,0.0,2,0,0,18993.27,0
15659315,803,Spain,Male,34,5,0.0,2,0,0,155422.97,0
15808142,734,France,Female,50,9,0.0,2,1,0,112255.81,0
15725795,625,France,Female,41,9,0.0,2,1,0,99278.09,0
15663528,720,Spain,Male,53,8,154860.24,1,0,0,183383.97,0
15804399,769,Germany,Male,43,10,129907.43,1,1,0,144314.16,1
15652065,499,France,Male,37,4,0.0,1,1,1,115459.47,0
15782787,686,France,Male,21,3,0.0,2,1,1,189887.34,0
15751135,626,France,Male,51,9,0.0,2,1,0,120986.49,0
15636827,681,France,Female,50,4,95546.96,2,1,0,33857.11,0
15733153,606,Spain,Male,46,8,0.0,2,0,1,175131.27,0
15570810,743,Spain,Female,38,8,0.0,1,1,0,43084.01,1
15766245,778,Germany,Male,50,6,129448.91,2,1,0,182662.9,1
15695782,776,France,Female,38,5,0.0,2,1,0,54871.94,0
15572743,835,France,Male,25,1,120134.85,2,1,1,161505.53,0
15716026,672,Germany,Female,32,4,100491.34,1,1,0,106249.12,0
15699330,755,France,Female,25,9,105010.42,2,1,0,72896.16,1
15774086,624,Spain,Male,43,9,0.0,2,1,0,178818.36,0
15604812,407,France,Female,36,0,102423.87,2,1,0,7261.23,0
15740622,602,France,Female,27,2,0.0,2,1,0,181512.66,0
15567905,539,Germany,Male,35,5,127584.8,2,1,1,78141.54,0
15751032,696,France,Male,36,2,109040.76,2,1,0,196554.49,0
15631131,529,France,Male,40,0,93072.41,1,1,1,158587.82,0
15683613,740,France,Male,31,0,113783.38,1,1,0,43096.97,0
15754783,466,Germany,Male,30,3,99332.46,2,0,0,164588.07,1
15757206,662,Germany,Female,54,3,0.0,2,0,1,48710.12,1
15788498,638,Germany,Male,31,2,0.0,1,1,1,157765.14,0
15699472,512,France,Female,40,8,129442.58,1,0,0,139757.59,0
15721150,783,France,Male,22,6,87486.91,2,1,0,86217.86,0
15647642,612,France,Female,29,2,148829.98,1,1,0,546.87,0
15658786,724,France,Male,46,10,176221.55,2,1,0,141921.17,1
15813355,644,France,Female,41,10,0.0,2,0,0,78161.4,1
15574978,788,Spain,Female,46,4,147596.19,1,1,1,153610.0,0
15651215,726,France,Female,38,10,154239.97,2,1,0,109200.4,1
15755849,677,France,Female,42,9,0.0,3,1,0,105226.61,0
15725863,569,France,Male,35,3,104372.58,1,1,1,47181.93,1
15662893,651,Germany,Male,38,6,122079.8,2,1,0,79544.65,1
15813662,517,France,Female,41,10,66951.67,1,1,0,155001.48,1
15686729,837,France,Female,65,9,0.0,2,1,1,17582.8,0
15664314,623,Germany,Male,76,10,103598.86,1,1,0,77630.17,1
15793682,617,France,Male,29,0,0.0,1,1,0,137875.96,0
15775801,582,Spain,Male,32,1,94149.42,1,1,1,41597.04,0
15673683,850,France,Male,35,0,101976.49,1,1,0,187257.86,0
15805658,562,France,Female,33,6,109006.02,1,0,1,85372.35,0
15643356,490,France,Female,48,6,123523.24,2,1,1,21011.7,1
15689925,631,Spain,Female,39,5,99740.54,1,1,0,21158.3,0
15803457,486,France,Male,39,10,0.0,2,1,1,68911.48,0
15750141,658,France,Female,32,2,0.0,1,1,0,6813.01,0
15684792,662,France,Male,51,7,141807.35,2,1,0,66718.61,0
15610439,708,France,Male,34,9,165242.05,1,1,1,64152.37,0
15584988,713,France,Male,29,9,0.0,2,1,0,145370.78,0
15566636,544,Germany,Female,34,7,143082.67,2,0,1,35375.82,1
15782285,626,Spain,Male,37,8,104039.48,1,1,1,187432.66,0
15731633,784,Spain,Male,28,1,0.0,1,1,0,170111.38,0
15602232,716,Spain,Female,32,0,109356.4,1,0,1,80825.07,0
15783800,440,France,Female,40,9,133204.5,2,1,1,129410.47,0
15642586,560,Spain,Male,40,8,193334.35,2,1,1,108332.94,0
15603427,520,Germany,Male,38,3,128548.06,1,1,1,178005.47,0
15653348,665,France,Male,40,5,0.0,2,1,0,89322.62,0
15813396,850,Spain,Female,35,6,0.0,1,0,0,44571.47,0
15807272,693,France,Male,27,6,136993.32,1,1,1,15291.11,0
15748671,551,Germany,Female,36,1,0.0,1,1,1,177390.47,0
15730551,530,Spain,Female,42,5,0.0,2,0,1,181446.65,0
15744422,723,France,Male,36,3,81710.67,1,0,0,118596.23,0
15643037,585,Germany,Male,27,7,157429.19,1,0,0,147515.7,1
15751253,568,France,Male,30,0,49951.5,2,1,0,49727.02,0
15569055,691,France,Male,62,3,96463.4,2,1,0,193253.02,1
15676984,637,France,Male,40,1,150889.43,2,1,0,38266.89,0
15677896,850,France,Male,43,10,0.0,2,0,0,181607.51,0
15808834,572,France,Female,33,4,143240.61,1,1,1,57358.93,0
15686414,565,Germany,Male,39,10,0.0,2,1,1,49060.14,0
15720524,691,France,Female,29,7,51951.46,2,1,1,195524.9,0
15567021,769,France,Male,50,4,101179.95,1,1,0,133707.82,1
15728961,638,France,Female,31,8,100435.36,2,1,1,54602.83,0
15791252,716,France,Male,33,7,0.0,1,0,1,32306.46,0
15713176,574,Germany,Male,47,9,0.0,1,1,0,7828.09,1
15653041,760,France,Male,36,1,0.0,1,1,1,180909.4,1
15694739,615,France,Male,51,10,88709.66,1,1,0,43188.34,1
15737353,743,France,Male,59,5,0.0,2,1,1,127478.7,0
15691806,645,Spain,Female,27,4,154933.95,2,0,0,78435.87,1
15787416,578,Germany,Female,39,8,108313.56,1,0,1,125052.2,0
15678141,527,Germany,Male,38,6,0.0,1,0,1,8249.19,0
15808240,643,Germany,Female,50,6,0.0,2,0,1,29448.51,1
15596375,790,France,Male,45,6,154324.81,1,0,1,97172.07,0
15587867,666,France,Male,41,6,0.0,1,1,0,10992.65,1
15571587,816,France,Female,26,0,134900.0,1,0,0,1571.13,0
15688337,684,France,Female,52,8,143299.82,2,1,1,47311.7,1
15663929,606,France,Male,25,5,85599.97,2,1,1,72849.93,0
15753751,496,Germany,Male,30,6,150616.8,1,1,0,35861.71,0
15597866,623,Spain,Female,28,5,69151.6,1,0,1,77282.34,0
15800200,587,Germany,Female,26,8,188333.69,1,1,0,76405.87,1
15586722,598,Germany,Male,37,8,0.0,2,0,1,29469.05,0
15647044,682,France,Female,40,2,0.0,2,1,0,143343.82,1
15602600,626,Spain,Female,23,7,97117.26,1,1,1,72021.69,0
15668314,538,Germany,Female,40,5,77844.68,1,1,0,184053.85,1
15811765,602,Germany,Female,59,5,0.0,2,1,1,121858.76,0
15661966,610,Germany,Female,27,4,106913.01,2,0,0,61951.49,1
15631916,708,France,Male,36,1,137464.11,2,0,0,27314.69,0
15778760,728,Germany,Male,24,5,0.0,1,1,1,130843.68,0
15815623,496,Germany,Male,43,10,0.0,2,1,0,136429.88,0
15629772,577,France,Female,29,9,110611.71,2,0,0,20015.9,0
15638475,737,Germany,Male,35,9,111397.83,2,1,0,110159.46,1
15763842,774,Spain,Male,42,10,152890.51,2,1,1,7786.91,0
15767844,739,France,Female,49,3,90956.47,1,0,0,189158.75,0
15716586,727,Germany,Male,49,4,0.0,2,1,0,58538.01,1
15665169,686,France,Male,30,2,163158.35,2,1,1,13508.25,0
15711875,791,France,Male,51,3,100842.11,1,1,1,152740.32,0
15677876,568,Germany,Male,38,6,106033.25,2,1,1,184959.55,0
15708137,771,France,Male,31,3,108278.21,1,0,1,58335.25,0
15765769,656,Spain,Male,25,1,152152.85,1,1,0,80485.38,0
15634450,778,France,Female,46,9,0.0,2,1,1,71938.49,0
15622022,595,France,Female,30,3,132426.54,2,1,1,119960.01,1
15779648,451,Spain,Female,29,2,126722.77,1,1,1,92397.83,0
15646180,688,Spain,Female,49,8,131701.73,2,1,0,113575.02,1
15751771,567,Germany,Female,31,3,174826.41,2,0,1,89868.36,0
15711144,491,Spain,Male,36,3,170345.31,1,0,0,26832.63,0
15721370,701,Spain,Female,39,0,86942.23,1,1,0,191991.74,0
15620683,804,France,Male,28,4,116669.11,2,1,0,10540.31,0
15592486,754,Germany,Male,28,2,184596.88,1,1,1,95186.52,0
15717827,713,France,Male,38,0,0.0,2,1,1,186584.28,0
15648756,597,Spain,Male,37,3,153229.1,2,1,0,111002.79,0
15655789,788,France,Male,40,5,154078.11,2,0,0,34488.81,0
15810924,510,Germany,Male,35,0,133373.12,2,1,1,82675.82,1
15792351,579,Spain,Female,29,8,0.0,2,0,0,123844.07,0
15622558,637,France,Male,37,0,0.0,1,0,1,54903.2,0
15617059,416,Germany,Male,35,4,144338.61,1,0,1,65982.68,0
15595423,717,Germany,Male,39,4,82239.46,1,1,1,63517.84,0
15795209,533,France,Female,43,5,98436.38,2,1,0,175821.31,0
15604395,550,Spain,Male,52,3,167417.79,1,1,1,175405.11,0
15592530,601,Spain,Female,27,2,0.0,1,0,0,52981.31,0
15610275,563,Spain,Female,49,9,127827.78,2,1,1,199631.0,0
15703746,610,Germany,Female,71,3,133442.46,1,1,0,177372.01,1
15749975,751,France,Male,34,0,141323.87,1,1,0,59779.72,0
15583196,594,Spain,Male,42,7,130806.17,1,1,1,8919.61,0
15643995,624,France,Male,51,9,150184.84,1,0,0,127739.23,1
15637327,628,Germany,Female,59,8,0.0,2,0,1,86055.3,0
15618347,784,France,Male,35,9,0.0,1,0,1,66330.13,0
15622954,696,France,Female,37,9,0.0,2,0,1,40653.48,0
15739831,675,Germany,Female,43,4,133198.28,2,1,0,2158.56,1
15739424,682,Germany,Male,28,4,0.0,2,1,1,72660.52,0
15730130,719,France,Female,35,10,113261.62,1,1,0,99143.44,0
15580154,726,Spain,Female,31,8,0.0,2,0,0,172402.25,0
15734334,772,Germany,Female,59,9,94987.04,2,1,0,199815.4,1
15665178,662,France,Female,49,1,0.0,1,0,1,13223.86,0
15809561,686,Spain,Female,66,8,0.0,1,0,1,141910.08,0
15606510,635,Spain,Female,33,8,0.0,2,1,0,19424.89,0
15726247,680,France,Female,45,5,124963.39,1,1,1,49497.74,1
15650978,617,Spain,Male,32,1,0.0,1,1,1,139832.86,0
15731595,525,Spain,Male,43,0,194081.28,2,1,0,157390.72,0
15718752,518,France,Male,37,0,0.0,1,0,1,100403.46,0
15581646,708,Spain,Male,41,4,115546.64,1,0,1,193096.91,0
15688544,673,France,Male,38,4,136587.1,2,0,1,134840.04,0
15712911,766,France,Female,34,2,81433.26,2,0,1,172191.21,0
15603524,728,France,Female,34,2,120778.05,2,1,1,107284.14,1
15690627,560,Spain,Male,46,3,0.0,1,0,0,111737.24,0
15635706,653,France,Male,40,1,0.0,1,1,0,37783.62,0
15625559,555,France,Male,36,2,125922.84,1,1,0,91522.28,1
15703710,611,Germany,Female,49,9,0.0,1,0,1,48396.56,1
15629630,792,France,Male,42,10,125719.19,1,1,1,156841.13,0
15708617,570,France,Female,31,3,99639.06,1,0,0,37124.49,0
15800543,562,France,Female,36,6,129967.93,1,1,0,42749.3,0
15596234,801,Spain,Female,53,5,171812.99,2,1,1,14350.14,0
15672212,541,Spain,Male,31,10,118886.76,1,1,0,10379.02,0
15779212,636,Spain,Female,44,5,0.0,1,1,1,64596.54,0
15724805,709,France,Female,29,5,0.0,2,1,0,44148.1,0
15581209,706,Germany,Female,32,7,129456.8,2,0,0,162626.19,0
15680572,777,Germany,Male,33,10,0.0,2,1,1,141028.89,1
15703804,850,France,Female,58,8,0.0,2,1,0,163417.77,0
15692235,581,France,Male,37,7,0.0,2,0,0,178431.36,1
15666424,663,France,Male,33,9,80612.17,1,1,0,75387.48,0
15595779,617,Spain,Female,23,9,128199.84,2,1,0,30825.54,0
15616044,681,Spain,Female,34,9,113511.08,2,1,1,69250.07,0
15721549,792,France,Female,31,1,88010.97,2,1,1,94360.11,0
15633036,696,France,Female,32,5,0.0,2,1,0,106757.09,0
15584848,729,France,Male,33,4,92242.34,2,1,0,191460.24,0
15593221,425,Germany,Male,22,8,143207.1,1,1,1,40666.66,0
15727177,636,France,Female,46,3,92267.6,1,1,0,59919.45,0
15576141,565,France,Female,29,2,102128.71,2,1,1,17600.51,0
15764461,712,Spain,Male,49,9,0.0,2,1,1,83434.75,1
15630880,591,Germany,Female,36,5,148446.74,3,1,0,174536.31,0
15782764,531,France,Male,48,3,127287.11,2,1,0,97808.61,0
15799060,556,France,Female,37,4,0.0,2,1,1,194451.36,0
15623477,729,France,Female,59,8,116141.5,1,1,1,114062.0,0
15791239,740,France,Male,36,2,0.0,1,1,1,104260.97,0
15799965,614,France,Female,60,1,104170.53,2,1,0,73427.07,0
15779792,737,Germany,Male,59,10,132943.26,1,1,0,43080.32,1
15797167,734,France,Female,34,10,101982.3,2,1,1,47218.63,0
15601301,651,France,Female,34,2,0.0,1,0,0,136229.3,0
15777541,548,Germany,Female,37,9,121672.19,2,1,1,39140.17,1
15808148,747,Spain,Female,39,2,81574.26,2,0,0,155534.99,0
15726372,810,France,Male,32,7,136343.07,1,1,0,41258.8,0
15666178,716,Germany,Female,36,6,85851.29,2,1,0,144500.16,1
15776692,743,Spain,Male,26,6,0.0,1,0,1,46492.81,0
15568785,655,Germany,Male,39,0,133871.96,1,1,0,175285.84,1
15709565,687,France,Male,29,0,183037.01,1,1,0,75362.05,0
15595255,570,France,Male,51,3,0.0,1,1,1,868.97,1
15813840,748,Spain,Female,31,6,0.0,2,1,0,20580.57,0
15800416,616,France,Female,53,0,0.0,2,1,1,141023.21,0
15636565,502,Spain,Female,38,1,103820.65,2,1,1,142863.21,0
15721757,635,France,Male,47,10,155354.0,2,1,1,68708.21,0
15570954,534,Spain,Female,36,5,133847.5,3,1,1,186482.65,0
15615774,686,France,Male,43,5,88509.75,2,1,1,177181.95,0
15772500,674,France,Male,49,2,0.0,3,1,0,29127.73,1
15707321,525,France,Male,31,6,0.0,1,0,1,136788.7,0
15782136,598,Spain,Male,55,2,0.0,1,1,0,125654.09,1
15815403,589,Germany,Female,47,3,0.0,1,1,1,185697.55,1
15747148,690,France,Male,34,4,0.0,1,1,0,198613.94,0
15593275,580,France,Male,30,4,0.0,2,0,1,176669.68,0
15767036,565,Germany,Male,31,7,106629.52,2,1,0,54691.35,1
15737584,601,France,Female,41,9,0.0,2,1,0,88401.46,0
15815109,788,Spain,Female,53,1,91910.45,1,1,0,67741.74,0
15688884,595,Germany,Male,25,9,0.0,2,1,1,37193.98,0
15735815,565,Spain,Male,42,9,113993.87,2,1,0,52210.38,0
15774248,497,Germany,Male,27,2,113350.24,1,1,1,63771.28,0
15631787,647,Germany,Female,40,4,0.0,2,1,0,40877.58,1
15691258,729,France,Male,35,2,0.0,2,1,0,156621.75,0
15803164,757,Spain,Male,65,10,0.0,1,1,1,9153.22,0
15716522,850,Germany,Female,56,10,96378.27,1,1,1,132476.26,1
15619984,774,Germany,Male,37,5,0.0,2,1,1,138850.37,0
15598154,664,Germany,Male,55,8,112383.88,1,1,1,97546.57,0
15632805,698,Spain,Male,40,9,0.0,2,1,1,167753.97,0
15631900,597,Germany,Male,34,7,167319.79,2,1,0,73327.96,0
15749911,529,Germany,Male,42,4,0.0,2,1,0,13855.51,0
15638077,706,France,Male,35,0,125384.94,1,1,0,123170.71,0
15593632,651,France,Female,32,1,92591.93,1,1,1,127647.83,0
15623735,604,France,Male,43,2,87779.03,1,1,0,77981.72,0
15748918,610,Germany,Male,41,6,0.0,2,0,0,198316.65,0
15756887,703,France,Female,41,0,0.0,1,1,0,62060.5,0
15699192,639,Spain,Male,24,0,163337.86,4,0,1,55264.75,0
15642208,675,Spain,Female,38,3,0.0,2,1,1,78785.65,0
15810629,757,France,Male,29,3,145601.74,2,1,1,37016.62,1
15740171,647,France,Female,40,6,0.0,1,1,0,156781.51,0
15653879,480,France,Male,37,5,0.0,1,1,1,3646.02,0
15702252,779,France,Male,40,5,0.0,2,1,0,30893.94,0
15801688,646,Germany,Female,42,1,82302.26,1,1,0,88961.14,1
15763594,783,France,Female,57,5,150883.5,1,0,1,157206.72,0
15586388,686,France,Male,38,7,128517.27,2,0,0,14359.14,1
15785335,704,Spain,Male,23,1,135415.86,3,1,1,73971.6,0
15716055,640,France,Female,38,7,113315.76,2,1,0,115634.64,0
15708898,850,Spain,Male,26,4,121253.8,2,0,0,93005.46,0
15698186,661,France,Male,27,8,0.0,2,0,1,76203.25,0
15571493,574,Germany,Male,38,5,96051.0,2,0,1,183761.72,1
15781791,652,France,Female,39,5,0.0,2,1,0,184974.18,0
15708096,746,France,Male,37,4,0.0,1,1,0,173976.23,0
15599083,614,Spain,Female,38,2,0.0,2,1,1,98641.5,1
15729740,769,France,Female,33,2,128041.7,1,1,1,174789.43,0
15807748,681,France,Male,44,6,0.0,1,0,1,95276.92,1
15641030,761,Germany,Male,40,1,0.0,1,0,0,2988.48,0
15628979,641,France,Female,56,1,103883.63,2,1,0,2730.8,1
15770361,696,France,Female,45,10,108564.17,1,0,0,31034.46,0
15738755,686,France,Female,59,2,0.0,2,0,0,192484.84,0
15682131,737,France,Female,51,8,0.0,1,1,0,86423.8,1
15732675,691,Spain,Female,37,9,126001.11,1,1,1,162252.69,0
15709725,786,France,Female,47,4,97249.48,2,1,0,121002.87,0
15646824,661,Spain,Male,47,10,134223.66,1,1,1,100757.66,0
15645776,737,France,Male,30,10,107625.33,1,1,1,89292.77,0
15734607,715,Spain,Female,41,5,57347.58,1,1,1,87344.24,0
15666364,750,Germany,Male,40,5,119355.62,1,0,0,112766.09,1
15711405,623,Germany,Male,42,10,0.0,2,1,0,66239.71,1
15581731,770,Germany,Male,30,5,161522.4,2,1,1,160903.44,0
15766145,588,Germany,Female,44,0,120669.63,2,0,1,69518.71,0
15785293,611,Spain,Female,38,6,117024.73,2,1,0,25614.1,0
15646988,727,Spain,Male,40,8,137744.46,2,1,1,100643.73,0
15702611,659,Germany,Male,51,10,0.0,2,0,1,167679.11,0
15813440,750,Germany,Male,36,7,143121.39,1,0,0,109468.08,0
15616398,629,Spain,Female,33,1,157979.98,1,1,1,37963.55,0
15742540,725,Spain,Male,51,10,50225.37,2,1,0,183789.94,0
15696563,484,Spain,Female,42,1,176605.02,1,1,1,90750.57,0
15572861,547,Germany,Male,43,5,158703.65,2,1,0,117658.66,1
15660395,724,Spain,Male,31,10,0.0,1,1,1,45404.19,0
15813664,693,Spain,Female,45,2,111347.99,1,0,0,7920.76,1
15716317,556,France,Male,38,9,104305.73,1,1,1,24923.21,0
15658459,718,France,Female,59,0,105234.88,1,1,1,15347.87,0
15569723,760,Spain,Male,55,5,152910.95,2,0,1,20417.98,1
15723769,813,Spain,Female,48,3,0.0,2,0,1,28021.89,0
15612557,657,France,Male,43,9,0.0,2,1,1,190325.49,0
15789047,614,Germany,Female,33,6,83071.91,1,1,1,182845.71,0
15656505,778,Spain,Male,31,0,0.0,2,1,1,156031.71,0
15617122,753,Germany,Female,44,6,0.0,1,1,0,44016.48,1
15647341,727,Spain,Male,56,2,0.0,1,1,0,74712.93,1
15712399,678,Germany,Female,36,4,154962.1,2,1,1,75823.07,0
15583579,621,Spain,Male,40,7,200188.45,1,1,0,70236.26,0
15753011,674,Germany,Female,22,3,147679.6,1,1,1,123313.05,1
15595688,529,Spain,Female,31,7,0.0,1,0,1,40281.55,1
15589716,683,Germany,Female,31,10,141200.2,1,0,1,96641.09,0
15655769,681,France,Male,29,4,114096.9,1,1,0,83549.26,0
15763366,694,Spain,Male,61,7,0.0,1,1,0,199138.89,0
15698334,379,France,Female,27,1,142429.47,1,1,0,130466.85,0
15598756,594,France,Female,50,6,107202.01,1,1,0,163904.97,0
15710198,743,France,Male,38,2,149699.86,1,0,1,83581.1,0
15742232,643,Germany,Male,51,5,111198.17,1,1,0,55190.88,0
15662432,727,Germany,Male,40,2,107054.28,2,1,1,197461.16,0
15796336,726,France,Female,34,4,117998.22,2,0,1,160988.78,0
15776054,685,Germany,Male,28,8,0.0,1,1,1,179299.16,0
15754729,572,Spain,Male,31,8,156720.21,1,0,0,32660.83,0
15698402,818,France,Male,26,5,91878.93,1,1,1,43244.52,0
15699535,655,France,Male,32,3,0.0,2,1,1,114798.58,0
15738822,628,France,Female,41,8,129146.58,1,1,0,50189.85,0
15685397,583,Spain,Female,37,4,78336.81,3,1,1,33012.11,0
15783770,820,France,Female,47,7,104588.11,1,1,0,194409.24,0
15643789,541,Spain,Female,43,7,0.0,1,1,1,28710.03,0
15691234,737,Spain,Female,38,9,0.0,1,1,1,41186.23,0
15581437,631,Germany,Male,33,1,112887.51,1,0,1,85618.27,1
15636219,542,France,Female,33,1,46688.61,1,1,0,145302.75,0
15670409,661,Germany,Female,42,0,142599.25,2,0,1,165294.88,0
15782577,547,France,Female,30,5,110551.34,2,0,1,49090.95,0
15743772,695,Spain,Male,34,3,97051.15,2,0,1,54873.71,1
15699484,652,Germany,Male,37,5,74860.59,1,1,1,151066.66,1
15749780,598,France,Male,41,8,137966.12,2,1,1,149544.23,0
15799725,607,France,Male,69,10,0.0,1,1,0,155427.4,0
15742405,585,Germany,Male,30,8,122955.27,2,1,1,17103.21,0
15756658,689,France,Female,39,2,85874.69,2,1,0,159994.39,0
15674692,695,France,Male,31,8,0.0,1,1,1,50470.56,0
15694308,749,France,Female,32,4,116047.94,2,1,0,90988.65,0
15789555,617,Germany,Male,38,9,128235.06,1,1,0,26173.92,0
15642781,548,Germany,Female,43,2,0.0,1,1,1,91348.02,0
15672804,534,Spain,Male,45,8,122687.02,1,0,0,56202.69,1
15766408,579,France,Male,42,4,144937.75,1,1,0,31697.41,1
15700925,422,Spain,Female,36,4,155178.79,2,1,0,145720.51,0
15644353,615,France,Male,42,1,108997.29,1,1,0,156852.86,0
15641126,736,France,Male,26,10,112805.64,1,1,0,172893.96,0
15770103,729,Germany,Male,39,2,123539.39,2,0,1,104791.27,0
15754241,595,Spain,Male,42,5,140771.57,2,1,1,33094.28,1
15787039,721,Germany,Male,48,5,141618.2,1,1,0,118428.03,1
15678115,508,France,Male,35,0,93387.67,1,1,0,85195.37,0
15805974,748,France,Male,39,4,0.0,2,1,0,102554.66,1
15741189,735,France,Male,32,8,0.0,2,1,1,81523.7,0
15589459,535,France,Male,62,7,0.0,2,1,1,176926.68,0
15740190,655,France,Male,27,2,103007.65,2,1,1,52462.89,0
15713602,538,France,Male,37,6,172059.0,1,0,1,99371.91,0
15606171,609,Spain,Male,40,1,84717.61,1,1,1,77440.6,0
15618527,731,France,Male,37,2,114036.14,1,1,0,9049.65,0
15567992,574,France,Male,27,9,0.0,2,1,0,56818.01,0
15694203,688,France,Male,38,10,146196.28,2,1,0,58441.74,0
15759717,634,France,Female,42,3,112498.06,1,0,0,16640.36,0
15577308,600,Germany,Female,41,5,84416.76,2,0,1,62814.35,0
15621991,850,France,Female,59,2,95471.18,1,0,1,141063.88,0
15573393,643,Germany,Female,53,9,0.0,1,0,0,6207.57,1
15599454,829,Spain,Male,43,6,176737.17,1,1,1,70915.61,0
15688320,697,France,Female,42,0,0.0,2,0,0,17027.46,1
15684709,756,France,Male,37,1,100328.05,2,0,1,189681.31,0
15788644,669,Spain,Female,62,2,109176.12,2,0,0,38897.08,1
15579875,749,Spain,Male,35,3,0.0,1,1,1,117271.48,0
15797443,776,France,Male,45,4,0.0,2,1,1,84925.21,1
15735379,732,Spain,Female,25,8,138919.36,2,1,1,110820.78,0
15804498,632,France,Female,35,2,0.0,1,1,1,54399.58,0
15806188,700,France,Male,37,1,0.0,1,1,1,53202.11,0
15803945,690,France,Male,29,4,89863.01,1,0,0,107745.07,0
15574949,452,Spain,Male,37,9,113624.04,1,1,0,186153.14,0
15628077,697,Spain,Female,36,5,0.0,1,1,0,57302.0,0
15568420,707,France,Male,33,9,0.0,1,1,1,83980.28,0
15760171,598,Spain,Female,26,1,0.0,1,0,1,115310.38,0
15650601,773,Germany,Female,47,10,105588.76,1,0,1,82010.11,1
15740687,775,Spain,Male,38,5,144091.22,1,1,0,117943.31,0
15737551,754,Germany,Male,38,8,181169.82,2,1,1,19931.6,1
15655096,350,France,Male,44,0,94083.97,1,1,0,171932.54,0
15796157,600,Germany,Male,47,4,111089.83,2,1,0,183549.66,1
15701366,625,France,Female,38,0,107360.19,2,0,1,177719.57,1
15765625,697,Germany,Female,34,1,125883.84,2,0,1,34620.35,0
15681613,660,Spain,Female,39,4,171734.56,2,0,1,86099.65,0
15594074,850,France,Male,28,3,114067.68,1,1,0,153754.16,0
15731039,541,France,Female,70,7,165146.74,2,0,0,3296.11,0
15583333,666,France,Male,41,8,148532.67,2,0,1,144450.39,0
15740288,738,Spain,Female,39,0,117337.21,2,1,1,95477.64,0
15568203,511,France,Male,42,6,101406.64,2,0,1,4857.69,0
15611901,671,Spain,Female,43,10,0.0,1,1,0,103600.04,0
15808492,654,France,Male,66,4,118899.64,2,0,0,74021.59,1
15746518,711,Spain,Male,27,4,132711.03,2,1,0,117671.3,1
15568576,771,Germany,Male,35,0,0.0,2,0,0,22866.42,0
15581968,755,France,Male,46,8,157815.49,1,1,1,199213.26,0
15612168,715,Spain,Female,50,1,80937.53,1,1,0,141157.77,0
15789271,578,France,Male,47,4,112319.44,2,1,1,131692.55,0
15576958,697,Spain,Female,40,7,111071.44,1,0,1,192837.93,0
15703423,795,Germany,Male,49,1,84500.71,2,1,0,111240.94,0
15651238,672,Spain,Male,32,8,111088.34,2,1,1,85293.68,0
15642164,643,Germany,Female,36,7,108820.37,1,1,0,157021.94,0
15691623,847,Germany,Female,58,1,0.0,1,1,0,134673.59,1
15810438,727,Spain,Female,52,9,0.0,1,1,0,51814.34,0
15663399,850,France,Female,39,4,125184.26,2,1,1,41599.91,0
15761440,701,France,Male,55,5,0.0,1,1,0,111050.36,0
15659649,609,Spain,Male,45,10,74061.18,1,1,1,18439.57,1
15648262,755,France,Male,39,8,0.0,2,1,1,191905.23,0
15667764,810,Germany,Female,44,0,114209.36,2,0,0,65690.49,0
15751357,446,Germany,Female,26,1,104572.91,1,0,0,4229.73,1
15652627,850,Germany,Female,33,8,170512.31,2,1,1,112464.86,1
15591622,581,France,Female,33,2,71223.39,2,1,1,73319.26,0
15665241,595,France,Male,33,2,87642.59,2,1,1,149499.27,0
15664163,635,France,Female,36,4,117153.28,1,0,1,62545.87,0
15699521,653,Spain,Female,60,4,119384.87,2,1,1,98954.62,1
15721916,820,Germany,Male,38,5,123540.51,2,1,0,27049.55,0
15810298,677,France,Female,36,9,197448.18,2,1,0,45186.64,0
15698434,672,France,Female,32,5,119843.05,1,1,1,81887.07,0
15772454,557,Spain,Female,27,3,103697.59,2,0,0,167632.03,0
15631485,815,Spain,Female,38,5,104088.21,1,1,1,188059.24,0
15798306,770,Germany,Female,38,4,0.0,1,1,1,34876.85,0
15609234,534,France,Male,31,9,153834.02,1,1,1,68180.09,0
15741550,611,France,Male,29,9,0.0,1,1,1,111349.08,0
15723675,616,Spain,Male,27,0,0.0,1,1,1,14473.85,0
15663920,818,Germany,Female,30,5,0.0,2,0,1,108667.93,0
15697027,631,France,Male,32,9,175766.68,1,1,0,60883.21,1
15671493,660,France,Female,33,5,0.0,1,1,1,163354.33,0
15808438,596,France,Male,34,2,117612.91,2,1,1,80436.72,1
15601428,732,France,Male,34,5,141333.12,1,1,0,68331.55,1
15774912,673,France,Male,25,4,90373.91,1,1,0,110724.09,0
15674386,753,France,Male,28,1,90643.23,2,1,0,98072.21,0
15690805,589,France,Female,29,2,0.0,1,0,0,164149.21,0
15677991,680,Germany,Female,33,4,0.0,2,0,0,77734.76,1
15790566,767,Germany,Female,31,9,160358.29,1,1,1,22810.65,0
15578818,630,Germany,Male,46,6,68349.68,2,1,1,124787.2,1
15653416,646,Germany,Female,39,2,0.0,2,1,1,166316.53,0
15750683,606,France,Male,31,2,92558.28,2,1,1,48904.41,0
15728983,723,Spain,Female,34,10,144953.54,2,1,0,79377.41,0
15608097,588,Spain,Male,39,1,118275.19,2,1,1,40513.55,0
15785116,588,Spain,Female,39,1,126773.04,1,0,0,127159.57,0
15778555,713,Spain,Male,46,1,101645.55,1,0,0,112784.01,1
15738358,619,Spain,Male,40,0,53020.55,1,1,1,157247.25,0
15652872,607,Germany,Female,39,8,0.0,1,1,1,88248.17,0
15684421,720,France,Male,41,6,117447.76,2,1,1,125766.61,0
15761451,677,France,Male,31,4,96126.91,2,1,0,48224.98,0
15700386,629,France,Female,27,0,129795.11,2,1,0,67689.31,1
15764839,584,Germany,Male,28,9,167588.92,2,1,0,21609.81,0
15685006,691,France,Female,51,10,135465.9,1,1,1,174779.33,0
15655200,403,Spain,Female,42,10,124558.07,1,1,1,80694.4,0
15641451,578,France,Female,36,5,67768.83,2,1,1,174234.65,0
15659660,617,Germany,Male,44,10,0.0,2,0,0,117098.87,0
15593125,774,France,Male,23,3,115010.84,1,1,0,173833.85,0
15738730,494,France,Male,32,8,0.0,2,1,1,59565.38,0
15688447,651,Germany,Male,28,4,0.0,2,1,1,54593.0,0
15772281,703,France,Female,53,3,0.0,2,1,1,121181.85,0
15755954,569,Germany,Female,28,9,133573.01,1,1,1,166335.75,0
15801510,767,France,Female,48,1,0.0,1,1,1,78507.46,0
15798522,551,Spain,Male,48,7,0.0,1,0,1,43287.87,0
15788055,727,Spain,Male,26,1,99005.59,1,0,0,93167.9,0
15642968,709,Spain,Male,38,8,0.0,1,1,1,65823.72,0
15691370,546,France,Male,33,2,175833.9,1,1,0,126570.42,1
15662960,561,France,Male,46,6,0.0,2,1,0,132413.93,0
15583146,657,France,Male,43,1,52067.69,1,1,0,78841.44,0
15638927,625,France,Male,40,5,80684.45,2,1,0,126652.01,0
15754681,758,Germany,Male,41,7,0.0,2,0,1,27338.79,0
15742001,800,Spain,Male,29,6,101876.33,1,1,1,80509.83,0
15614795,663,France,Female,45,6,148588.76,1,1,1,20572.59,1
15794920,658,France,Female,39,9,134686.63,1,1,1,167079.33,1
15724155,585,France,Male,30,9,129608.54,2,1,1,1807.71,0
15775657,731,France,Female,36,4,129637.38,2,1,1,177934.64,0
15730876,708,Germany,Male,26,2,0.0,2,0,1,140727.67,0
15630936,574,France,Female,25,9,0.0,1,0,1,76639.28,0
15742721,564,France,Female,29,10,126128.0,1,1,0,55647.0,0
15581011,663,Spain,Male,40,7,0.0,2,0,0,41272.9,0
15637698,440,France,Male,36,2,0.0,2,1,1,122300.6,0
15612809,765,France,Female,33,5,0.0,2,1,0,71144.28,0
15674086,603,Spain,Female,46,10,0.0,2,0,0,11830.63,0
15647471,663,France,Female,38,5,0.0,2,1,1,62451.84,0
15587569,702,France,Female,33,2,72575.44,2,0,1,55903.5,0
15787715,654,France,Male,43,9,129919.36,4,1,0,184149.1,1
15776861,658,France,Male,27,9,0.0,1,1,1,39421.99,0
15761681,692,Germany,Male,46,6,140753.85,1,1,0,171362.43,1
15588449,762,Spain,Female,27,2,74839.27,1,1,0,74900.79,0
15573098,638,Spain,Female,54,0,80343.41,2,0,1,35841.59,0
15690982,766,Germany,Male,25,9,0.0,3,0,1,88981.05,0
15610799,606,Germany,Male,39,4,134463.7,2,1,1,126663.88,0
15648968,786,France,Female,28,7,0.0,1,1,0,148266.44,0
15634701,781,France,Female,45,1,0.0,1,1,1,198611.37,0
15685334,759,Spain,Male,39,2,0.0,2,0,1,149614.31,0
15754523,706,France,Female,37,8,121003.91,2,1,0,78163.03,0
15774506,652,Spain,Female,36,1,170292.24,1,1,0,78389.67,1
15598854,672,Germany,Female,41,2,0.0,2,1,1,55170.63,0
15699806,414,Spain,Male,34,10,113408.98,2,0,1,121957.8,0
15643608,767,France,Male,44,6,123999.39,2,1,1,141063.66,0
15613711,634,Germany,Male,31,4,76246.69,2,0,1,86984.91,0
15763906,620,France,Female,40,0,82587.73,2,1,0,125807.28,1
15616962,712,Germany,Male,47,10,101375.47,2,1,0,115059.31,1
15647107,579,France,Female,31,9,0.0,1,0,1,46489.47,0
15710598,746,France,Male,37,0,0.0,2,1,0,171339.85,1
15619663,688,Germany,Female,44,8,0.0,1,1,0,53829.62,1
15614670,756,Germany,Female,73,9,124589.24,1,0,0,189498.27,1
15574199,540,France,Male,50,6,0.0,1,1,1,23036.39,1
15721672,736,France,Female,33,8,97983.96,1,1,0,158226.86,0
15717825,636,Spain,Male,37,6,0.0,2,1,0,190455.92,0
15585117,647,France,Female,30,8,71044.04,1,0,1,191061.69,0
15589753,677,Spain,Female,32,2,107108.65,2,1,0,174899.1,1
15780329,650,France,Male,40,2,0.0,1,0,0,121143.2,0
15584606,669,France,Female,68,7,86092.34,1,1,0,24118.83,1
15689623,658,Germany,Female,25,2,0.0,1,1,1,102281.51,0
15601701,799,France,Male,31,5,88097.08,1,1,0,110804.29,0
15660649,580,France,Female,34,1,77445.45,1,1,1,39695.45,0
15610549,583,Spain,Male,40,4,143855.79,2,1,0,104823.64,1
15640006,670,France,Male,35,5,158869.1,1,1,0,96128.73,1
15722721,817,France,Female,53,9,110744.47,1,1,0,79563.04,0
15689452,373,Spain,Male,34,0,138449.52,1,1,0,44628.04,0
15613170,667,Germany,Male,28,1,112614.37,2,1,0,175662.33,0
15581035,627,France,Male,48,0,0.0,1,1,0,72978.92,0
15793219,707,France,Male,29,8,0.0,1,1,0,31305.97,0
15696782,539,France,Female,43,3,146078.54,2,0,0,71426.83,1
15769780,731,Germany,Female,32,5,138983.75,2,1,1,54008.02,0
15812954,660,Germany,Male,38,7,111260.43,1,1,0,20135.41,0
15597064,605,France,Female,44,9,87670.08,1,1,1,63816.67,0
15709373,473,France,Male,36,8,0.0,1,1,0,60298.99,0
15658838,790,Spain,Male,32,6,92284.78,1,1,1,155090.78,0
15785670,606,France,Female,27,10,0.0,2,1,0,9681.33,0
15677005,577,France,Male,37,10,120742.31,2,1,1,27118.34,0
15801221,744,France,Male,27,1,147312.37,1,0,1,3430.43,0
15626592,570,Spain,Female,39,10,0.0,3,0,0,26476.35,0
15642267,621,France,Male,42,8,0.0,2,0,1,113812.54,0
15695084,603,France,Male,38,9,145572.08,1,1,0,118593.94,0
15709259,777,France,Male,27,3,93409.78,1,0,0,43684.88,0
15601214,717,France,Female,40,5,0.0,1,1,1,26252.07,0
15739734,575,France,Male,43,4,0.0,2,0,1,169879.61,1
15770383,744,Germany,Male,42,3,0.0,2,0,1,81954.13,0
15803564,833,Spain,Female,48,5,190128.44,2,1,0,1205.6,1
15782057,625,France,Female,29,3,98404.6,2,1,0,106016.47,0
15749078,496,France,Male,51,4,0.0,1,0,0,52928.97,0
15660177,829,Germany,Male,48,1,131009.8,2,1,1,100599.72,0
15673829,544,France,Female,33,3,193911.64,1,1,1,141619.34,0
15606658,781,Spain,Female,33,10,0.0,1,1,0,74665.41,0
15778581,609,France,Male,63,0,156298.85,2,1,0,173418.7,1
15777642,840,France,Male,48,9,100114.5,2,0,0,11486.95,1
15648296,850,France,Female,38,5,152561.27,2,1,1,40739.8,1
15585787,697,Germany,Female,40,4,117184.92,2,0,0,19134.71,1
15740301,586,Germany,Male,35,3,0.0,2,1,0,60788.13,0
15575005,715,France,Male,53,10,178447.02,2,0,0,11897.37,1
15779839,382,France,Female,30,9,128210.81,1,1,1,147164.54,0
15758195,745,Germany,Male,27,2,0.0,1,1,0,175636.14,0
15590618,571,Germany,Male,41,10,0.0,2,1,1,31355.3,0
15726412,535,Germany,Female,57,5,135973.32,1,1,1,109649.25,1
15679235,594,Spain,Male,25,8,0.0,2,1,0,116831.45,0
15730493,727,Germany,Female,30,4,129782.97,2,1,0,165480.67,0
15717988,537,France,Male,35,2,131183.04,2,0,0,42977.72,0
15683542,614,Spain,Female,45,8,47873.88,1,1,0,74936.28,1
15661854,715,Spain,Female,32,6,163730.11,2,1,0,17492.98,1
15604023,775,Germany,Female,31,3,184423.16,1,1,0,68394.99,1
15630856,722,France,Female,60,9,127023.59,2,1,1,23068.58,1
15619941,811,France,Male,44,0,175960.55,1,0,1,37787.14,0
15576781,638,Spain,Female,64,0,121395.72,2,0,1,61173.41,0
15763132,605,Spain,Female,35,3,102883.92,2,0,1,183623.98,0
15780294,728,France,Female,59,3,138755.99,2,1,1,59124.96,0
15696976,650,Germany,Female,32,1,0.0,1,1,0,162179.06,0
15737494,657,France,Male,35,1,0.0,2,0,1,66538.49,0
15759345,715,France,Male,40,2,115609.35,1,1,0,105783.08,0
15650032,484,Spain,Male,29,7,0.0,2,0,0,92321.56,0
15800847,596,France,Male,43,7,0.0,1,0,0,136522.52,0
15737740,648,Germany,Female,40,0,98215.91,2,0,1,181965.13,1
15783802,686,Spain,Male,29,3,132844.23,2,0,1,52519.53,0
15577659,501,France,Male,32,1,103992.94,2,1,1,26278.56,0
15649430,693,France,Male,32,6,159341.48,1,1,1,179128.19,0
15733884,635,Spain,Male,44,10,30223.96,2,0,0,103681.85,0
15761910,738,Spain,Male,29,7,165710.25,2,1,0,124615.75,0
15791806,543,Germany,Male,35,9,103138.26,2,1,0,188040.01,0
15802350,694,Germany,Female,24,7,0.0,2,1,1,48206.84,0
15735116,573,France,Female,26,2,115090.55,2,1,0,137592.69,0
15704393,782,France,Female,50,6,0.0,1,1,1,41026.94,1
15629540,824,Germany,Male,35,6,152794.6,1,1,1,180551.85,1
15787400,578,France,Female,41,9,120785.11,2,1,0,12183.9,1
15570705,753,Spain,Female,23,2,0.0,2,0,1,21618.68,0
15793152,850,Germany,Female,27,5,138309.98,2,1,1,28407.55,0
15648466,850,France,Male,29,0,140043.0,1,1,0,160052.76,0
15604662,540,Spain,Female,43,1,0.0,1,1,0,54683.71,0
15780803,594,Germany,Female,33,8,131035.6,1,1,1,156822.68,1
15610022,701,Germany,Male,27,4,129027.03,2,1,0,93370.08,0
15579533,713,France,Female,34,2,0.0,1,0,1,132266.41,0
15574125,624,France,Female,36,10,120675.99,1,0,1,78775.29,0
15757268,677,France,Male,36,6,128979.81,2,1,0,70868.85,0
15604000,643,France,Male,45,1,0.0,1,1,0,158132.6,0
15670939,535,France,Female,35,3,140069.53,1,1,1,150088.86,0
15729861,747,France,Male,41,10,183797.7,2,1,0,123325.79,0
15573271,732,France,Male,48,3,119308.4,2,1,1,33139.58,0
15628794,693,Spain,Female,46,5,0.0,1,1,1,191732.11,0
15793546,706,France,Male,39,6,57565.67,1,0,0,171318.76,0
15812098,756,Spain,Female,45,0,138423.2,1,1,1,149819.2,0
15772207,667,France,Female,41,1,127696.59,2,1,0,91557.47,0
15742575,774,France,Female,38,6,88614.42,1,1,0,177875.59,0
15794257,671,France,Female,42,5,74543.34,2,1,0,141502.22,0
15710242,582,France,Male,37,4,0.0,2,1,1,110035.46,0
15589924,598,France,Female,72,4,90664.87,2,1,0,99125.94,1
15770095,602,Spain,Female,35,3,117062.4,4,1,1,78900.05,0
15812320,833,France,Female,30,9,149201.02,2,1,1,120132.52,0
15576653,756,France,Male,52,9,102365.4,1,1,0,182801.74,0
15658055,711,France,Female,36,1,123612.28,1,0,1,62330.49,0
15741711,707,Spain,Female,32,1,0.0,1,0,1,49945.16,0
15693816,769,France,Male,31,1,127040.72,2,1,1,54973.83,1
15765953,563,France,Female,34,0,0.0,1,0,0,141765.39,0
15567530,631,Spain,Male,51,0,133393.83,1,1,1,137864.15,0
15601104,522,Germany,Male,51,0,154873.77,1,1,1,170000.98,1
15741239,657,France,Female,66,5,131891.72,2,1,0,133809.63,1
15641457,610,Spain,Female,49,2,141883.55,1,1,1,152898.82,0
15792625,726,Spain,Female,54,2,0.0,2,0,0,17043.86,0
15791974,758,Germany,Female,24,9,101708.14,2,1,1,157928.55,0
15781146,739,France,Male,39,1,0.0,2,1,1,151071.11,0
15782716,755,Spain,Female,50,3,183377.9,1,1,1,139963.53,0
15604372,788,France,Male,26,6,0.0,1,1,0,162283.47,0
15813994,686,Spain,Female,47,1,98837.1,1,1,0,117718.48,0
15791967,691,Germany,Female,60,7,91358.66,1,1,1,175823.97,1
15575389,850,Spain,Male,40,10,133609.5,2,1,0,12229.52,1
15640561,661,Spain,Male,41,4,95901.27,1,1,1,44777.17,0
15767993,540,France,Male,25,2,98618.98,1,1,1,190615.81,0
15735716,497,France,Female,27,5,0.0,1,1,0,196864.05,0
15721487,602,Germany,Male,31,1,120005.98,1,1,1,108024.46,0
15611649,800,France,Male,33,0,0.0,1,1,0,180750.0,0
15782158,665,Spain,Female,30,4,172381.01,2,1,0,79061.42,0
15752198,679,France,Female,30,10,121320.74,1,1,0,5096.36,0
15676048,526,Germany,Female,39,4,120506.93,2,1,0,36241.72,1
15581393,711,Spain,Male,36,3,152743.94,2,1,1,196088.1,1
15734111,664,Germany,Male,31,8,96011.11,1,1,1,84562.89,1
15703318,801,France,Female,33,2,141647.39,2,0,0,146790.02,1
15778877,621,Spain,Female,30,0,92346.84,1,1,1,95596.64,0
15581147,814,Spain,Male,25,8,95623.26,2,1,1,65355.17,0
15604765,517,Germany,Male,39,10,0.0,1,1,0,182937.98,0
15729889,690,France,Female,35,5,0.0,2,1,1,23856.8,0
15740585,683,Germany,Female,41,6,106009.34,1,1,1,5023.71,1
15663294,658,France,Male,40,9,98617.16,1,1,0,19062.49,0
15594213,692,Spain,Female,49,10,0.0,2,1,1,158459.39,0
15632208,705,France,Male,37,3,108178.41,2,0,1,81395.03,0
15765556,644,France,Male,48,0,0.0,2,1,0,49238.4,0
15796478,540,Germany,Female,28,10,80471.42,1,1,0,104258.78,0
15800406,574,Spain,Male,30,7,84310.37,1,1,1,127613.19,0
15683911,616,Spain,Female,39,10,0.0,1,1,1,11438.67,0
15794330,749,Spain,Female,32,7,0.0,1,1,1,22198.03,0
15719821,746,Germany,Female,38,1,130399.4,1,1,0,197466.94,0
15590153,796,Germany,Male,29,0,0.0,1,0,1,100816.79,0
15612550,601,Spain,Male,35,4,0.0,1,1,1,186698.68,0
15689516,673,Spain,Female,42,2,126825.63,2,1,0,111777.39,0
15747190,584,Germany,Female,46,6,93934.93,1,1,0,103750.4,0
15638851,679,France,Male,37,1,139005.24,1,1,1,160594.05,0
15804687,426,France,Female,64,8,186565.66,2,0,1,191198.06,1
15685819,699,Germany,Male,65,1,153011.65,2,0,1,11874.61,0
15714011,729,Spain,Female,50,9,109795.47,2,0,1,24518.77,0
15783619,559,France,Female,29,8,126135.8,1,0,0,87937.6,0
15695985,546,France,Female,50,2,159139.38,1,1,0,192298.46,1
15594597,607,France,Female,33,10,0.0,1,1,0,101864.31,0
15685317,675,France,Male,42,9,0.0,1,1,0,138127.83,0
15616231,691,Germany,Female,33,2,154351.45,2,1,0,4378.93,1
15602131,772,France,Male,35,9,0.0,1,0,0,119547.54,0
15662075,802,Spain,Male,37,5,95746.65,2,0,0,35970.17,1
15715222,617,Spain,Female,31,5,0.0,2,0,1,180585.81,0
15687449,687,Germany,Male,25,2,0.0,2,1,0,20697.01,0
15632975,548,Germany,Female,49,10,122174.67,1,1,0,157409.52,0
15719801,639,France,Female,27,5,82178.74,2,1,0,192238.32,0
15748055,626,Spain,Male,43,4,130922.58,1,0,0,182963.02,1
15679712,665,France,Female,33,5,87726.19,2,1,1,73313.27,0
15628042,783,Spain,Male,50,7,85474.03,1,1,1,146592.73,1
15608050,562,France,Male,29,2,116840.5,1,1,0,81212.4,0
15807309,562,Germany,Male,30,0,0.0,1,1,0,114118.28,0
15639096,656,Germany,Female,43,4,68765.42,1,1,1,105953.37,0
15813342,667,Spain,Female,44,4,0.0,1,1,0,108300.93,1
15742862,624,France,Male,34,8,105689.95,2,1,1,141423.26,0
15694292,555,Spain,Male,38,9,0.0,1,1,0,111792.14,0
15603352,750,Germany,Male,27,0,91427.3,2,0,0,14076.19,0
15658412,754,France,Female,31,8,133006.27,2,1,1,155850.07,1
15801877,529,Germany,Female,29,3,96394.36,2,1,1,115909.33,0
15626597,621,Spain,Male,53,1,0.0,2,0,0,24369.4,0
15701698,732,Spain,Male,64,9,0.0,2,1,1,155475.26,0
15655224,668,Spain,Female,30,9,0.0,2,1,0,126095.32,0
15814094,597,France,Female,49,1,0.0,1,1,0,30859.23,1
15632641,589,France,Female,32,8,156821.53,1,0,0,75774.01,1
15582457,621,Germany,Female,52,7,143946.26,2,0,1,90802.47,0
15697246,657,France,Female,46,8,61077.68,2,1,0,156524.7,0
15786842,762,France,Male,37,6,120780.35,2,1,1,179227.83,0
15718458,515,France,Male,41,10,0.0,2,1,1,106190.65,0
15803813,829,Germany,Male,47,0,165254.98,2,1,1,188858.5,0
15730300,494,Germany,Male,36,2,108018.58,2,0,0,156774.78,1
15653376,726,Germany,Female,37,0,0.0,1,1,1,32702.05,0
15630227,600,France,Male,34,10,107527.99,1,1,1,196229.06,0
15671423,535,Germany,Female,44,9,0.0,1,1,1,27071.71,0
15799509,521,France,Female,36,10,128030.53,2,1,1,28097.75,0
15745395,640,France,Male,31,8,143139.09,2,1,0,68221.91,0
15730496,796,France,Female,44,7,0.0,1,0,1,6899.23,0
15794464,652,France,Male,32,6,118756.57,1,1,1,176412.48,0
15696798,780,France,Female,32,8,0.0,2,1,1,55568.63,0
15688334,467,Germany,Male,40,4,151556.58,2,0,0,98822.38,1
15758760,620,France,Male,41,9,89080.14,1,1,1,31118.59,0
15584569,611,France,Male,42,4,0.0,1,1,0,131713.12,0
15730515,549,France,Male,34,10,0.0,2,1,1,138676.4,0
15670912,712,Germany,Male,32,6,129504.47,2,1,1,112517.42,1
15787681,642,France,Male,26,2,166975.19,1,0,1,92087.52,0
15601275,724,France,Male,35,5,106504.62,1,1,0,133002.28,0
15649963,656,France,Male,42,6,0.0,2,1,0,2473.93,0
15751112,651,Germany,Male,38,7,0.0,2,1,0,102094.91,0
15763946,475,France,Male,29,2,0.0,1,1,1,125083.91,0
15783741,561,Spain,Female,47,5,84461.36,2,1,0,11213.21,0
15680622,522,Spain,Female,39,9,108857.6,2,0,0,180179.56,0
15601460,742,France,Male,34,7,0.0,1,1,0,146646.08,0
15582070,509,France,Male,49,8,0.0,1,1,0,94755.55,1
15619080,472,France,Female,50,0,74345.32,2,1,1,16463.62,0
15582080,792,France,Female,30,10,58800.7,2,1,1,56128.78,0
15753955,850,France,Male,41,1,0.0,1,0,1,137171.77,0
15738138,590,Spain,Female,57,2,0.0,2,1,1,150074.7,1
15619493,536,Germany,Male,58,5,0.0,2,1,0,68855.95,0
15601593,634,Germany,Male,37,1,165924.19,2,1,1,92270.6,0
15693687,850,France,Male,36,5,122193.49,1,0,0,55772.25,1
15615768,616,France,Male,32,5,0.0,1,1,1,23281.35,0
15700595,542,France,Female,30,10,0.0,1,0,1,20373.88,0
15780198,549,Spain,Male,26,6,108501.95,1,1,1,50661.61,0
15665814,546,Germany,Male,31,2,106828.09,2,1,0,159826.11,0
15768384,597,Germany,Female,30,10,158182.24,1,1,1,62452.83,0
15570339,523,Germany,Male,30,9,91073.92,1,1,0,184813.7,0
15578657,735,Germany,Male,40,4,108448.29,3,0,1,58216.23,0
15736091,777,Germany,Female,41,9,113079.54,2,1,0,19261.05,1
15603023,605,France,Female,53,7,0.0,1,1,0,21665.51,1
15796724,733,Germany,Male,27,8,95312.66,1,1,1,56757.46,0
15782165,827,France,Male,37,3,0.0,2,0,1,67200.18,0
15739457,614,Spain,Male,36,3,121597.39,2,1,0,160549.55,0
15706676,700,France,Female,34,0,145063.14,2,1,0,116761.76,0
15794231,575,Germany,Male,44,9,0.0,1,1,0,26277.76,1
15707900,434,France,Male,31,10,0.0,1,0,1,115134.92,0
15697093,646,France,Female,42,4,91873.02,2,1,0,29906.74,0
15775485,771,Germany,Female,46,3,114673.96,2,1,0,70786.92,1
15742581,655,France,Female,32,5,118587.38,2,1,0,77898.95,0
15600474,721,France,Male,33,9,0.0,1,1,1,103097.36,0
15571066,645,Germany,Male,41,10,88832.01,1,0,1,136049.23,0
15619267,825,Germany,Male,32,2,104403.88,1,0,1,176207.47,0
15624880,509,France,Female,25,7,0.0,1,1,1,134604.01,0
15601046,551,Spain,Female,31,9,0.0,1,1,0,135625.87,0
15623108,628,France,Male,34,6,116792.62,3,1,1,121903.39,0
15742146,819,France,Female,54,10,135740.23,2,1,1,71003.94,0
15777982,703,France,Female,23,5,0.0,2,0,1,43100.58,0
15571563,562,France,Female,36,7,89727.3,2,0,0,13818.17,1
15615089,763,France,Female,27,10,0.0,2,1,0,89739.32,0
15596782,732,France,Male,48,2,101972.28,1,1,1,104399.6,0
15814610,609,Germany,Male,50,4,0.0,2,0,1,69831.01,0
15802566,623,France,Male,30,9,115754.44,2,1,1,13167.48,0
15695278,619,France,Male,41,1,0.0,2,1,0,98668.56,0
15637133,619,Germany,Male,34,1,165490.58,2,1,1,186386.32,1
15674963,734,Spain,Male,30,2,101126.0,1,1,0,85505.93,0
15724116,433,Germany,Female,44,4,110422.23,1,0,1,14817.82,0
15661905,724,France,Male,27,0,120011.81,2,1,1,128883.05,0
15804095,609,France,Female,27,1,0.0,2,1,0,146655.2,0
15676686,756,France,Male,44,10,98566.35,1,1,1,111961.03,0
15613284,570,Germany,Male,34,4,0.0,2,1,0,57676.51,1
15752426,573,France,Male,37,3,132942.57,2,1,0,121473.34,0
15813542,606,France,Male,27,6,0.0,1,1,0,136807.82,0
15625436,814,Germany,Female,33,8,0.0,1,1,1,180591.24,0
15689657,650,France,Male,42,9,87900.78,1,1,1,104878.11,0
15641846,545,France,Male,77,5,0.0,1,1,0,161220.42,1
15702144,668,Spain,Female,44,7,0.0,2,0,0,180295.27,1
15705260,837,Spain,Female,60,1,75860.72,2,1,1,85739.89,0
15784224,612,Spain,Female,40,2,0.0,1,1,0,2223.52,0
15685722,715,France,Male,24,3,115503.46,1,1,0,67352.99,1
15590622,617,France,Female,42,4,114670.99,2,0,1,177811.8,0
15593277,660,France,Male,44,7,150328.59,1,0,0,103527.42,0
15591027,702,Germany,Male,43,4,0.0,2,1,0,52622.05,0
15730036,661,France,Male,28,2,133196.16,1,0,1,169840.22,0
15631357,533,France,Male,43,1,148121.87,1,0,0,66548.88,0
15588748,623,Spain,Male,44,1,153918.51,1,1,0,6495.16,1
15752975,741,France,Female,45,9,0.0,1,0,0,98280.0,1
15712755,492,France,Male,30,7,90122.63,2,1,1,177961.38,1
15766660,647,Germany,Male,36,5,149833.73,2,1,1,60365.4,0
15662137,769,Germany,Male,34,2,54614.01,2,1,0,170600.14,1
15570527,587,Germany,Female,28,2,121877.92,1,1,0,52472.49,0
15766345,678,Spain,Female,47,1,111903.17,1,1,0,40974.94,0
15758652,483,Germany,Female,63,5,0.0,2,0,0,93787.18,1
15697192,715,Spain,Female,61,2,154818.33,1,1,1,31079.18,1
15800288,728,Germany,Female,38,6,0.0,2,1,0,90022.78,1
15575326,748,France,Male,55,7,103993.48,1,0,1,20430.39,0
15788000,734,France,Male,50,3,90248.4,1,1,1,163852.55,0
15701146,786,France,Male,36,4,0.0,1,1,0,14912.18,1
15603419,648,France,Male,44,6,125167.47,2,1,1,107295.33,0
15574035,560,Germany,Female,34,1,90696.98,2,0,0,5021.77,0
15595175,629,Germany,Female,44,6,0.0,1,1,1,143402.79,1
15700448,667,France,Male,49,9,118373.39,2,0,0,17318.47,0
15585064,617,Germany,Male,40,6,0.0,2,0,1,147822.31,0
15715055,602,Spain,Male,27,6,100494.39,1,0,0,121814.7,0
15632444,656,France,Female,50,6,209019.53,2,1,1,182576.43,0
15777151,710,France,Female,31,0,115849.5,2,1,1,81277.56,0
15651981,626,France,Male,37,6,86811.87,2,0,0,149771.54,1
15647401,483,France,Female,43,10,0.0,1,0,0,136757.88,0
15792148,754,Germany,Female,38,8,81643.11,2,0,0,95989.56,1
15777054,630,Spain,Male,31,6,0.0,2,1,1,29102.65,0
15673946,509,Germany,Male,37,1,143203.07,1,1,0,22637.81,1
15649733,582,Germany,Female,34,0,109046.86,1,0,1,119492.34,0
15596962,674,France,Female,28,2,98226.39,2,0,1,122680.19,0
15611311,757,Germany,Male,37,10,0.0,1,0,1,123917.3,0
15595407,699,Germany,Male,33,6,0.0,1,0,1,34509.89,0
15733116,691,France,Male,44,2,0.0,2,0,0,75959.88,1
15703184,543,Germany,Male,32,0,92260.57,1,0,0,76329.3,0
15591271,779,Germany,Male,25,8,117932.95,2,1,1,67718.85,0
15712247,850,Germany,Male,31,1,0.0,1,1,0,88473.16,1
15635784,649,France,Female,37,5,0.0,1,1,0,13085.66,0
15700716,648,France,Male,31,7,141101.72,1,1,1,101688.97,0
15625215,686,France,Male,38,3,116790.26,2,1,0,146317.05,0
15723098,611,Spain,Female,36,5,109673.27,2,0,1,44168.61,0
15681424,787,Spain,Female,44,3,149357.88,2,1,1,78652.33,0
15697856,478,France,Male,39,4,116531.14,2,1,0,40363.13,0
15706562,644,France,Male,24,1,153117.39,1,1,1,43406.29,0
15631468,592,Spain,Male,40,7,158579.97,4,1,0,138818.03,1
15637930,655,Germany,Male,40,1,121445.24,2,1,1,93038.02,1
15787809,713,Germany,Male,46,10,0.0,1,1,0,153.41,0
15788416,521,Spain,Male,38,0,108982.36,1,0,0,108638.36,1
15810488,850,Germany,Female,36,9,99594.23,2,1,1,176562.96,0
15764797,450,Spain,Male,46,7,0.0,1,0,0,185003.55,0
15664238,562,France,Male,28,6,138690.78,1,0,1,131024.49,0
15680061,649,Germany,Male,38,6,134830.15,3,1,0,638.24,0
15629923,622,France,Female,45,6,119395.08,2,1,1,52373.06,0
15682955,547,France,Female,31,10,68247.57,2,0,0,2653.79,0
15677497,497,France,Female,47,1,0.0,1,0,1,158808.19,0
15631901,696,Spain,Female,49,3,0.0,2,1,1,179135.79,0
15742759,672,Germany,Female,35,6,171438.04,2,1,0,108123.18,0
15714386,817,France,Female,34,1,179984.02,1,1,0,71622.06,1
15678317,811,France,Male,48,0,0.0,1,1,0,153451.08,0
15597985,695,France,Female,51,6,0.0,2,0,0,159929.61,0
15674583,598,Spain,Male,33,7,148798.6,2,1,0,58259.29,1
15782040,612,Germany,Male,49,6,130990.96,1,1,0,99284.34,0
15675968,694,France,Male,48,6,91381.33,1,0,1,114908.65,0
15634264,621,France,Female,39,4,121036.44,2,0,0,74203.77,1
15647227,515,Germany,Female,50,5,0.0,2,1,1,1789.25,0
15701833,844,Germany,Male,43,0,170915.67,1,1,1,28659.86,1
15711383,663,Spain,Female,39,3,0.0,2,1,1,121081.46,0
15664645,611,Spain,Male,41,4,130270.52,1,0,0,149560.61,1
15625117,517,France,Female,51,5,0.0,1,1,1,35897.34,1
15737103,694,Germany,Male,43,8,132473.23,2,1,0,125271.87,0
15598300,659,France,Male,26,8,179611.76,2,1,1,159510.09,0
15719202,736,France,Male,37,2,0.0,1,0,0,106717.37,0
15566892,501,France,Female,33,9,69948.87,1,0,1,187381.08,1
15644792,656,France,Male,46,2,150932.54,2,1,1,126133.92,0
15719462,477,Germany,Male,38,5,134259.63,2,1,0,148757.64,1
15702246,768,France,Female,24,10,174693.23,2,0,0,152087.39,0
15703489,756,France,Male,41,7,99476.65,2,1,0,161724.92,1
15812794,586,Spain,Male,37,7,113567.9,2,1,1,23851.8,0
15747373,557,Germany,Female,34,7,0.0,1,0,0,122793.29,1
15661655,684,Spain,Male,35,10,0.0,1,1,0,112563.59,0
15676558,652,Germany,Male,40,3,0.0,2,1,1,34229.83,1
15655238,641,France,Female,33,6,0.0,1,0,1,166972.9,1
15638645,850,Spain,Female,27,6,114598.31,1,0,1,177748.94,0
15811473,681,Spain,Male,50,9,106376.21,1,1,0,123178.73,1
15586968,595,France,Female,33,1,71107.25,1,1,0,126650.87,1
15697092,701,Spain,Male,30,7,179825.44,2,1,1,109471.05,0
15698082,783,France,Male,30,1,112889.52,1,0,0,195484.22,0
15796284,777,Spain,Female,42,10,0.0,1,0,1,20622.09,0
15609568,748,France,Male,52,3,128507.09,2,1,1,40849.8,1
15657709,591,France,Female,40,9,0.0,1,1,1,178681.23,0
15633885,540,Germany,Female,34,9,99912.44,2,1,0,45742.69,0
15594901,548,Germany,Female,42,2,60946.53,1,1,0,47071.02,0
15715065,502,Germany,Male,38,3,148728.42,2,0,0,127905.99,1
15726845,801,Germany,Male,38,10,143271.01,1,1,0,111382.41,1
15718568,556,Spain,Female,55,1,0.0,2,1,0,196339.89,0
15628106,696,Germany,Male,35,9,0.0,1,1,1,136837.65,0
15692826,689,France,Female,42,0,103766.37,2,1,0,33524.41,0
15636627,653,Germany,Male,30,9,116765.5,2,1,1,188257.11,0
15763804,686,France,Male,27,6,165845.93,1,1,1,31745.56,0
15649477,569,France,Female,44,1,0.0,2,1,0,62017.08,0
15700197,804,France,Male,30,0,132499.06,1,1,1,177613.83,0
15582027,665,France,Female,38,1,190751.5,1,1,1,84191.75,0
15698693,682,Germany,Female,68,5,139110.21,2,1,1,76614.25,0
15694957,825,Spain,Female,29,4,79545.23,2,1,1,125626.4,0
15602099,594,France,Female,33,5,0.0,1,1,1,139568.83,0
15654707,671,France,Female,34,6,103714.41,2,0,0,194182.67,0
15760948,575,Germany,Male,55,4,125272.34,2,1,1,120898.9,0
15759661,644,Germany,Female,37,5,83661.03,1,1,1,22855.65,0
15608924,661,Spain,Male,43,8,99751.16,1,0,1,111799.75,1
15725902,653,France,Male,44,6,87701.0,3,0,1,193026.82,0
15667706,731,Germany,Female,44,10,132672.04,2,1,1,181702.73,0
15746476,664,Germany,Female,43,6,144117.88,1,1,1,124274.23,1
15752781,720,France,Male,42,2,132354.86,2,1,0,166678.93,0
15805797,719,Germany,Male,35,10,0.0,2,1,0,76011.69,0
15737546,751,France,Male,27,9,0.0,2,0,0,22017.91,0
15576113,691,Germany,Female,21,3,117995.13,1,1,1,191953.77,1
15737832,681,France,Female,50,2,0.0,1,1,1,57605.24,0
15579369,728,France,Male,45,6,161531.09,2,0,0,137101.44,0
15607289,656,France,Male,45,5,0.0,1,1,1,36610.35,0
15584859,757,France,Male,26,6,130997.04,2,0,1,75996.31,0
15653605,850,Germany,Male,41,3,0.0,1,1,0,185669.66,0
15642199,630,Spain,Male,24,5,0.0,1,0,1,126385.7,1
15716151,639,France,Male,33,7,66214.41,2,1,1,14690.61,0
15767761,735,France,Male,36,10,94852.35,2,1,1,12727.65,0
15755962,382,Spain,Male,39,1,165570.95,1,1,1,39862.23,0
15706892,664,Spain,Male,41,8,0.0,4,0,0,119181.87,0
15621814,584,France,Male,48,8,0.0,2,1,1,104582.28,0
15689384,703,France,Female,27,3,0.0,1,1,1,94331.56,0
15752156,626,France,Female,31,9,74659.26,1,0,0,199831.36,0
15587038,709,France,Female,33,9,0.0,1,1,1,134436.32,0
15710097,739,Germany,Female,41,4,129234.58,2,1,1,40043.6,0
15728945,696,France,Female,58,2,106332.71,1,0,1,32365.78,1
15656553,649,France,Female,51,8,108459.81,1,1,0,44804.66,0
15706931,631,France,Male,38,10,127798.33,1,0,0,112470.97,1
15697647,693,Spain,Female,39,2,0.0,2,1,1,170823.94,0
15575924,488,France,Male,49,0,120344.78,2,0,1,9474.33,1
15624539,653,Spain,Female,31,0,95007.92,2,1,0,21575.4,0
15811914,722,Germany,Female,44,6,123799.93,1,1,0,50160.77,0
15747120,629,Spain,Male,25,9,93542.82,1,0,1,179336.15,0
15812985,611,France,Male,40,9,85260.18,2,1,0,34367.73,0
15628261,727,France,Male,31,1,82444.24,1,1,0,76864.33,1
15782252,537,Germany,Male,33,5,0.0,1,1,1,87305.13,0
15646653,701,Spain,Female,33,6,124922.21,2,1,1,144283.29,0
15620786,638,Spain,Female,30,7,0.0,2,0,0,84086.44,0
15797475,635,France,Male,41,9,115284.7,1,1,0,44322.54,0
15659031,685,France,Male,40,2,0.0,1,0,1,95877.54,0
15720244,667,Spain,Female,29,2,153418.61,2,0,1,120972.89,0
15631599,740,Germany,Female,38,2,0.0,1,1,1,13167.32,1
15684957,647,Spain,Male,33,1,104363.15,2,1,0,167488.61,0
15813286,606,France,Female,30,6,137416.28,1,1,1,28779.4,0
15574086,633,France,Female,39,4,150856.02,1,0,0,138345.66,1
15626357,557,France,Male,30,10,0.0,2,1,1,38296.54,0
15612609,624,France,Male,28,2,139677.13,2,1,1,57983.2,0
15691012,819,Germany,Male,29,0,0.0,1,1,0,183964.01,0
15650781,523,France,Male,37,9,61812.07,2,1,0,178804.07,0
15633566,633,France,Female,26,6,110901.69,1,1,0,127499.71,0
15633494,633,France,Female,27,10,93007.93,2,0,1,79326.11,0
15682894,746,Germany,Female,39,4,119492.6,2,1,0,102153.45,1
15621321,654,France,Female,26,6,89635.65,1,1,0,88809.22,0
15754174,645,France,Male,47,3,0.0,1,1,1,155462.45,0
15792694,694,Germany,Male,31,3,59881.83,1,0,0,180636.16,0
15703914,693,Germany,Female,38,10,118179.94,2,0,1,85353.04,0
15742238,643,France,Male,67,6,117980.21,1,1,0,30587.69,0
15763030,791,France,Female,35,3,153700.85,2,0,0,10214.63,0
15730973,672,France,Female,37,6,0.0,1,1,0,145184.34,0
15677188,680,Spain,Male,39,6,0.0,1,0,1,75218.38,0
15765644,612,France,Male,39,4,0.0,2,1,1,167896.95,0
15578061,557,France,Male,43,7,108663.18,2,0,0,78461.88,0
15586229,662,Germany,Male,43,1,126470.69,2,1,1,40340.1,0
15597835,656,Spain,Male,56,2,87079.06,2,0,1,64956.07,0
15667597,788,Spain,Female,42,4,0.0,2,1,0,142258.63,0
15669880,574,Spain,Female,31,7,96587.57,1,1,1,103939.76,0
15768258,484,Spain,Male,30,9,108666.37,1,0,1,22494.85,0
15637890,737,France,Male,40,10,108672.27,2,1,0,115209.12,0
15777527,564,France,Female,55,8,69969.64,2,1,1,152747.99,0
15590871,707,Germany,Female,56,0,115518.37,1,0,1,36260.32,1
15582200,613,Spain,Male,29,0,124770.98,2,1,0,126065.84,0
15758132,819,France,Female,48,8,133003.63,1,1,0,32662.64,1
15760827,571,Spain,Female,34,10,116762.62,1,1,1,20268.29,0
15756975,710,France,Female,23,0,107317.01,1,1,0,47337.64,0
15667051,676,Spain,Female,58,7,151838.18,1,0,0,29278.32,0
15598410,684,Germany,Male,37,10,122121.22,1,1,1,57279.89,1
15783450,807,Spain,Male,35,5,122512.66,2,0,0,77233.44,0
15737616,564,Spain,Male,25,9,137574.01,1,0,0,132123.7,0
15623532,850,Spain,Female,55,9,0.0,1,0,0,69630.24,0
15590255,552,France,Male,42,5,110013.26,2,1,1,83438.53,1
15580201,644,Germany,Female,36,2,133318.25,1,1,0,141326.35,1
15674635,570,France,Male,32,0,138697.87,2,1,1,123457.37,0
15750424,669,Spain,Female,46,5,156457.71,2,1,1,110340.06,0
15744043,582,France,Male,30,9,146943.7,1,1,0,58903.84,0
15622474,567,France,Male,33,0,0.0,1,1,1,179714.36,0
15579346,566,France,Male,47,1,125565.34,2,1,1,137977.74,0
15611981,538,Germany,Male,48,6,0.0,1,1,0,107794.14,0
15651169,728,Germany,Male,35,7,0.0,2,0,1,10994.53,0
15681394,642,Spain,Female,34,8,0.0,2,1,0,146315.66,1
15583481,677,Spain,Female,35,5,128268.33,1,1,0,198660.19,0
15660299,610,Germany,Male,46,0,145199.7,2,1,0,106968.91,1
15729476,786,Germany,Female,41,5,0.0,2,0,1,46661.69,0
15658877,631,France,Male,35,1,134377.07,1,1,0,86795.64,1
15686551,690,Spain,Female,43,9,136699.76,1,1,1,19156.32,0
15785041,494,Spain,Male,58,9,0.0,1,1,0,125980.73,1
15626156,531,Germany,Female,35,6,0.0,1,0,1,170150.67,0
15680593,665,France,Female,44,7,0.0,1,1,0,83349.07,0
15744182,766,Germany,Male,55,9,144137.06,1,1,1,35181.08,1
15740380,509,Germany,Male,43,10,100348.71,2,1,0,148548.87,1
15800602,736,Germany,Male,32,7,171854.94,2,1,1,74820.23,0
15636376,636,Spain,Female,23,2,108890.59,2,1,1,23210.54,0
15618529,685,France,Female,51,9,127849.68,1,0,0,60155.6,1
15731604,681,Germany,Male,40,2,74234.39,2,0,0,78116.36,0
15663635,579,France,Male,40,6,0.0,1,1,1,108032.54,0
15575285,629,Germany,Male,39,3,21197.04,2,1,1,46958.43,0
15710534,596,France,Male,35,4,117137.77,2,1,1,56200.98,0
15689467,779,Germany,Male,51,7,75834.7,1,0,0,79405.26,1
15585243,661,France,Male,40,0,126838.34,3,0,1,189276.9,0
15776665,784,Spain,Male,34,6,131283.51,2,1,1,32507.79,1
15802897,619,France,Male,45,6,166468.05,2,1,0,146304.27,1
15789911,586,Spain,Female,37,9,98648.56,2,1,0,170094.72,0
15703916,706,France,Female,39,7,0.0,2,0,1,111089.35,0
15591413,680,France,Female,46,10,112040.55,2,1,0,178752.25,1
15669158,643,Germany,Female,51,5,142486.48,1,0,0,7175.61,1
15596649,602,France,Female,42,3,0.0,2,1,1,165054.65,0
15770531,689,Spain,Female,48,8,83573.53,1,1,0,19192.06,1
15651411,583,Spain,Male,51,6,155075.42,1,1,1,183369.57,0
15754291,589,Spain,Female,44,1,57567.88,2,0,1,156879.28,0
15566258,651,Spain,Male,30,10,150061.31,1,1,1,67387.89,0
15810951,626,France,Female,40,6,196485.98,2,1,1,127287.01,0
15583894,703,Spain,Female,44,10,83641.28,1,1,1,69079.02,0
15637409,698,Germany,Female,51,3,149977.02,2,0,1,40980.47,0
15615130,632,Spain,Male,50,6,0.0,2,1,1,80784.59,1
15752623,605,France,Female,42,2,135099.65,2,1,1,170406.1,1
15776656,571,France,Female,29,0,0.0,2,0,0,146227.77,0
15657498,493,Germany,Male,61,9,135905.03,2,0,1,199541.78,1
15762966,795,France,Female,31,7,0.0,2,1,0,102979.84,0
15677111,535,France,Female,43,6,147374.34,1,1,0,115080.79,0
15762263,600,France,Female,44,1,130893.45,2,1,1,159826.55,0
15739083,644,Spain,Male,65,5,116002.02,1,1,1,21534.46,1
15811518,655,France,Female,37,6,0.0,2,0,0,179439.63,0
15678266,735,France,Female,33,3,115034.84,1,1,1,79017.38,0
15637109,625,France,Male,27,8,41158.47,2,1,0,158277.31,0
15582517,706,France,Male,43,7,135976.6,2,1,1,19667.87,0
15743530,513,France,Female,39,9,71771.26,1,1,1,16279.62,0
15725546,743,France,Female,40,10,146689.62,2,0,1,178524.78,0
15761425,614,Germany,Female,49,7,92690.56,2,1,1,192415.28,1
15612195,527,France,Female,32,2,0.0,1,0,0,168410.92,0
15633280,598,France,Female,45,10,75450.81,2,1,1,58827.5,0
15654682,548,France,Male,49,8,116867.04,1,1,0,145073.58,0
15779845,731,France,Male,33,5,119144.82,1,1,0,157900.65,0
15659127,737,France,Male,36,9,0.0,1,1,0,89508.45,0
15661590,683,France,Female,29,6,92992.13,1,0,1,72911.58,0
15593559,535,France,Male,31,10,132854.64,1,1,0,160055.75,0
15789896,585,France,Female,28,9,98996.56,1,1,0,120528.02,0
15763729,704,Germany,Male,42,8,104333.82,2,1,1,197510.52,0
15651820,474,Germany,Male,52,6,0.0,2,1,0,17744.15,1
15673947,651,France,Female,33,2,93316.01,2,1,1,70856.89,0
15722314,628,Germany,Male,36,5,0.0,2,0,1,175989.91,0
15788496,609,Spain,Female,43,1,0.0,1,0,1,15418.18,0
15684122,826,Spain,Male,36,5,0.0,1,1,0,98452.49,0
15658829,556,France,Male,38,0,122154.32,2,1,0,133200.51,0
15579469,729,Germany,Female,30,3,0.0,1,1,1,86777.01,0
15764967,608,Spain,Female,44,4,90221.84,1,1,0,162488.27,1
15794318,703,France,Female,38,6,0.0,1,0,1,29765.78,0
15654372,572,France,Male,38,7,136904.25,2,1,1,194987.9,0
15749481,588,France,Female,29,8,96696.26,1,0,1,159429.8,0
15801574,716,France,Female,55,7,0.0,2,1,1,115565.27,0
15673800,659,France,Female,31,8,0.0,2,1,0,170528.25,0
15767575,850,Spain,Male,46,6,0.0,1,1,1,147624.51,0
15710395,632,France,Female,23,1,138271.89,2,0,0,112092.5,0
15727104,637,Spain,Male,34,8,99593.9,2,1,0,128115.95,1
15575917,713,Germany,Male,40,1,76862.66,2,1,1,122953.4,0
15574114,779,France,Female,31,0,0.0,1,1,0,120594.82,0
15742987,621,Germany,Male,46,2,105899.57,2,1,1,115252.35,0
15671405,714,Spain,Male,41,6,151892.58,1,1,0,173681.08,1
15602586,730,France,Female,34,4,0.0,2,1,0,16175.8,0
15687369,639,Germany,Male,35,0,132590.55,2,1,1,43346.73,0
15658344,729,Spain,Female,46,0,79055.32,1,1,1,32400.83,0
15669229,640,Germany,Male,39,9,82306.66,2,0,0,68946.23,1
15784608,567,France,Female,26,4,0.0,1,1,1,149086.73,0
15614853,528,France,Male,39,5,0.0,2,0,0,79970.86,0
15742930,673,Germany,Male,56,6,118548.46,2,0,1,199444.28,0
15714213,509,Spain,Female,31,1,0.0,1,1,1,49135.2,0
15793346,603,France,Female,35,9,0.0,2,1,0,108099.86,0
15574652,624,France,Female,36,0,111206.93,1,1,1,179550.71,0
15595476,603,Germany,Female,46,4,124615.84,2,0,1,123228.25,0
15776832,824,Germany,Male,33,0,115085.98,2,1,1,108989.44,0
15685536,624,Spain,Male,49,0,0.0,2,1,0,41480.54,1
15634517,621,Germany,Male,28,7,0.0,2,0,1,27063.79,0
15729962,491,France,Male,41,1,132242.25,1,1,0,65698.7,0
15635009,604,Germany,Male,32,10,154437.06,1,0,0,121996.16,0
15728979,786,France,Male,29,3,61783.37,1,1,0,129302.6,0
15631797,586,Spain,Male,41,5,72761.19,1,1,1,121856.19,0
15664506,518,France,Female,47,9,113366.15,2,1,0,137179.25,0
15783788,793,France,Male,36,9,0.0,1,0,0,8044.51,0
15683887,572,France,Male,35,10,0.0,2,1,0,185249.5,0
15712061,566,France,Female,26,10,106314.24,2,1,1,69307.57,0
15584184,503,Spain,Female,30,3,0.0,1,1,1,46808.16,0
15741053,631,Germany,Male,27,10,154596.67,2,1,0,39664.04,0
15723804,805,France,Female,33,10,0.0,1,0,1,14802.83,0
15610210,781,France,Male,54,9,140141.74,3,0,1,131409.04,0
15631931,671,France,Male,35,6,120076.38,1,0,0,16471.52,0
15660621,691,Germany,Male,34,10,0.0,1,1,1,72035.94,0
15615688,678,France,Male,29,9,90932.78,1,0,1,78520.21,0
15686566,807,France,Male,40,10,0.0,2,1,1,109657.6,0
15590082,547,France,Male,47,6,0.0,1,1,1,58913.41,0
15669463,691,France,Male,41,8,0.0,1,1,1,67436.65,0
15799470,707,Spain,Female,39,5,139455.08,1,1,0,132949.39,0
15703643,596,Spain,Male,29,8,0.0,2,1,1,55540.94,0
15683462,607,Spain,Male,32,8,124289.13,2,1,0,139551.9,1
15776669,815,Germany,Female,55,2,130672.89,2,1,0,109649.2,1
15676875,773,France,Male,28,5,162635.84,1,0,1,197389.2,0
15725402,775,Spain,Male,41,3,136317.45,2,1,1,45298.63,0
15739957,560,Germany,Female,49,7,155744.35,1,1,0,70542.95,0
15684611,640,France,Male,40,2,111288.74,1,1,1,57261.1,0
15689959,746,France,Male,29,8,57244.24,2,1,1,33992.37,0
15573995,658,France,Male,31,1,123794.82,2,1,0,164076.47,1
15776226,602,Germany,Female,27,4,0.0,1,1,0,41596.43,0
15619738,596,Spain,Female,36,4,99632.69,2,1,0,57542.13,0
15576052,621,France,Female,41,8,0.0,1,1,1,124390.08,0
15713625,659,Spain,Female,31,2,0.0,1,1,0,11710.02,0
15630691,655,France,Male,56,8,0.0,2,1,1,197151.23,0
15750196,504,France,Male,48,9,189204.44,2,1,0,81407.01,1
15671303,626,France,Female,40,3,0.0,2,1,1,81890.56,0
15736628,809,Germany,Female,36,9,0.0,1,1,1,42457.17,0
15773100,667,France,Female,49,7,103502.42,1,0,0,64310.78,0
15610237,619,Spain,Male,31,8,121256.66,2,1,0,199099.66,0
15684785,671,Spain,Female,23,5,0.0,1,0,0,162086.08,0
15673922,721,Germany,Male,37,10,76885.33,2,0,1,172338.12,0
15695426,666,Germany,Female,33,5,79743.51,1,1,0,48628.9,0
15772001,672,France,Male,45,5,149111.99,2,1,0,24818.4,1
15676966,703,France,Female,54,6,116227.71,2,1,1,125617.13,1
15744061,632,France,Female,32,10,99314.22,2,1,1,150872.94,0
15594967,737,France,Male,36,10,141173.28,2,1,0,125472.86,0
15796294,777,France,Female,36,4,107925.99,2,1,0,35220.56,0
15790548,640,Germany,Male,45,1,70870.93,2,0,0,20196.88,1
15603215,659,France,Male,32,1,0.0,2,1,0,17831.59,0
15788964,553,Germany,Female,47,5,111339.37,1,1,1,199690.53,1
15734939,523,Germany,Female,31,8,128676.52,1,0,0,155610.79,0
15709479,641,Spain,Female,42,5,135226.11,2,1,1,168061.53,0
15572850,467,Germany,Male,25,6,148043.13,1,1,0,192210.79,1
15753157,546,France,Female,25,1,0.0,1,1,0,121593.06,0
15600877,623,Germany,Male,29,4,80938.15,1,1,0,77098.12,0
15652047,716,France,Male,40,4,0.0,1,1,1,6922.61,0
15572366,692,Spain,Male,44,7,0.0,2,0,1,96047.63,0
15777434,591,France,Male,30,1,67685.27,1,1,0,9338.29,0
15640186,660,France,Female,41,8,123667.46,1,1,1,105568.44,0
15603925,811,France,Female,41,4,107247.47,1,1,1,6122.74,0
15655244,631,Germany,Female,27,0,0.0,2,0,1,157534.0,0
15582573,470,France,Male,26,3,117967.12,2,1,0,51760.09,0
15787118,710,France,Female,32,9,0.0,2,1,0,44344.18,0
15808393,680,France,Male,33,6,0.0,2,0,0,114730.71,1
15708594,783,France,Male,40,8,150491.81,1,1,1,140789.78,0
15765126,548,Germany,Female,30,0,0.0,2,1,1,55096.87,0
15644943,707,France,Male,47,1,0.0,1,1,1,52007.9,0
15809304,705,France,Male,37,5,83879.8,2,1,1,162076.17,0
15657640,799,France,Male,34,9,170561.62,1,0,1,120120.87,0
15594873,545,Germany,Female,38,10,191160.92,2,1,1,120716.21,0
15665054,708,Spain,Male,33,8,156227.89,2,1,1,18358.04,0
15803573,646,France,Male,52,0,0.0,1,1,1,21624.37,0
15626258,674,Germany,Male,27,7,0.0,1,1,1,80552.6,0
15738125,506,France,Male,35,3,108637.41,1,1,1,21333.49,0
15781967,601,Germany,Female,33,8,0.0,2,1,0,74519.17,0
15608231,697,France,Female,21,1,107720.12,2,1,1,132714.62,0
15602804,640,Germany,Male,25,2,0.0,1,1,1,161845.38,0
15733661,850,Germany,Male,32,10,85359.38,2,1,0,95815.67,0
15792721,588,France,Male,45,5,133275.42,3,1,0,26159.8,0
15639575,519,Spain,Male,27,10,0.0,1,1,0,133012.6,0
15774474,642,France,Female,28,0,0.0,2,0,0,69731.39,0
15716440,657,France,Female,35,9,85015.96,1,0,1,61126.68,0
15765524,850,France,Male,44,6,155050.48,2,1,0,119417.83,0
15645228,565,France,Male,37,4,124079.19,2,0,1,159053.2,1
15601235,776,Spain,Female,43,4,0.0,1,1,1,117292.79,0
15697529,640,Germany,Male,47,3,121659.58,1,1,1,181832.45,0
15568532,517,Spain,Male,38,2,98495.58,2,0,1,141269.1,0
15690634,770,Spain,Male,43,1,97825.75,1,1,0,90824.82,1
15753435,794,France,Male,46,3,0.0,1,0,1,94771.81,0
15594655,647,France,Male,37,9,92210.98,2,1,1,49493.08,0
15569562,579,France,Female,47,2,99727.43,2,0,1,165463.16,0
15664723,718,Spain,Female,50,7,0.0,2,1,1,179804.5,0
15736641,720,France,Female,26,5,0.0,2,1,0,37603.17,0
15810961,513,Germany,Female,60,5,83521.24,1,1,1,160345.37,1
15756946,636,France,Female,50,0,0.0,2,0,1,158497.19,0
15780537,663,France,Male,38,0,0.0,2,0,0,30518.83,0
15590179,651,France,Female,23,7,0.0,1,0,1,175646.42,0
15609228,677,France,Female,30,8,107326.64,2,1,1,199530.35,0
15620587,585,France,Male,34,9,126721.57,1,0,0,52788.36,0
15765120,821,Germany,Male,35,7,84473.52,1,1,0,182277.07,1
15728517,603,Germany,Female,26,6,129401.77,2,1,1,105572.15,0
15593570,504,France,Male,39,3,137651.81,2,1,0,188699.42,1
15602706,641,Germany,Male,36,9,43066.33,1,1,1,108409.41,0
15646939,789,Spain,Male,41,8,51255.08,1,1,0,177951.77,0
15605494,720,Spain,Male,37,8,128995.64,1,1,1,199910.59,0
15582904,526,Germany,Female,32,10,0.0,2,1,0,68909.01,1
15739666,850,France,Female,55,0,0.0,1,1,1,140258.18,0
15794979,598,France,Female,63,6,0.0,1,1,0,140917.58,1
15713750,464,France,Female,56,5,0.0,2,0,0,78448.61,0
15720213,609,Spain,Male,38,3,109712.7,2,0,0,32703.62,0
15610619,672,France,Male,40,6,0.0,2,1,0,140623.57,0
15604916,695,France,Male,43,0,96499.16,2,1,1,138120.8,1
15787459,603,France,Male,32,2,156488.08,1,0,1,109166.11,0
15792663,732,Spain,Male,50,2,181518.72,1,0,0,127561.0,1
15682055,662,France,Female,36,2,106229.04,2,0,1,154193.7,1
15669236,716,France,Male,49,1,0.0,1,1,1,25202.58,0
15661942,562,Germany,Male,46,2,0.0,2,1,1,53508.02,1
15779908,549,Spain,Male,39,1,117605.11,2,1,0,181107.12,0
15813926,806,Spain,Male,56,3,0.0,2,1,1,60301.73,1
15713181,781,France,Male,36,9,0.0,1,1,0,108518.82,0
15638149,656,Spain,Female,42,10,0.0,1,1,1,55877.0,0
15631376,581,Germany,Female,35,7,0.0,1,1,1,82665.75,0
15787212,619,Germany,Female,53,7,0.0,1,0,0,147836.68,0
15756567,676,France,Male,37,1,0.0,1,1,0,97376.33,0
15655372,559,Germany,Male,52,3,0.0,1,1,1,3718.97,1
15614194,452,Spain,Female,33,7,0.0,2,1,0,174082.92,1
15568972,614,France,Male,29,10,0.0,2,1,0,188354.29,0
15595322,790,Germany,Male,49,1,149625.23,1,0,1,186068.12,1
15707317,572,Germany,Male,29,9,0.0,2,0,0,68204.94,0
15700150,784,France,Female,34,6,0.0,1,0,0,2989.47,0
15725772,607,Spain,Female,45,10,145774.94,2,1,1,149205.37,1
15813625,478,Spain,Male,29,1,105936.32,1,1,0,181899.34,0
15734684,623,Germany,Female,27,3,83076.63,2,1,1,154346.12,0
15688388,638,France,Female,46,9,65580.37,1,1,0,192714.58,1
15596474,568,Spain,Female,33,0,0.0,1,0,0,147922.88,0
15711845,720,Spain,Male,32,7,138587.47,1,1,0,198.1,0
15788627,770,France,Male,40,4,95819.13,1,0,0,149920.67,0
15566356,662,Spain,Female,65,7,0.0,1,1,1,101551.54,0
15571174,734,Germany,Male,42,4,149005.69,1,0,1,158008.93,1
15701889,571,Spain,Female,36,2,131784.12,2,1,0,33123.75,0
15588920,617,France,Male,49,4,88578.58,1,1,1,779.06,1
15813270,670,Germany,Male,53,9,116756.35,1,1,0,97392.08,1
15572860,735,France,Female,38,2,0.0,1,1,1,62874.67,0
15744252,634,France,Female,36,3,139716.5,2,1,1,21193.81,0
15633009,850,France,Female,30,8,0.0,1,0,0,51246.68,0
15648948,594,France,Female,54,4,157542.95,1,0,1,68900.71,0
15664657,570,Spain,Female,58,9,167731.33,2,1,1,49205.25,1
15715292,696,France,Female,35,3,107093.03,1,0,1,16229.84,0
15712378,684,Germany,Male,52,2,59384.97,2,0,1,16661.18,1
15740508,760,France,Male,31,1,0.0,1,1,0,32561.43,0
15744469,596,Spain,Female,35,8,105991.97,2,1,1,23923.61,0
15796140,612,France,Male,31,3,158477.33,1,1,0,142580.96,0
15706295,499,France,Female,42,2,0.0,2,1,1,125629.86,0
15782041,586,Germany,Male,24,3,0.0,2,0,1,61763.09,0
15630333,547,France,Male,41,1,164122.74,1,1,0,172547.54,0
15774251,850,Spain,Male,33,1,112237.8,2,1,0,8404.9,0
15665424,696,France,Female,52,9,0.0,2,1,0,63602.43,0
15591068,605,Spain,Female,43,4,76218.28,1,1,0,46870.51,0
15791812,645,France,Male,32,7,0.0,2,1,0,183700.53,0
15756910,660,Germany,Female,48,4,147228.62,1,1,1,78010.29,1
15598957,668,Germany,Male,29,5,0.0,1,0,0,109245.15,0
15609219,687,France,Male,37,9,0.0,1,1,0,198876.08,1
15621577,525,Germany,Female,37,6,132754.05,2,0,1,45504.27,1
15800503,737,France,Male,38,3,0.0,1,1,0,178384.69,0
15592392,608,France,Male,32,3,0.0,1,1,1,12324.5,0
15662274,479,France,Female,27,6,0.0,2,0,0,184544.75,0
15735672,574,Germany,Female,39,8,55314.4,1,1,1,139127.38,0
15661883,600,France,Female,40,10,144029.96,2,0,1,31250.99,0
15667459,518,France,Male,31,0,77182.48,2,1,1,193008.66,0
15690395,584,France,Female,32,7,103228.96,2,1,1,80219.72,0
15704507,604,Spain,Female,28,0,0.0,2,0,1,92938.34,0
15582318,718,Germany,Male,41,8,112781.7,1,0,0,88901.22,1
15732400,718,France,Male,31,1,144922.52,1,1,1,74607.58,0
15789181,850,France,Female,37,3,0.0,3,1,1,143019.94,0
15730649,545,Germany,Female,30,0,114500.21,1,1,0,115944.02,1
15797607,466,France,Female,33,0,92260.4,2,0,1,31300.5,0
15776047,743,Germany,Male,34,2,144206.46,1,1,1,121158.58,0
15698863,454,Germany,Male,41,2,136096.29,1,0,1,6439.84,1
15787852,719,Germany,Male,32,5,0.0,1,1,0,173036.8,0
15602448,643,Germany,Female,33,2,0.0,1,1,0,3406.05,1
15761012,778,France,Female,52,7,102098.37,2,1,1,167250.65,0
15804149,712,Spain,Male,54,0,0.0,2,1,0,128415.0,0
15691764,710,Spain,Male,32,5,0.0,1,1,0,157697.27,0
15676480,700,Germany,Female,38,10,103116.13,2,0,0,94498.82,1
15808592,625,France,Male,43,5,135514.69,1,0,0,186913.82,0
15809800,671,France,Male,33,7,133488.04,1,1,1,100376.6,0
15696933,722,Spain,Male,36,2,0.0,1,1,1,81460.47,0
15594290,660,France,Female,61,6,72742.91,1,1,0,2929.87,0
15582935,749,Spain,Male,30,1,0.0,2,1,1,190368.18,0
15602495,624,Germany,Female,33,4,117226.02,1,0,0,160491.64,0
15624338,483,Germany,Female,33,10,79123.1,2,0,0,15632.32,0
15729615,630,Germany,Male,35,2,128782.24,2,1,1,82620.15,0
15705389,651,Germany,Male,39,5,0.0,3,1,1,106003.5,0
15771747,502,Germany,Female,38,6,92446.06,1,1,1,143243.01,0
15809210,818,France,Female,61,4,0.0,2,0,1,166124.71,0
15742313,511,Spain,Male,39,6,0.0,2,1,1,65648.97,0
15664030,622,Spain,Female,31,0,0.0,2,1,0,119264.94,1
15719189,476,Spain,Male,40,0,137514.51,2,1,1,96456.87,0
15606954,558,France,Female,26,5,0.0,2,1,1,178782.96,0
15590313,651,France,Female,46,6,0.0,1,1,1,94389.66,0
15714665,579,Spain,Male,40,10,128545.15,2,1,1,126371.15,0
15653704,737,Germany,Female,51,0,0.0,1,1,1,145050.51,1
15615532,455,France,Female,45,5,0.0,1,1,0,100233.26,0
15611023,612,France,Male,40,3,0.0,2,1,1,188039.61,0
15570618,529,France,Male,41,0,126285.97,1,1,1,183290.86,0
15676410,551,France,Female,54,6,0.0,2,1,1,24940.84,0
15686693,558,France,Female,29,9,131747.8,2,1,1,155542.05,0
15591561,566,France,Male,23,10,0.0,1,1,1,193588.8,0
15793257,625,France,Male,37,7,0.0,1,1,1,120368.68,0
15779776,706,France,Female,44,6,0.0,1,1,0,143513.19,0
15666903,588,France,Female,47,8,0.0,1,1,0,38955.43,1
15724193,568,France,Female,37,6,115226.29,1,1,0,132836.44,1
15754320,741,France,Female,48,4,0.0,1,1,1,33295.8,0
15574001,566,Germany,Female,33,3,93253.62,1,1,1,100015.28,0
15633214,753,Spain,Male,34,7,98336.32,1,1,1,29363.5,0
15643162,655,France,Male,35,2,156157.64,1,0,0,146212.93,0
15729937,593,France,Male,41,8,87200.19,2,1,0,11254.41,1
15641929,561,Spain,Female,42,7,74734.44,1,0,0,34368.92,1
15666252,723,Spain,Male,38,0,158165.74,2,1,0,139912.15,0
15702194,710,France,Male,34,9,191052.84,2,1,1,137677.9,0
15637603,834,France,Female,51,9,113694.81,2,1,1,39417.95,0
15581767,617,Germany,Male,39,1,0.0,2,0,1,193645.47,1
15569430,570,France,Male,35,7,164670.29,2,1,0,110302.04,1
15789698,498,Germany,Male,31,8,100166.4,1,1,1,182943.88,0
15639343,559,Germany,Male,22,2,0.0,1,1,0,91558.39,0
15705785,850,Spain,Female,27,4,96870.44,1,1,1,28554.64,0
15644072,738,Spain,Male,36,9,149066.12,2,1,1,105709.3,0
15642793,680,Spain,Female,44,8,129867.47,2,1,0,107913.11,1
15749069,828,France,Male,39,2,0.0,2,1,1,178128.43,0
15660371,663,Spain,Male,47,4,114729.52,2,1,0,56455.49,0
15589120,516,Germany,Female,50,0,91912.34,2,1,1,48204.04,1
15653017,724,Spain,Male,36,0,129926.53,1,1,0,131357.03,0
15637100,528,Germany,Female,53,8,64701.22,1,1,1,166014.45,1
15687285,600,France,Female,29,5,0.0,2,0,1,96816.3,0
15603412,623,Germany,Male,80,1,150926.84,2,1,0,149310.97,1
15735458,693,France,Female,35,8,0.0,1,1,0,171111.54,0
15678459,626,Spain,Female,37,7,0.0,2,1,1,110899.33,1
15674271,712,France,Male,36,7,145079.27,2,0,0,104791.39,0
15592854,739,France,Female,37,6,127864.49,2,1,1,199334.05,0
15748492,730,Spain,Male,35,4,162839.26,1,1,0,193703.27,1
15651945,850,France,Female,30,9,150142.91,1,1,1,77608.92,0
15684202,744,France,Female,34,9,134968.96,3,0,0,74414.78,0
15630892,498,France,Female,35,10,98546.02,1,0,0,175843.54,0
15637797,597,Spain,Female,35,2,0.0,1,1,0,165319.55,0
15590852,603,Spain,Male,40,3,114344.21,2,1,1,88461.33,0
15775715,587,France,Male,33,8,99906.78,2,1,0,6550.01,0
15635810,761,France,Male,63,5,116562.27,1,0,0,91802.33,1
15721937,492,France,Male,47,5,116408.48,2,1,1,119851.8,1
15636119,686,Germany,Male,36,2,109353.37,2,0,1,20544.19,0
15699727,661,France,Female,31,6,125991.21,1,0,1,67623.57,0
15764308,649,France,Female,23,3,0.0,1,1,1,171762.89,0
15766865,673,Germany,Male,45,10,0.0,1,1,0,169940.0,0
15689971,707,France,Male,35,7,85086.94,3,0,0,185801.04,0
15788877,533,France,Male,31,6,121182.71,1,1,1,139465.78,0
15665324,695,Germany,Male,27,10,0.0,1,1,0,53470.16,0
15574295,636,France,Female,43,3,134790.43,1,1,0,99234.84,1
15649944,662,France,Female,33,2,125861.05,1,0,0,125646.36,0
15686488,582,France,Female,38,5,68504.06,1,1,0,38913.32,1
15597936,705,France,Male,39,5,113204.64,1,1,1,51696.18,0
15698174,655,France,Female,40,4,0.0,2,1,0,177125.07,0
15683798,710,France,Male,29,7,139643.31,2,1,0,127818.43,1
15686513,669,France,Female,34,4,117674.81,1,1,0,166488.41,1
15603698,787,France,Female,58,5,154676.84,1,1,1,84555.83,0
15743591,594,France,Female,31,6,0.0,2,1,0,193018.28,0
15705279,789,Spain,Male,26,2,0.0,2,1,0,163188.93,0
15589146,578,France,Female,47,4,132069.36,1,0,1,92372.73,0
15786764,850,France,Female,38,6,101967.81,2,1,1,157487.93,0
15711302,644,Germany,Male,42,0,145169.46,2,1,0,149358.12,0
15752539,803,Spain,Male,34,1,0.0,2,1,1,136855.64,0
15747692,490,Germany,Male,35,6,0.0,4,1,1,56429.55,0
15612496,545,Germany,Male,30,7,113505.15,1,0,1,177135.09,0
15657706,681,France,Male,52,6,0.0,2,1,1,22210.89,0
15594226,727,Spain,Male,36,4,0.0,1,1,0,145104.23,0
15752945,645,Germany,Male,40,0,0.0,1,1,0,10969.08,0
15622282,685,Spain,Female,33,2,149190.38,1,1,1,94031.57,0
15618490,526,Spain,Female,29,1,0.0,2,1,1,105393.45,0
15800627,568,Germany,Male,41,0,118802.74,2,1,1,196920.46,0
15617282,603,Spain,Female,34,7,0.0,1,0,1,186573.86,0
15789793,720,Spain,Female,37,2,133111.92,1,0,1,2789.61,0
15592405,470,Spain,Female,56,8,0.0,1,0,1,163461.53,0
15707013,554,Spain,Male,45,0,75890.22,2,1,1,25442.66,0
15803365,608,France,Male,31,5,72754.08,1,1,1,112518.47,0
15721414,544,France,Female,34,8,129160.78,1,1,0,1020.53,0
15796406,690,France,Male,37,4,133715.3,4,1,1,121154.22,0
15582240,555,Spain,Male,29,7,0.0,1,1,1,166802.69,0
15761554,711,Spain,Male,36,0,99735.27,1,0,0,83437.75,0
15627985,736,France,Female,34,6,0.0,2,1,1,2297.58,0
15626834,616,Germany,Male,37,7,90887.45,1,1,0,103.74,1
15581729,616,France,Male,30,3,0.0,2,1,1,3399.6,0
15800006,543,Spain,Male,35,6,68972.98,2,1,1,22366.51,0
15787128,790,Germany,Male,41,1,0.0,2,1,0,62698.58,0
15771737,672,France,Female,42,9,132353.87,1,1,0,185291.06,0
15715889,717,Germany,Male,43,0,90211.6,2,0,1,59174.57,0
15730880,557,Germany,Female,50,2,103735.21,1,1,0,16862.12,1
15715202,850,France,Male,31,2,0.0,2,1,1,24480.62,0
15649065,559,Germany,Female,25,5,113325.95,3,0,0,159817.65,1
15764205,498,Spain,Male,36,2,104772.22,2,0,1,123093.41,0
15756828,674,France,Female,39,6,0.0,4,0,1,2741.9,0
15619408,694,France,Male,32,4,108758.01,1,1,0,16877.33,0
15677867,657,France,Male,38,8,113077.29,3,1,0,120235.08,0
15667497,834,Spain,Male,35,0,149900.73,1,1,0,61669.53,1
15726184,559,France,Male,56,7,87193.92,1,1,0,177269.28,0
15673486,625,Spain,Female,47,3,112256.3,2,1,0,159140.83,0
15788764,679,France,Female,30,5,0.0,1,1,0,130696.54,0
15736329,708,France,Female,47,7,101990.0,2,0,0,195807.65,1
15577242,533,France,Female,37,10,131621.08,2,1,0,181807.62,0
15769727,715,Germany,Female,33,3,0.0,1,0,1,175781.95,0
15765676,737,France,Female,32,3,101922.73,1,0,0,34881.46,0
15624266,654,Spain,Male,43,10,60740.15,2,0,1,123865.23,0
15716193,690,France,Female,24,3,0.0,2,0,0,84485.64,0
15744670,663,France,Female,45,1,189959.18,2,1,0,152599.42,1
15742418,595,France,Male,37,3,0.0,1,0,1,22555.51,0
15574803,798,Germany,Male,24,3,0.0,1,1,1,73010.93,1
15580024,659,France,Female,35,4,0.0,1,1,0,31732.77,0
15785977,741,Germany,Male,40,6,0.0,2,0,1,151847.05,0
15606176,642,France,Female,40,2,0.0,3,0,1,40549.95,0
15807504,507,France,Male,78,1,0.0,2,1,1,157973.28,1
15754702,609,France,Female,30,1,151187.88,1,1,1,133487.47,0
15626074,649,France,Female,33,2,0.0,1,1,0,169993.67,0
15629489,594,France,Female,35,3,0.0,1,1,0,171087.41,0
15798930,665,Spain,Female,43,1,191732.12,1,1,0,21992.64,1
15669544,560,France,Male,50,9,116797.04,2,1,1,56298.6,0
15681932,592,France,Female,31,8,103452.79,2,0,1,136422.37,0
15647945,647,Germany,Male,33,3,0.0,1,1,0,15549.81,0
15606649,730,Germany,Female,50,7,96798.6,1,1,0,156640.92,1
15650216,571,Spain,Male,45,8,0.0,1,0,0,133575.62,0
15747246,746,Germany,Female,32,8,0.0,1,1,1,99484.37,1
15815656,678,France,Male,60,9,141637.18,2,1,1,143078.17,1
15773209,663,France,Male,39,2,150745.17,4,1,0,97506.16,0
15584223,555,Germany,Female,66,4,137840.86,2,0,0,41428.51,1
15634673,482,France,Male,32,8,143291.68,2,1,0,2854.41,0
15575245,748,France,Male,32,10,0.0,2,1,0,195999.07,0
15716518,585,France,Female,34,3,86704.98,2,0,0,197673.75,1
15771286,850,Spain,Male,23,4,0.0,1,1,1,92672.59,0
15708816,625,Spain,Male,40,5,164271.07,1,0,0,196797.7,1
15647952,680,France,Male,32,2,0.0,1,1,1,75694.99,0
15811190,779,Spain,Female,36,5,0.0,1,1,0,175365.59,0
15706655,683,France,Female,30,3,0.0,1,0,0,32338.83,0
15770897,742,Spain,Male,46,5,83309.15,2,1,1,147555.84,0
15727706,733,Germany,Female,43,5,0.0,1,1,0,162830.16,1
15629318,646,Germany,Female,42,3,119789.16,1,1,0,33944.9,0
15581107,590,France,Female,37,6,153203.85,2,1,1,15211.82,0
15727901,797,France,Male,33,4,158531.88,1,0,0,16635.68,1
15656327,596,Germany,Female,41,1,119223.3,1,1,1,92682.23,0
15738306,746,Germany,Male,40,10,140526.47,1,1,1,28782.86,1
15754111,640,France,Female,47,3,71472.68,1,0,1,163376.28,1
15801724,597,France,Male,38,1,127968.35,2,1,0,113051.46,0
15759600,540,Germany,Female,37,2,0.0,2,1,0,40132.1,0
15673575,420,France,Female,35,4,0.0,2,1,0,149802.75,0
15693198,724,Germany,Male,34,10,0.0,2,1,0,87599.64,0
15671055,574,Spain,Female,29,2,137645.88,2,1,1,35608.89,0
15801831,744,Germany,Female,29,6,103901.39,1,0,0,28130.98,1
15615734,806,France,Male,44,4,142866.98,2,1,1,91943.5,0
15780954,744,France,Female,28,1,94667.56,1,0,0,90039.35,0
15706990,682,France,Female,54,6,0.0,2,0,0,72793.14,1
15812498,577,Germany,Male,42,9,0.0,2,1,1,43379.03,0
15654009,422,France,Female,59,2,86232.62,1,1,0,187503.72,0
15607206,710,Germany,Male,57,2,0.0,1,1,0,192191.21,0
15683134,698,France,Male,41,10,146436.66,2,1,0,190623.87,1
15627814,550,France,Male,38,2,149135.65,2,1,0,57588.44,0
15585392,793,Spain,Female,34,0,100378.53,1,0,1,112677.27,1
15711909,633,France,Male,45,10,0.0,2,1,0,40503.92,1
15738210,691,Germany,Male,46,1,184172.21,2,1,0,51776.8,1
15717220,609,France,Male,58,7,0.0,1,0,0,112747.91,1
15580431,726,Spain,Male,43,2,0.0,1,1,1,103639.95,0
15788642,699,Spain,Female,53,2,90356.91,2,1,1,72801.89,1
15590464,669,France,Female,51,2,171694.97,2,1,0,3401.49,0
15738659,596,Spain,Female,38,10,0.0,1,0,1,50946.15,0
15714316,555,France,Male,27,3,113057.62,1,1,1,139228.2,0
15683300,538,Spain,Female,35,1,0.0,1,1,0,58903.26,0
15792647,680,Spain,Male,37,10,0.0,1,1,1,45520.89,0
15707657,642,France,Female,39,1,131959.36,2,1,1,196462.35,1
15786036,714,Spain,Male,41,3,0.0,3,1,0,22243.47,0
15700994,567,France,Female,32,10,0.0,2,0,1,168477.33,0
15607320,702,Spain,Male,31,4,100864.5,2,1,1,103681.04,0
15589401,631,Spain,Female,66,5,0.0,2,0,1,168627.18,0
15588635,642,Spain,Male,35,5,0.0,1,1,0,842.62,0
15738988,798,France,Male,34,6,143382.72,1,1,0,33901.5,0
15648002,704,France,Female,40,7,59107.24,2,1,0,46364.71,1
15713410,472,Spain,Male,42,6,147545.17,1,1,0,33547.51,0
15767811,614,Germany,Male,40,8,0.0,1,1,1,22531.0,0
15708170,646,Germany,Male,37,8,0.0,1,1,0,148858.57,0
15589834,711,France,Female,38,5,126968.65,1,1,1,72865.63,0
15647242,671,Germany,Female,27,8,148978.14,2,0,1,71343.15,0
15597966,698,Spain,Male,39,5,0.0,2,0,0,151096.32,1
15774515,625,France,Female,29,1,0.0,2,0,0,53708.17,0
15594217,589,France,Female,39,3,148896.73,1,1,0,144509.84,0
15745779,771,Germany,Male,40,2,127723.75,3,1,0,57847.31,0
15608726,666,Germany,Male,47,1,0.0,2,0,1,132587.35,1
15708146,581,France,Female,37,2,160381.23,1,1,0,59284.94,0
15731338,649,Spain,Male,28,0,75623.18,2,1,1,191779.16,1
15600839,701,France,Female,35,6,146336.61,1,1,0,21307.35,1
15727921,537,France,Male,33,4,122649.44,1,1,0,52163.04,0
15764389,653,Germany,Male,29,4,85769.97,3,1,1,113386.9,0
15685662,528,Spain,Female,27,5,109598.79,1,1,1,126714.25,0
15571561,660,Spain,Male,28,10,127022.14,1,1,1,43826.36,0
15701157,702,Germany,Female,41,7,0.0,1,1,1,23912.45,1
15582092,825,Spain,Male,40,0,0.0,1,0,0,93032.04,0
15753226,570,Spain,Female,30,8,90117.84,1,1,1,14508.61,0
15719252,668,France,Female,41,2,0.0,2,1,0,124555.18,1
15808237,739,Germany,Male,33,3,96553.24,2,0,0,147821.67,0
15720831,725,Spain,Male,28,9,0.0,2,1,0,103932.73,0
15717997,682,Germany,Male,48,0,85013.61,2,0,0,114338.21,1
15574079,641,Germany,Male,29,3,108106.66,2,1,0,199450.72,1
15593242,778,France,Female,53,5,132886.38,2,1,0,72745.23,0
15625909,575,Spain,Female,39,4,0.0,2,0,1,87756.77,0
15571971,733,Spain,Male,54,1,94331.07,1,1,1,133376.24,0
15763325,657,France,Female,38,6,141680.88,2,1,0,11238.15,0
15723190,648,France,Male,62,9,81381.43,2,1,0,119756.35,0
15720088,788,France,Female,28,5,116985.32,2,1,0,153533.34,0
15631070,577,France,Male,39,9,0.0,4,1,0,63181.45,0
15680843,466,Spain,Female,41,9,0.0,1,0,0,130550.93,0
15653042,544,Spain,Male,25,2,101101.54,2,1,1,151080.56,0
15731354,451,France,Female,33,6,103566.47,1,1,1,24070.8,0
15633027,468,Spain,Female,33,2,146611.73,2,1,0,4684.81,0
15796214,805,Germany,Female,36,8,97389.43,1,1,1,6077.21,0
15776176,656,Germany,Female,47,4,0.0,1,1,0,15429.02,1
15581348,767,Spain,Female,38,1,125055.94,1,0,0,52129.3,1
15686205,640,France,Male,35,2,102146.79,2,1,0,2310.43,0
15575570,741,Spain,Male,43,2,118630.1,3,1,0,24891.87,0
15792051,723,France,Male,32,0,0.0,2,1,0,19991.27,0
15572665,601,France,Female,35,4,64431.08,1,1,0,130603.36,0
15635365,498,France,Female,32,7,130112.23,1,0,1,53031.08,0
15792906,669,Spain,Male,37,0,87221.87,1,1,1,95438.94,0
15633840,624,France,Male,33,10,75136.08,2,0,0,133894.65,0
15654341,573,France,Male,38,10,212566.52,2,0,1,187349.51,0
15634121,620,France,Female,31,10,110090.2,2,1,0,117584.75,0
15603170,804,France,Male,41,4,171163.6,2,0,0,170558.37,1
15778595,498,France,Male,29,9,0.0,1,1,1,94882.23,0
15579565,850,France,Male,37,3,86099.75,2,1,1,142633.13,0
15614982,446,Germany,Male,57,8,0.0,1,1,0,108675.62,1
15736744,628,France,Male,40,0,104466.28,1,1,0,163698.07,1
15772564,768,France,Male,42,0,108663.01,2,1,1,168211.45,0
15596236,647,Germany,Male,30,5,141638.58,1,0,0,160713.27,0
15714436,567,Spain,Male,29,10,0.0,2,1,1,179961.94,0
15796822,820,Germany,Female,39,3,75793.7,1,1,0,151331.74,0
15621103,652,France,Female,38,2,154082.07,2,1,0,81063.85,1
15624990,594,Spain,Male,40,9,0.0,2,0,1,121213.03,0
15698773,652,France,Male,36,8,92201.63,2,1,0,5818.36,0
15617524,559,France,Male,34,0,127358.54,2,0,0,96219.81,0
15689425,633,France,Female,34,8,151745.4,1,1,1,69191.92,0
15632936,435,Germany,Female,30,4,149281.22,1,1,0,166329.71,1
15609702,577,France,Female,54,1,113807.38,1,1,1,91054.69,0
15658100,751,France,Female,38,4,128419.25,2,1,0,83682.58,0
15728149,767,France,Female,30,5,0.0,1,1,1,84961.59,0
15693759,570,Germany,Female,33,2,0.0,2,1,1,74144.03,0
15669730,644,Spain,Female,59,8,137899.16,1,0,1,175469.99,0
15719905,681,France,Female,32,4,194494.39,2,0,1,162544.03,0
15786849,585,Spain,Female,29,4,114514.41,1,1,1,165654.19,0
15808354,661,France,Male,38,9,109793.68,1,1,1,81862.04,0
15777284,782,France,Female,42,3,0.0,1,1,1,48366.28,0
15733417,554,France,Male,44,3,0.0,1,1,1,146335.0,0
15688671,639,France,Male,27,3,0.0,2,0,1,157011.43,0
15748556,652,France,Male,27,5,106131.12,1,1,0,177014.15,0
15801218,711,Germany,Female,33,7,0.0,2,1,1,111505.93,0
15597580,691,Germany,Female,37,8,165003.67,1,1,0,25571.24,0
15709913,566,Spain,Male,34,9,0.0,1,1,0,120782.99,1
15764704,689,Germany,Female,40,5,134269.32,2,1,0,106864.67,1
15594909,475,Spain,Female,37,3,0.0,2,1,1,121955.57,0
15768135,711,France,Male,52,4,116389.27,2,1,1,190574.35,0
15737322,680,Spain,Male,51,4,0.0,2,0,0,47113.05,1
15776467,533,France,Male,26,7,0.0,1,1,0,28546.16,0
15729114,780,Germany,Male,35,1,0.0,2,0,1,33363.75,0
15582625,687,Spain,Male,35,7,0.0,1,0,0,188581.37,0
15595339,677,France,Female,55,5,0.0,2,0,0,92406.61,1
15786587,677,France,Female,34,8,0.0,2,1,1,137632.24,0
15613918,685,France,Male,41,5,0.0,1,1,0,77775.72,1
15660961,697,Spain,Male,47,7,122983.92,2,1,1,26210.72,1
15632906,514,France,Male,27,4,126720.17,2,1,0,128906.75,0
15811862,615,Germany,Male,30,10,108844.83,2,1,0,153175.66,0
15757484,572,France,Male,60,9,100713.05,1,0,1,34830.52,0
15690591,778,France,Male,29,0,88199.62,2,0,1,113739.08,0
15728418,654,Germany,Male,38,9,60402.28,2,1,1,80807.5,0
15578125,631,France,Male,38,3,0.0,1,1,1,94257.2,0
15712555,663,Spain,Male,42,3,104985.26,1,1,0,13188.9,0
15658206,793,Spain,Female,26,0,0.0,1,0,1,133228.04,0
15680557,714,Germany,Female,41,5,0.0,1,1,1,3979.69,0
15783124,642,France,Male,40,5,146052.66,1,1,1,15909.19,0
15629459,635,France,Male,49,2,0.0,1,1,1,145491.8,0
15799523,588,Germany,Female,54,9,0.0,1,0,0,188528.35,1
15568487,513,Spain,Female,40,4,88087.33,1,0,1,197487.71,0
15643194,589,Spain,Female,29,7,0.0,2,1,1,168118.77,0
15602469,626,Spain,Male,31,1,0.0,1,1,1,88795.62,0
15767907,700,France,Male,32,1,0.0,2,0,1,198590.85,0
15586530,633,Germany,Male,24,8,0.0,2,1,0,26700.44,0
15587959,584,Spain,Female,42,8,110040.2,1,1,1,134761.79,0
15611833,566,France,Female,54,3,142452.58,1,1,0,132623.89,1
15580419,504,France,Male,53,9,56459.83,1,0,0,88518.91,1
15762677,850,Spain,Female,32,10,148359.09,1,1,0,55201.32,0
15580978,506,Germany,Male,30,8,105363.52,1,1,1,14906.5,0
15585401,631,Germany,Male,38,5,0.0,1,1,1,107563.85,1
15570728,778,Spain,Male,34,8,177551.0,2,0,0,135402.48,0
15742112,603,France,Female,37,7,0.0,2,0,0,176487.88,0
15667440,549,Germany,Male,25,9,134211.78,1,1,1,6886.69,0
15637952,700,France,Male,35,2,169203.39,1,1,1,79237.88,0
15602084,629,France,Female,34,2,99137.46,2,1,0,7363.6,0
15782708,745,France,Female,37,5,128208.49,2,0,1,81949.41,0
15596769,684,Spain,Female,32,1,92569.66,2,0,1,58731.48,0
15639924,689,Germany,Female,38,5,0.0,2,0,1,61914.77,0
15710265,814,Spain,Female,30,10,132842.27,1,1,1,122961.99,0
15645344,383,France,Female,34,7,67893.37,1,1,1,192395.21,0
15590254,534,France,Male,45,1,189057.54,2,0,1,52558.24,0
15801768,645,France,Male,37,5,41159.92,1,1,1,74144.44,0
15801549,565,France,Female,31,1,116721.25,2,1,1,4911.59,0
15688000,646,France,Male,34,4,0.0,3,1,1,70181.89,0
15738409,677,Germany,Male,33,6,117245.49,1,1,0,115612.83,0
15587317,850,Germany,Male,62,0,0.0,1,1,0,140748.21,0
15757421,627,France,Male,53,4,82242.87,2,1,0,133376.49,1
15590626,614,France,Male,54,5,109323.92,1,0,1,123266.02,0
15724851,651,Germany,Male,29,10,0.0,2,0,0,110028.23,0
15594298,770,France,Female,34,3,116499.67,1,1,1,80102.89,0
15673385,700,France,Male,37,1,0.0,1,1,1,76489.7,1
15764158,719,France,Male,44,8,119027.56,2,0,1,157664.87,0
15800941,632,Germany,Male,42,7,125303.03,2,1,1,124323.84,0
15656896,668,France,Male,38,9,115700.24,1,1,0,7791.12,0
15687367,608,Germany,Male,39,8,91716.02,2,0,1,185604.86,0
15597883,775,France,Female,56,5,135062.1,1,1,1,54211.28,1
15751411,534,France,Female,38,6,115214.63,2,0,1,175219.12,0
15762603,786,Germany,Male,39,6,0.0,2,1,1,143478.58,0
15667298,731,Germany,Female,44,0,69000.0,2,0,1,190261.88,1
15643457,645,France,Male,36,9,0.0,2,1,0,132875.21,0
15624930,712,Spain,Male,55,7,145206.89,1,1,1,66579.01,0
15775823,747,Germany,Male,41,9,0.0,2,1,0,100104.7,1
15808367,717,Spain,Male,52,7,101027.36,1,1,1,44529.58,0
15743250,794,France,Male,32,5,99054.39,2,1,0,70485.24,0
15752816,716,Spain,Female,26,2,104580.8,1,0,0,170911.42,0
15640585,722,France,Male,32,1,0.0,1,1,1,85006.11,0
15631181,600,France,Female,58,3,119664.0,1,1,1,12345.99,1
15590423,770,Germany,Female,37,7,0.0,1,0,0,139913.91,0
15709986,657,France,Male,44,0,124191.28,2,0,0,157747.86,0
15632854,606,France,Male,27,3,0.0,1,1,0,199394.05,0
15594944,850,France,Female,26,5,113238.29,2,1,0,94934.09,0
15583231,700,Spain,Male,24,10,0.0,2,0,1,59134.55,0
15630648,803,France,Male,34,9,0.0,2,1,1,75827.15,0
15794961,506,Germany,Male,48,6,123635.55,2,1,0,106874.53,1
15682040,748,France,Female,43,2,0.0,2,1,0,180795.14,0
15743709,466,France,Male,27,7,125470.52,1,1,1,116738.2,0
15655558,492,France,Female,39,4,137849.1,1,1,0,74332.47,0
15701050,649,Spain,Female,57,4,115903.12,1,1,1,177598.02,0
15595593,750,France,Male,26,4,0.0,2,1,1,103048.89,0
15708212,680,France,Male,29,0,129057.52,2,0,0,93336.41,0
15749130,710,Spain,Male,29,7,0.0,1,1,1,2790.84,0
15814091,464,Spain,Male,40,8,0.0,1,1,0,5945.26,0
15808327,782,France,Male,35,2,0.0,1,0,1,151214.31,0
15759091,641,France,Female,55,8,106572.17,1,0,0,14191.09,0
15582489,502,France,Female,33,1,0.0,2,0,0,30121.85,0
15699318,674,Spain,Female,34,8,132841.59,1,1,0,14139.78,0
15582655,710,Germany,Female,26,9,115760.71,2,1,0,4481.05,1
15644991,712,France,Male,39,10,0.0,2,1,0,31818.2,0
15599428,615,France,Female,31,10,64841.61,2,0,1,159455.74,0
15676692,703,Spain,Female,35,10,122310.86,1,1,1,78600.25,0
15675974,549,France,Male,36,9,117631.7,2,1,1,43361.66,0
15627534,711,Spain,Male,28,4,63186.85,2,0,1,178869.47,0
15569544,701,France,Female,42,7,0.0,1,1,0,16674.69,1
15587889,610,France,Male,30,10,0.0,1,0,1,122231.04,0
15811879,715,France,Female,41,5,106435.09,1,1,1,144865.6,0
15751031,703,Spain,Male,36,6,0.0,2,1,1,151714.22,0
15712055,539,France,Male,51,10,152101.85,1,1,0,182221.53,1
15721793,724,Germany,Female,33,1,0.0,1,1,0,32452.72,0
15680222,782,Germany,Male,29,9,0.0,1,1,0,150970.35,0
15751154,812,Spain,Male,53,4,0.0,2,1,0,162163.84,0
15758632,680,Germany,Female,33,2,0.0,1,0,1,105425.93,1
15571030,666,Germany,Female,52,5,0.0,1,0,0,189464.54,1
15663881,631,Germany,Male,28,10,118153.09,2,0,1,111879.27,0
15594987,796,France,Female,42,1,118159.97,2,1,0,68334.89,0
15584900,365,Spain,Male,29,10,105303.64,1,1,0,33518.66,0
15737382,789,France,Female,48,5,76989.97,1,1,0,127639.23,1
15624337,607,Germany,Male,41,3,0.0,1,0,1,78556.01,0
15689924,524,France,Male,52,9,128691.35,2,0,1,145981.77,0
15576064,735,Spain,Female,42,4,125258.88,1,1,1,99164.78,0
15698928,669,France,Male,47,1,0.0,2,1,1,8595.32,0
15587126,695,Spain,Male,30,4,0.0,1,0,0,110871.58,1
15599221,609,France,Male,28,0,0.0,1,1,0,38267.55,0
15756092,661,France,Male,45,4,103854.08,2,1,0,157829.71,1
15660275,560,Spain,Male,40,2,89454.17,2,1,0,92241.56,0
15697208,693,Germany,Male,53,6,0.0,1,0,0,166270.51,1
15779548,703,France,Male,37,0,160997.48,1,1,0,14949.3,0
15794919,597,France,Female,44,5,91998.81,2,1,0,28177.83,1
15701420,788,France,Female,42,7,0.0,1,1,0,134383.04,1
15580957,537,Spain,Male,44,8,141607.29,1,1,1,168340.02,0
15639163,664,France,Male,36,4,144729.7,2,1,0,102299.8,1
15608561,633,France,Female,27,4,126040.23,1,1,0,28987.37,0
15749257,723,France,Female,45,4,0.0,1,1,0,63129.64,0
15575791,678,France,Male,36,6,120774.17,1,1,0,148089.63,1
15590995,611,France,Female,38,5,0.0,2,1,1,194101.57,0
15796918,668,France,Female,29,3,129740.18,2,1,1,77941.88,0
15797464,686,Germany,Female,48,8,0.0,2,1,0,146289.6,1
15737289,520,France,Female,46,4,0.0,2,1,1,130625.45,0
15577866,727,Spain,Male,47,6,128619.48,1,1,0,133616.06,1
15698422,536,Spain,Female,30,2,123915.2,2,1,1,141497.95,0
15811163,692,Spain,Female,44,9,0.0,1,0,0,139894.35,0
15613961,530,Germany,Female,39,5,108345.74,1,1,1,148316.97,0
15607839,629,Germany,Male,42,9,127812.62,1,1,1,91342.22,1
15695066,670,France,Male,41,1,121181.22,1,1,0,52905.42,1
15584751,617,Spain,Female,63,10,0.0,1,1,0,84865.86,1
15682455,641,Spain,Female,36,10,0.0,1,1,1,184356.13,0
15739026,598,France,Male,32,2,0.0,1,1,0,11044.56,0
15641231,684,Spain,Female,30,7,0.0,2,1,0,53029.58,0
15584559,657,France,Male,40,9,137673.46,2,0,1,146206.09,0
15746089,559,France,Female,45,4,105773.28,1,1,1,111748.29,0
15578265,538,France,Male,44,10,99261.67,2,1,0,134745.91,1
15808223,750,France,Male,40,9,0.0,2,1,1,106045.55,1
15645020,600,Spain,Female,25,10,108338.43,1,1,0,75745.36,0
15755056,546,Spain,Female,32,4,0.0,2,1,1,182083.44,0
15700331,540,Germany,Male,44,9,105821.73,2,1,0,79496.3,0
15665415,595,Spain,Female,34,3,0.0,2,1,1,150275.94,0
15749585,745,Spain,Male,36,2,0.0,2,0,0,8819.4,1
15574805,654,France,Female,27,5,108072.68,1,1,0,58855.06,0
15692813,627,Germany,Female,56,10,0.0,1,1,0,196988.36,0
15722856,673,Germany,Female,26,3,0.0,1,1,0,141501.75,1
15616440,647,France,Female,27,1,98929.51,1,1,1,1750.97,1
15608806,617,France,Male,24,7,0.0,1,1,0,121198.9,0
15598112,582,Germany,Male,28,2,0.0,1,0,1,151569.07,1
15811966,792,Spain,Female,30,5,48592.78,1,1,1,6012.36,0
15771772,639,Spain,Female,45,6,142057.7,1,1,0,42302.85,0
15661536,694,Germany,Male,40,6,112734.42,2,0,0,35689.48,1
15582023,661,France,Male,34,1,145072.97,2,1,0,10392.69,0
15766473,687,France,Female,36,0,77296.21,1,1,1,103155.13,0
15725805,618,Germany,Female,29,6,0.0,1,1,0,196316.13,1
15567931,850,Spain,Male,24,8,0.0,2,0,1,184193.58,0
15773220,521,France,Male,43,1,97152.18,2,1,1,77061.14,0
15803516,647,France,Male,35,1,110659.77,2,0,0,160274.29,1
15757244,761,Germany,Female,53,7,134215.87,1,1,1,169173.68,0
15589240,661,France,Female,55,8,183602.61,2,1,1,43794.86,1
15785069,495,France,Male,29,7,115184.18,2,1,0,118244.21,0
15580956,586,Spain,Female,27,1,155214.76,2,0,1,2867.34,1
15678654,382,France,Female,38,1,105579.84,2,1,1,176095.72,0
15707778,647,France,Male,46,8,106479.12,2,1,1,8170.7,0
15799006,546,France,Male,32,6,58768.93,1,0,1,115706.96,0
15641696,720,France,Female,47,2,0.0,1,1,0,39803.88,0
15624245,763,Germany,Male,39,3,0.0,2,1,0,168558.86,0
15580167,602,Spain,Male,31,4,0.0,1,1,0,170879.08,0
15777797,693,France,Female,35,9,0.0,2,1,0,192216.0,0
15772773,554,Germany,Female,30,2,124102.62,1,0,1,95529.58,0
15608957,771,Germany,Female,36,8,0.0,1,0,0,31939.24,0
15603888,538,France,Female,42,1,0.0,1,1,0,134463.07,0
15600601,685,France,Male,33,2,144494.5,1,0,1,124103.89,0
15606797,559,Germany,Female,46,3,145362.11,1,1,0,34035.75,0
15688637,681,France,Male,37,4,137241.15,2,1,1,150438.07,0
15673175,670,France,Male,46,2,116004.83,1,1,1,83095.54,1
15633897,802,Spain,Male,44,7,0.0,2,1,0,7864.57,1
15649566,541,France,Male,33,8,0.0,1,0,1,59974.06,1
15647782,489,Spain,Male,48,7,0.0,2,0,0,84818.79,0
15579524,588,France,Male,32,7,104724.26,1,1,1,110272.76,0
15591852,777,Spain,Male,44,4,0.0,1,1,1,173687.58,0
15690616,508,Germany,Male,29,3,53529.96,1,1,1,154267.34,1
15756087,450,France,Female,32,3,98794.86,2,0,1,70041.67,0
15574961,616,France,Female,40,5,129218.14,1,1,1,85867.72,0
15744490,477,France,Female,35,3,110069.77,1,1,1,63296.9,0
15689550,671,France,Male,43,9,0.0,2,1,0,154487.83,0
15776561,587,Spain,Female,28,2,133477.46,1,1,1,144815.06,0
15616319,578,France,Male,32,3,0.0,2,1,1,127826.42,0
15748557,582,France,Female,60,0,107730.97,1,1,1,152646.75,0
15610916,531,France,Female,33,9,106509.45,2,1,0,53939.28,0
15721645,551,France,Female,29,0,0.0,1,0,0,176698.51,0
15611729,625,France,Female,25,8,0.0,1,0,0,94216.4,1
15594204,526,France,Female,52,6,163263.02,2,0,0,124504.4,0
15739224,571,Spain,Male,35,10,75955.66,2,0,0,118255.95,0
15607062,650,Germany,Female,38,10,71748.79,1,0,1,93754.17,0
15770371,682,Germany,Female,44,7,0.0,1,0,1,80263.9,0
15635634,492,France,Male,28,9,0.0,2,0,1,141318.44,0
15597102,685,Germany,Female,44,4,0.0,1,1,1,134663.93,0
15737184,814,Germany,Male,43,10,154644.89,2,1,0,152612.37,1
15751159,628,France,Female,34,1,0.0,1,0,1,76697.83,0
15619117,654,Spain,Female,23,1,127966.98,2,0,1,143820.36,0
15600072,688,Spain,Female,50,2,0.0,2,1,1,29524.66,1
15802826,512,France,Female,34,4,157553.13,2,1,1,186615.38,0
15580676,754,Spain,Male,28,5,0.0,2,1,1,122589.76,0
15586251,701,Spain,Male,41,4,0.0,1,1,0,73480.62,0
15632836,402,France,Female,42,6,92273.12,2,1,0,175072.11,1
15703869,685,France,Male,45,10,124798.24,1,1,1,107420.11,1
15567313,706,France,Male,47,5,0.0,1,1,0,27661.58,1
15700551,695,Germany,Female,29,8,161598.45,2,1,1,171076.16,0
15687600,651,Germany,Male,44,9,0.0,2,1,1,158923.18,0
15702858,667,France,Male,25,0,123084.96,2,1,0,157294.38,0
15728143,704,France,Female,48,4,28491.04,2,0,0,13561.04,1
15781881,759,Spain,Female,34,0,0.0,1,1,1,5375.54,0
15808037,478,Spain,Male,31,2,105383.84,2,1,0,155104.38,1
15600035,663,Spain,Male,29,10,117757.42,3,1,1,161363.65,0
15767656,704,France,Male,46,2,147043.64,2,1,0,48543.79,1
15637476,510,Spain,Female,60,9,104050.92,2,1,0,80240.62,1
15579388,479,Germany,Female,29,2,141997.93,2,0,1,158972.47,0
15598798,527,France,Male,30,3,107686.9,2,1,1,35290.99,0
15719301,706,Spain,Male,30,6,130209.07,2,1,1,167385.49,0
15799646,618,France,Female,36,5,108697.79,2,0,0,174036.03,0
15786688,658,Germany,Female,41,1,0.0,1,0,1,174157.63,0
15575128,745,France,Male,26,3,0.0,1,1,0,173419.07,0
15741951,606,Germany,Female,49,1,0.0,1,1,0,188423.62,1
15720014,640,Germany,Female,39,2,120477.43,2,0,0,11034.34,0
15765542,678,France,Male,39,4,106094.98,1,1,0,176774.69,1
15718511,792,Spain,Female,47,3,80312.71,2,1,1,35314.85,0
15683474,645,France,Male,44,10,186094.85,2,0,0,98524.36,1
15573689,509,France,Female,29,0,125872.9,2,1,0,94412.58,0
15714278,645,France,Female,51,9,0.0,1,1,1,134432.69,0
15683562,461,France,Male,44,0,0.0,1,1,1,97635.79,0
15810231,610,France,Male,40,1,73082.99,2,1,1,112207.68,0
15777821,653,France,Male,57,10,0.0,1,0,1,2780.31,0
15792896,850,France,Female,46,3,121883.02,1,1,0,159243.43,0
15805373,597,Germany,Female,29,0,0.0,2,0,1,102592.01,0
15709088,683,Germany,Male,51,9,116125.69,1,1,0,102977.11,1
15746976,693,France,Male,30,8,101710.35,1,1,0,26213.74,0
15588762,534,France,Female,44,7,117240.62,1,1,0,190849.17,0
15582002,657,Germany,Female,28,5,111424.83,2,1,0,101407.34,1
15794036,681,Germany,Male,28,0,126248.9,2,0,0,137312.39,0
15745292,564,France,Female,36,5,0.0,2,0,1,183242.91,0
15751712,659,Germany,Male,34,1,0.0,2,1,1,44439.01,1
15612771,556,France,Female,36,2,0.0,2,0,0,185668.65,0
15638033,541,Spain,Male,32,0,0.0,2,1,0,4366.54,0
15613096,650,Germany,Male,26,9,0.0,2,1,0,185052.49,1
15685609,685,France,Female,31,4,0.0,1,1,0,117378.11,0
15681465,690,France,Male,28,8,171367.62,1,0,0,95333.33,0
15783604,637,France,Male,40,6,88911.28,2,0,1,145515.45,0
15797637,768,France,Male,28,3,0.0,2,1,0,116877.15,0
15731674,850,France,Male,30,3,182636.29,2,1,0,26341.69,0
15665176,659,France,Male,66,1,116346.85,2,1,1,83540.6,1
15599935,692,France,Male,27,2,123378.11,2,1,0,184395.92,0
15795948,617,Spain,Female,56,3,0.0,1,1,1,66875.85,1
15579197,618,Spain,Male,33,0,122338.23,2,0,0,177929.37,0
15754888,587,Spain,Male,39,6,0.0,1,1,1,41948.79,0
15791350,700,France,Female,30,2,0.0,2,0,1,121213.1,0
15572112,527,France,Female,37,10,162088.14,2,1,0,33653.23,0
15600391,616,France,Male,50,2,121048.64,1,1,0,188494.32,0
15738494,819,France,Male,40,2,0.0,2,1,0,131440.27,0
15700713,636,France,Female,36,3,0.0,2,0,0,86660.93,0
15754924,620,Germany,Male,30,3,84502.6,1,1,1,75999.22,0
15619680,580,France,Male,26,2,0.0,1,1,1,188478.39,0
15580578,844,France,Female,46,4,157084.95,2,1,0,182396.78,1
15598452,619,Spain,Female,38,10,145276.16,2,0,0,56772.52,0
15742034,850,Germany,Female,45,10,116779.16,2,1,0,146268.15,1
15745690,672,France,Male,43,5,0.0,2,1,0,33860.79,0
15743169,680,France,Female,47,5,124866.87,1,0,1,157371.99,0
15723523,691,France,Female,44,9,118489.81,2,1,0,105362.08,1
15577707,491,Germany,Female,36,10,147699.0,1,1,0,1710.84,0
15587722,808,Spain,Male,46,0,134984.33,2,1,1,81663.57,1
15658699,625,Germany,Male,36,6,0.0,1,1,0,189308.24,0
15787688,645,France,Female,34,0,0.0,2,1,0,92551.84,0
15776372,543,France,Female,34,10,135084.61,1,1,1,15696.59,0
15786722,604,France,Male,35,9,0.0,1,1,1,113784.41,0
15725009,569,France,Male,30,0,115571.46,1,1,1,78379.38,0
15724013,723,Germany,Male,31,3,0.0,1,1,1,136654.9,0
15698708,658,Germany,Female,30,3,0.0,2,0,1,149383.84,0
15579719,788,Spain,Female,40,2,135580.7,2,1,1,103152.41,0
15741012,702,France,Male,61,0,157171.81,1,1,0,144897.02,1
15741569,834,France,Female,38,4,101667.02,2,1,0,42686.21,0
15785496,850,Spain,Male,22,0,162524.6,1,0,0,150582.31,1
15615356,580,Germany,Male,27,5,93856.6,2,1,0,94147.75,0
15598795,649,Germany,Female,29,5,95304.04,2,0,0,195022.22,0
15773447,679,France,Female,40,2,75137.82,1,0,1,163220.99,0
15648384,701,Germany,Male,57,4,0.0,1,1,0,20830.94,0
15805689,579,Spain,Female,39,3,132926.0,2,1,0,103513.18,0
15669452,652,France,Female,41,4,149047.05,1,1,0,55254.1,0
15635473,715,Spain,Female,29,2,0.0,2,0,0,111494.53,1
15684466,722,Spain,Female,33,3,0.0,1,0,0,114040.35,0
15672606,626,France,Female,38,2,0.0,2,0,0,65171.67,0
15576507,534,Spain,Male,28,3,134967.8,1,0,1,94047.73,0
15594843,745,France,Male,29,10,152507.59,1,0,1,169741.64,0
15671483,627,France,Male,49,1,115953.72,2,1,1,78655.99,0
15664730,789,Spain,Female,54,4,134218.31,2,1,1,88249.46,0
15682314,610,France,Male,31,6,97726.17,1,0,1,152828.92,0
15688403,604,France,Female,38,5,93678.37,2,1,1,196857.67,0
15646832,597,Spain,Male,48,8,117891.29,2,0,1,43833.99,1
15624038,456,France,Male,27,3,87727.5,1,0,0,55171.48,0
15716189,606,France,Male,30,6,128129.88,2,1,0,175354.57,0
15650995,657,Spain,Female,36,3,116819.37,2,1,0,141916.58,0
15706619,455,France,Male,45,1,118511.37,1,0,0,115729.47,0
15706147,711,Germany,Female,38,4,81258.29,1,1,0,86929.57,0
15755680,528,Spain,Male,27,7,104755.02,1,1,1,64585.75,0
15584317,583,Germany,Female,33,4,107481.44,2,1,0,7181.89,0
15587030,595,France,Male,40,9,0.0,2,1,1,121362.12,1
15604225,719,Germany,Female,44,9,110183.7,2,1,1,25144.92,0
15603068,399,France,Male,40,8,78600.87,1,0,1,99511.5,0
15787314,683,Spain,Male,27,4,0.0,2,1,1,86990.71,0
15747362,589,France,Female,25,2,0.0,2,1,0,140724.56,0
15808021,551,Germany,Female,29,8,0.0,1,1,1,186625.69,0
15711463,711,Spain,Female,29,7,101058.04,2,0,1,174005.21,0
15746054,619,Germany,Female,49,8,0.0,1,1,1,84686.24,0
15776169,690,Germany,Male,53,4,0.0,2,1,0,199980.67,1
15599698,520,France,Male,37,1,0.0,2,1,1,81774.52,0
15630130,648,France,Female,26,8,172114.11,2,1,1,151357.55,0
15712760,688,Spain,Male,49,10,114167.05,1,0,0,151614.7,1
15656614,755,France,Male,48,1,0.0,2,0,0,140830.26,0
15580700,648,Germany,Male,33,10,89272.22,2,1,0,154254.01,0
15684078,577,Germany,Male,30,3,93609.55,2,1,1,57617.14,0
15621273,737,France,Female,39,3,122046.2,1,0,0,122805.88,0
15710126,620,France,Male,29,3,69173.53,1,1,1,89324.43,0
15649375,742,Germany,Male,30,9,80361.45,1,0,1,167791.21,0
15791513,609,France,Female,44,8,123098.46,2,1,1,153467.78,1
15646290,661,France,Male,50,7,148676.43,1,1,1,157864.35,0
15741136,698,Germany,Female,32,8,94883.25,1,0,0,116448.46,0
15651181,677,France,Male,43,5,79589.04,1,1,1,168142.39,0
15575229,658,Germany,Female,40,4,0.0,1,0,0,151431.69,0
15735661,676,Spain,Male,33,3,110115.55,1,1,1,143016.28,0
15658535,737,France,Female,43,1,89870.71,2,1,1,144326.88,0
15629740,665,Germany,Female,35,5,74002.87,1,1,1,64378.71,0
15677781,677,Spain,Male,54,2,79779.85,2,0,0,107727.23,1
15675249,623,France,Male,35,5,95748.35,2,1,0,61912.94,0
15807732,710,France,Female,45,3,118721.07,2,0,0,18376.53,0
15789321,529,France,Male,31,6,0.0,1,1,1,182886.34,0
15765035,809,Germany,Female,61,3,154501.75,2,1,1,66922.59,1
15587677,619,Spain,Female,38,5,119306.62,1,1,1,192661.71,0
15726545,634,France,Male,38,1,101604.25,1,1,0,103779.66,0
15615084,592,France,Male,67,10,0.0,1,1,1,28349.19,1
15588731,686,Spain,Male,45,5,0.0,1,0,1,133050.67,0
15814055,688,France,Male,27,6,0.0,1,0,1,148354.54,0
15700482,691,Spain,Male,37,2,147003.97,1,1,0,63465.03,0
15654952,658,Germany,Male,29,8,131093.7,1,1,0,150382.33,0
15645395,775,Germany,Male,32,3,0.0,2,1,0,175004.59,0
15772951,717,France,Male,27,1,68877.34,2,1,0,197281.74,0
15677173,622,Spain,Male,27,7,138129.31,2,0,0,27434.68,0
15572629,766,France,Male,35,2,86310.47,2,0,1,159897.57,1
15694696,637,Germany,Female,44,10,0.0,1,1,0,159408.15,1
15581889,624,Spain,Male,39,6,0.0,1,1,1,17951.53,0
15812957,651,France,Male,25,7,142167.99,1,1,1,65242.0,0
15695526,626,France,Female,23,1,173101.34,2,0,0,146149.31,1
15754319,702,Germany,Male,50,8,0.0,2,1,1,184441.25,0
15645567,642,France,Male,46,7,0.0,2,1,1,190098.3,0
15617483,658,Spain,Female,32,4,0.0,1,1,1,170562.84,0
15703091,653,France,Male,28,8,0.0,2,1,1,77094.34,0
15664956,643,Spain,Female,50,0,64234.96,1,1,1,82805.92,0
15699523,660,Spain,Female,47,7,0.0,1,0,1,56316.05,0
15605488,757,France,Female,33,1,0.0,3,0,1,32421.01,0
15658057,546,France,Male,41,9,102603.54,1,1,0,49556.81,1
15578229,724,Spain,Female,29,2,0.0,1,1,1,193536.46,0
15630555,541,France,Female,38,3,118212.09,2,0,0,86764.07,0
15719459,549,France,Male,41,8,153948.23,2,1,0,40937.63,0
15758159,674,France,Male,44,4,136503.92,2,1,0,10385.82,1
15694057,511,Spain,Female,28,3,93912.19,1,0,0,92100.37,0
15767709,766,France,Female,34,1,153457.25,1,0,1,176515.04,0
15732421,474,France,Female,35,8,145602.18,1,0,0,161354.88,0
15589119,627,Germany,Male,32,9,44386.62,1,1,0,164220.76,0
15598032,676,Germany,Male,37,8,0.0,1,1,1,41784.13,0
15599243,671,France,Female,31,0,0.0,2,0,1,134870.53,0
15581834,702,France,Male,32,2,116861.07,2,1,0,176891.43,0
15812986,850,France,Female,47,5,150900.65,2,1,0,65250.16,1
15670058,478,Spain,Female,42,5,114823.46,2,1,0,52622.34,1
15700710,619,France,Female,29,4,0.0,2,1,1,126320.41,0
15670770,519,Germany,Female,41,7,124955.83,1,1,0,120126.68,1
15769684,842,Germany,Female,36,7,0.0,2,0,0,165340.49,0
15569411,667,France,Female,57,6,115975.24,1,1,1,199120.49,1
15571783,709,France,Female,36,0,118851.4,2,1,1,126188.19,0
15717041,653,Spain,Female,26,6,146558.73,1,1,1,34129.14,0
15811748,647,France,Male,33,8,0.0,1,1,1,132827.17,0
15573541,510,Germany,Female,36,3,0.0,1,1,0,174701.19,0
15650874,679,Spain,Female,53,8,0.0,1,1,0,57131.3,1
15573428,552,Germany,Male,37,6,0.0,1,0,0,8531.51,0
15604170,555,France,Male,25,6,0.0,1,1,1,117732.21,0
15662837,606,France,Male,33,5,0.0,2,1,0,139576.96,0
15778301,691,Germany,Male,41,5,80152.26,1,0,1,144251.77,0
15641414,730,Germany,Female,43,6,0.0,1,1,1,67798.85,0
15687488,469,France,Male,49,10,0.0,2,1,1,80050.2,0
15715857,577,France,Male,26,8,125944.21,2,0,1,2729.59,0
15582283,568,France,Male,51,4,130694.03,2,1,0,194419.38,0
15591348,619,France,Male,43,3,0.0,1,0,0,161583.66,1
15606319,522,France,Female,26,9,93963.58,1,1,1,110094.6,0
15679880,704,France,Female,24,0,176164.66,2,1,1,140316.1,0
15741946,700,Germany,Male,34,7,113493.98,2,1,1,26448.11,0
15650013,812,Spain,Male,39,8,0.0,1,1,1,117102.33,0
15590957,793,Spain,Female,38,2,0.0,2,1,0,96814.26,0
15588406,631,Germany,Female,37,4,0.0,2,0,1,113425.43,0
15686084,724,Germany,Male,35,3,0.0,1,1,1,103273.97,0
15745776,552,France,Male,43,4,0.0,2,1,1,174943.63,0
15765189,636,Germany,Male,34,8,75905.43,1,1,0,185163.29,0
15805370,613,Germany,Male,39,3,159752.79,1,0,0,132445.55,0
15583389,703,France,Male,60,7,0.0,2,1,1,15004.68,0
15713146,850,Spain,Male,31,9,161670.37,1,1,1,178878.0,0
15711354,679,France,Male,33,8,143407.84,2,0,0,112323.62,0
15718675,632,France,Male,24,2,0.0,1,0,1,81430.15,0
15726942,708,Germany,Female,43,7,0.0,1,1,0,180281.66,1
15681657,683,France,Female,30,5,146951.43,2,0,1,190978.79,0
15603807,602,France,Male,24,10,100141.8,2,0,1,193014.31,0
15716880,592,Spain,Female,23,9,0.0,2,1,0,59482.28,0
15730516,601,Spain,Female,33,3,121046.82,2,0,0,8854.23,0
15788430,695,France,Female,28,3,156032.16,2,1,0,136940.69,1
15608388,567,France,Male,36,1,0.0,2,0,1,94746.15,0
15793475,711,France,Female,47,1,112097.97,1,1,0,36859.98,1
15750083,605,France,Female,38,0,144398.05,2,0,1,80748.41,1
15673849,576,France,Female,53,1,148669.26,1,1,1,142500.75,1
15716794,768,Germany,Male,36,4,0.0,1,1,1,38430.43,1
15595064,672,Spain,Male,24,0,145298.11,2,1,0,42231.93,0
15695779,669,Spain,Female,43,6,0.0,1,1,0,146519.11,0
15708285,687,France,Female,29,0,0.0,1,1,1,115711.48,0
15641893,604,France,Female,37,8,0.0,2,1,1,86783.15,0
15797664,514,Spain,Female,42,6,126101.51,2,0,1,109814.64,0
15748213,634,Germany,Male,49,10,0.0,1,1,1,37763.94,0
15683593,850,France,Male,51,1,118404.76,2,0,1,199532.13,0
15786130,698,Spain,Female,34,8,70043.66,1,1,1,151115.11,0
15775002,718,Spain,Male,46,4,58549.59,1,1,0,160447.82,1
15690133,542,France,Male,29,8,124198.78,2,1,0,50691.9,0
15790216,850,Germany,Male,41,1,0.0,2,0,0,179272.26,1
15756165,649,Spain,Male,48,3,0.0,2,1,1,172484.74,0
15810909,646,France,Female,20,5,0.0,2,1,0,183819.84,0
15783338,592,France,Male,26,8,0.0,1,1,1,105543.31,0
15796626,546,Spain,Male,36,3,0.0,1,0,1,10624.54,0
15737873,636,France,Male,59,3,102626.93,1,0,0,199936.44,1
15682465,755,France,Male,39,4,111160.54,2,0,1,145519.73,0
15699883,646,France,Female,41,3,141486.63,1,0,1,92409.14,0
15594540,689,France,Male,39,1,108979.35,1,0,0,124423.75,0
15764339,707,France,Male,37,2,113086.61,1,1,1,136631.64,1
15708912,667,Germany,Female,29,0,60256.01,2,0,1,448.07,0
15608314,634,Germany,Male,41,0,0.0,3,1,1,184886.56,0
15701376,658,France,Female,36,8,91834.23,2,0,0,181823.07,0
15640856,760,Spain,Male,43,7,91269.66,1,1,0,92040.07,1
15693995,624,France,Female,37,6,137008.5,2,0,0,8545.83,0
15789132,642,France,Male,44,10,0.0,2,1,1,109965.87,0
15600420,753,France,Male,48,0,0.0,2,0,1,70370.41,0
15815687,499,France,Female,23,7,124738.43,2,1,1,15103.99,0
15685460,473,France,Male,47,6,54063.22,2,0,1,122368.84,1
15640679,778,Spain,Male,40,8,106628.25,2,1,0,75458.88,0
15790834,565,France,Male,28,3,0.0,1,0,1,116753.01,0
15681842,663,Germany,Male,32,3,0.0,1,1,0,60459.16,0
15595942,657,France,Female,52,3,129265.71,1,1,0,81615.08,1
15578240,576,Spain,Male,27,8,0.0,2,1,1,178306.93,0
15743620,617,Germany,Male,38,3,120965.94,2,0,0,75354.93,0
15738071,648,France,Male,40,10,147399.35,2,1,0,32127.19,0
15651844,480,Spain,Male,39,6,0.0,1,1,0,147468.72,0
15612659,507,Germany,Female,49,10,0.0,1,1,1,46275.23,0
15569995,564,France,Male,33,3,0.0,2,1,0,51518.51,0
15745613,542,Spain,Male,45,6,147628.7,1,0,1,177160.64,0
15733061,752,France,Male,33,4,121196.11,1,0,1,1383.96,0
15606306,585,France,Male,43,0,90931.96,2,1,0,41908.71,0
15636730,603,Germany,Male,51,7,123164.74,1,1,1,192123.88,1
15580092,633,France,Female,28,1,58658.62,1,1,0,175516.7,1
15594786,631,Spain,Male,32,6,0.0,1,0,0,164497.75,0
15763097,759,Spain,Female,39,5,110893.62,1,1,1,169612.44,0
15765276,726,France,Female,45,2,148007.78,1,1,0,72306.48,0
15751011,651,Spain,Female,24,1,47817.78,3,0,0,122463.64,0
15633057,579,Germany,Female,40,0,99835.02,1,0,1,89835.28,0
15627007,413,France,Male,36,0,146773.15,2,0,0,110963.4,1
15661190,807,France,Female,49,4,106495.98,2,0,0,2616.86,0
15575915,732,France,Female,28,0,0.0,2,1,1,25947.91,0
15666267,724,Spain,Female,51,6,89067.54,2,1,0,178334.69,1
15694330,673,Germany,Male,45,2,0.0,1,1,1,96121.38,1
15616353,788,Germany,Male,44,6,0.0,1,1,0,40329.93,1
15656413,668,Germany,Male,29,5,103632.46,2,0,1,188430.68,0
15619119,591,France,Female,23,4,0.0,2,1,1,112962.59,0
15724022,628,Germany,Female,38,8,56808.36,1,0,0,25137.66,0
15761221,835,France,Female,32,6,170012.5,1,1,0,153268.44,1
15719195,765,France,Male,29,3,0.0,2,0,0,83038.32,0
15691664,427,France,Male,25,4,0.0,1,1,1,170113.33,0
15597301,606,Germany,Female,54,7,0.0,1,0,0,67855.84,1
15723178,637,France,Male,49,6,112363.91,1,1,1,105296.31,0
15605624,730,France,Male,32,5,0.0,1,1,1,29982.24,0
15576842,636,France,Female,33,2,144217.59,2,1,1,54651.14,0
15736537,647,France,Male,30,2,118284.23,2,1,0,159701.82,0
15794772,715,France,Female,37,5,177065.29,4,1,0,182164.76,0
15787423,727,France,Male,35,6,91580.37,2,1,0,193316.15,0
15747888,590,Spain,Female,42,3,137041.52,1,1,0,115408.23,1
15796212,754,Germany,Male,40,1,0.0,1,1,0,123621.87,1
15799242,745,Germany,Female,38,10,85627.46,1,0,0,160387.12,1
15598829,555,Germany,Male,28,2,0.0,3,1,0,97577.91,1
15705071,721,France,Female,23,1,106869.99,2,1,1,77572.5,0
15708467,620,France,Male,37,6,116468.32,1,1,1,141286.38,0
15792046,601,France,Male,43,1,143575.27,1,1,1,141984.6,0
15785483,653,Spain,Female,31,5,0.0,2,0,1,144030.26,0
15720170,492,France,Male,43,6,0.0,2,1,1,171761.95,0
15797897,728,Germany,Male,36,6,201373.32,2,1,0,84216.36,1
15593545,623,Spain,Male,45,7,115560.87,2,1,1,65596.8,0
15571167,551,France,Male,28,1,144209.98,1,1,0,72638.76,0
15778453,707,France,Female,34,3,0.0,1,1,0,84063.13,0
15719103,590,Spain,Female,42,9,98665.99,2,0,0,40702.01,0
15724336,507,France,Male,45,1,0.0,3,1,0,174293.11,0
15711261,682,France,Male,44,0,146138.32,2,1,0,1794.48,1
15656337,609,France,Female,27,6,87864.06,1,1,1,157068.41,0
15687908,782,Spain,Female,37,3,0.0,1,1,1,22947.18,0
15752208,809,Spain,Male,38,9,0.0,1,1,0,27471.28,0
15602292,486,France,Female,47,0,154892.19,2,1,1,159020.1,0
15648491,465,France,Female,29,6,0.0,2,0,1,131061.16,0
15680716,680,Spain,Male,37,2,0.0,1,1,0,3910.24,0
15666449,763,Spain,Male,23,0,141752.61,2,1,1,69337.18,0
15591595,775,Germany,Female,39,9,101473.5,1,1,0,98535.96,1
15622243,643,France,Female,50,6,154772.04,1,1,0,124243.67,1
15646682,588,France,Male,24,0,66647.8,1,1,1,174203.16,0
15813803,756,France,Male,33,5,189971.18,2,1,1,64171.64,0
15691013,628,Germany,Male,47,2,0.0,2,1,0,33.04,0
15801808,788,France,Male,58,2,111882.87,1,1,1,171201.33,1
15633848,681,France,Female,41,4,99906.17,1,1,0,131444.58,0
15783054,643,Germany,Male,34,3,128472.48,2,1,0,164277.24,0
15800958,687,France,Male,27,10,0.0,2,1,1,37984.8,0
15773616,623,Spain,Male,25,9,133204.87,1,1,1,149652.67,0
15637877,687,Spain,Female,51,7,0.0,1,1,1,116317.05,0
15584861,610,Spain,Female,50,9,0.0,1,1,1,119656.04,0
15740316,488,Spain,Female,39,9,0.0,1,1,1,133739.35,1
15595873,605,France,Female,40,2,93658.1,1,1,1,107377.91,0
15808982,563,France,Male,38,3,140473.53,2,0,1,90771.96,1
15602590,498,Germany,Male,46,1,0.0,1,1,0,49692.78,0
15813510,711,Spain,Female,51,6,0.0,2,1,1,134414.6,0
15709787,771,Germany,Male,50,4,0.0,1,0,1,85908.95,0
15644834,623,France,Female,37,0,198883.69,1,0,0,19136.73,1
15697099,508,France,Male,42,4,0.0,2,0,1,198345.41,0
15757897,585,Germany,Male,55,8,93655.65,1,0,1,81589.28,1
15604549,660,Germany,Male,48,3,153444.18,2,1,0,41334.31,1
15646188,736,Germany,Male,30,0,137091.73,2,1,0,91101.01,1
15739259,724,Germany,Female,47,6,0.0,2,1,0,101451.34,1
15590466,785,Spain,Female,50,0,0.0,1,1,0,89731.49,0
15750604,671,France,Female,31,5,68964.78,1,0,1,22540.2,0
15569973,850,Germany,Female,35,6,100971.0,2,0,1,94904.1,0
15577039,642,Spain,Male,37,3,115911.6,2,0,0,134569.76,0
15660800,687,Spain,Female,39,7,105635.53,2,1,0,192431.73,0
15690966,570,France,Male,50,5,0.0,2,0,0,127959.32,1
15771064,683,France,Female,39,0,116346.45,1,1,0,108318.7,0
15810799,674,France,Female,55,6,152546.44,2,1,1,1299.72,0
15664080,825,Germany,Male,61,1,134677.46,3,1,1,124520.83,1
15611252,644,Germany,Male,38,8,124305.51,2,1,0,156337.47,1
15720508,642,Germany,Male,29,2,0.0,1,1,1,102392.7,0
15789502,620,Spain,Female,27,10,0.0,1,1,1,65366.06,0
15639192,761,France,Female,46,8,56313.53,1,1,1,28289.45,0
15615267,723,Germany,Female,31,4,59646.83,1,0,1,26242.06,0
15654397,674,France,Male,32,3,0.0,1,0,1,159936.21,0
15579544,637,France,Female,44,4,0.0,1,1,1,196720.84,0
15801228,595,France,Female,44,4,0.0,1,1,0,86858.81,1
15792701,655,Germany,Male,31,0,99655.3,1,1,1,83995.82,0
15799071,503,France,Female,49,6,190931.2,2,0,0,64366.26,1
15682012,569,France,Female,31,6,105026.81,1,1,1,75426.94,0
15663641,623,France,Male,37,1,181752.47,2,0,1,101325.91,0
15807422,663,France,Female,34,0,73651.02,1,1,1,160800.23,0
15620904,603,Spain,Female,36,1,0.0,1,1,0,19012.98,0
15762670,630,France,Female,37,7,0.0,2,1,1,148943.39,0
15655720,843,France,Female,32,7,163596.71,1,1,1,81893.43,0
15729562,741,Germany,Female,32,1,54715.22,1,0,1,67169.35,0
15667401,642,Spain,Male,30,3,117653.39,4,1,1,54722.71,0
15606194,698,Germany,Female,43,0,124231.75,1,0,0,152688.65,1
15704758,455,Germany,Male,33,6,139402.41,2,1,0,53199.08,1
15695626,514,France,Male,28,1,173374.01,2,1,1,194010.11,0
15751651,611,Spain,Female,29,4,63810.75,2,0,0,25486.46,0
15770986,646,France,Female,36,7,0.0,1,1,0,59833.34,1
15571600,535,Spain,Male,31,0,173284.33,1,0,1,31416.07,0
15794279,759,Spain,Female,36,3,103358.69,2,1,0,105883.99,0
15710551,567,Spain,Female,41,0,0.0,1,1,1,54395.81,0
15747122,722,Germany,Female,33,8,120306.38,1,0,1,148072.5,1
15566271,727,Spain,Female,37,3,100609.65,1,0,1,55590.71,0
15668271,589,France,Male,57,7,74696.96,1,1,1,169770.17,1
15599330,646,France,Male,61,7,0.0,1,1,0,168127.65,1
15667113,657,France,Female,45,3,110359.97,2,1,1,102899.34,1
15650688,716,France,Female,39,8,0.0,2,1,0,86780.24,0
15753137,729,France,Male,27,8,0.0,1,1,1,129793.77,0
15587247,734,France,Male,38,5,111812.7,1,1,0,3581.08,0
15685424,738,France,Female,41,9,0.0,1,0,0,78403.01,0
15687554,539,Germany,Male,42,10,36019.86,3,1,0,27631.66,1
15676887,573,France,Male,22,1,0.0,1,0,0,65698.54,0
15734309,673,France,Female,26,7,202747.43,1,1,0,159917.09,0
15687921,726,France,Male,38,4,145789.44,2,1,0,177550.2,1
15733812,680,France,Female,31,2,0.0,2,1,0,116236.99,0
15594478,539,France,Male,27,6,120154.41,2,1,1,139055.16,0
15708361,651,Spain,Female,22,0,123077.5,1,1,0,192114.25,0
15604745,683,Spain,Female,30,1,0.0,1,0,0,34815.7,0
15785537,708,Spain,Female,42,10,112688.58,1,1,1,126786.86,1
15706636,597,France,Male,39,9,0.0,1,1,1,59208.64,0
15683616,622,France,Male,35,0,146686.31,1,1,1,129982.07,0
15666277,761,Germany,Male,30,1,130130.66,1,0,0,130084.84,1
15782661,487,France,Female,27,6,118865.32,1,1,1,29389.9,0
15670891,741,Germany,Male,49,9,96600.04,1,1,0,137440.7,0
15609581,752,France,Female,30,8,88606.79,1,1,1,15900.66,0
15807001,710,Spain,Male,31,6,0.0,1,1,0,48207.44,0
15810656,634,Germany,Male,42,5,107307.26,2,0,1,113319.53,0
15718714,428,France,Male,33,3,0.0,2,1,1,157749.64,0
15719788,618,France,Male,35,5,0.0,1,1,1,14260.68,0
15639861,586,Spain,Female,26,9,124342.75,2,1,0,76267.85,0
15619016,749,Germany,Female,27,6,0.0,1,0,1,26398.87,0
15712581,487,Germany,Female,41,2,0.0,2,0,1,146716.2,0
15692269,664,Germany,Female,46,9,136654.35,1,1,1,192447.07,0
15638169,706,France,Male,37,2,95151.64,2,1,1,193662.25,0
15646473,644,France,Male,44,0,70996.92,2,1,0,113669.78,1
15600845,704,Spain,Male,31,3,0.0,2,1,1,172474.21,0
15791299,763,France,Female,51,10,89683.9,2,0,1,106042.84,0
15651705,773,France,Female,37,0,131291.09,1,1,1,109574.14,0
15610376,699,France,Male,50,4,163432.38,2,0,1,192252.72,0
15779844,505,France,Male,31,9,109543.43,2,0,1,176339.66,0
15625415,697,Germany,Female,40,1,0.0,1,1,0,160134.99,0
15642399,731,Germany,Male,49,10,0.0,2,0,1,131783.35,0
15612830,778,France,Female,53,9,93227.64,1,1,0,46800.25,1
15656951,577,Germany,Female,39,3,130709.25,2,0,0,3920.12,0
15778085,718,France,Female,32,8,156424.53,1,1,1,195609.34,1
15755646,754,Germany,Female,26,3,0.0,2,1,0,77690.56,0
15659263,774,France,Female,31,2,150622.47,1,1,1,195315.81,0
15585089,552,France,Male,41,3,0.0,2,1,0,187010.76,0
15707671,699,France,Female,36,9,111757.12,1,1,0,55713.37,0
15627206,671,France,Female,62,6,188970.81,1,1,1,70184.78,1
15662433,669,Spain,Male,35,3,0.0,1,0,1,113179.81,0
15735257,580,France,Male,26,2,0.0,2,1,1,23354.36,0
15662616,583,Germany,Female,23,7,95890.65,2,0,1,151011.99,0
15737009,727,Spain,Female,36,3,113810.13,1,1,1,83509.99,0
15611496,600,Germany,Female,35,9,150548.86,1,1,0,26180.5,1
15592257,724,France,Female,32,9,0.0,3,1,1,187610.79,0
15776863,592,Germany,Male,39,2,129646.84,1,1,0,103402.75,1
15610939,752,Germany,Male,25,10,132820.59,1,1,1,87646.79,1
15754131,691,Spain,Female,34,0,101990.65,2,0,1,153878.4,0
15686001,703,Spain,Male,41,8,144945.09,1,1,0,21423.23,0
15673218,625,Spain,Female,35,9,0.0,2,1,1,142798.63,0
15807923,735,France,Male,26,10,73483.67,2,1,1,157984.42,0
15649537,715,Germany,Male,34,1,131528.02,1,1,0,190380.63,0
15708515,763,France,Male,43,6,89685.36,1,1,1,15447.02,0
15647235,685,France,Male,41,9,0.0,1,1,1,57874.56,0
15569494,560,Germany,Male,35,6,60872.66,2,1,0,47279.4,0
15775500,725,Spain,Female,36,10,67751.93,2,1,1,197950.2,0
15605118,665,Germany,Female,38,7,97292.48,1,1,1,99967.12,0
15761638,538,France,Male,32,7,0.0,2,1,0,126.43,0
15771781,741,France,Female,33,5,0.0,1,1,1,141598.0,1
15571868,523,Germany,Female,53,2,64893.49,1,0,0,21699.79,1
15715866,850,France,Female,26,5,89320.5,1,1,0,84129.73,0
15808390,735,Germany,Male,32,9,105256.99,2,0,1,42377.08,0
15781880,683,France,Female,27,0,0.0,2,1,0,89152.4,0
15783372,531,Germany,Female,35,5,139254.65,2,0,0,183295.67,1
15616485,722,Spain,Male,38,0,0.0,1,1,1,42036.15,0
15788143,636,France,Male,38,6,133243.31,1,1,1,62324.57,0
15661668,670,France,Male,37,5,0.0,2,0,0,115445.45,0
15597785,674,France,Male,43,10,0.0,1,0,1,78479.72,0
15742386,576,France,Female,29,9,120959.71,1,1,0,135991.18,0
15729521,604,Germany,Female,36,8,0.0,1,1,1,129404.06,0
15705487,766,Spain,Male,36,0,130277.34,3,1,0,196521.97,0
15718289,363,France,Male,29,8,152295.28,2,1,1,132615.14,0
15683779,630,Germany,Female,32,3,157403.81,2,0,0,65838.0,1
15647467,727,France,Male,48,10,89071.35,2,1,1,168246.92,1
15674243,666,Germany,Female,45,6,168015.46,1,1,1,53465.67,1
15568738,462,Germany,Male,31,3,127678.78,3,1,1,34826.66,0
15632974,527,Germany,Male,38,7,0.0,1,1,1,186341.42,0
15753607,523,Germany,Male,43,10,96624.23,1,1,1,178259.08,0
15646671,718,France,Male,44,0,120372.73,2,1,1,136170.21,1
15586260,621,Spain,Male,32,1,0.0,1,1,0,63193.89,0
15713462,436,Germany,Female,36,1,113423.08,3,1,1,21906.21,1
15776125,711,France,Female,46,5,82097.65,2,0,1,59108.91,0
15788204,743,France,Male,33,5,127068.88,2,1,1,164318.03,0
15584209,543,Germany,Male,43,3,0.0,1,1,0,69676.36,1
15586935,566,France,Male,54,1,0.0,1,1,0,96476.4,0
15752068,663,Germany,Female,43,8,68716.8,1,1,0,109824.59,1
15588481,597,Germany,Male,46,0,187791.24,1,0,0,136667.24,1
15719273,637,France,Female,36,1,77409.68,1,0,1,68019.22,0
15777139,706,France,Male,32,4,110359.69,1,1,1,36442.78,0
15663697,785,France,Male,31,1,115955.16,1,0,0,171183.88,0
15707024,711,France,Male,33,3,155829.21,2,1,0,80308.14,0
15756619,629,Spain,Female,41,0,0.0,2,1,1,150914.11,0
15673793,646,France,Male,30,8,121030.76,1,0,1,177712.79,0
15780764,538,France,Male,51,8,133513.88,1,1,0,128141.41,0
15690108,799,France,Female,31,0,114724.32,2,1,1,125374.17,0
15568534,718,Spain,Male,30,0,138373.95,1,0,0,65755.97,0
15641008,721,France,Male,33,3,98225.74,2,1,1,181158.12,0
15629280,604,Germany,Female,52,7,124184.35,1,1,0,130071.44,1
15621649,631,Germany,Male,37,2,0.0,2,0,0,165487.43,1
15798434,462,Spain,Female,37,5,0.0,2,1,1,56188.8,0
15702589,409,Germany,Female,42,1,0.0,1,1,1,15188.68,0
15753920,654,Spain,Male,36,10,114822.63,2,1,1,148151.79,0
15608083,745,France,Female,38,0,0.0,1,0,1,140711.58,0
15720183,711,France,Male,50,8,133657.06,4,1,1,183674.97,0
15739965,699,Germany,Male,37,9,122949.63,1,1,0,162953.37,0
15578850,700,France,Female,34,10,157123.2,1,1,1,143032.51,0
15641796,712,Germany,Female,32,5,112911.42,1,0,0,32810.01,0
15755860,676,Germany,Female,44,9,0.0,3,0,1,142496.51,0
15809613,614,France,Male,68,1,128423.19,1,1,0,177141.64,1
15771468,586,Germany,Female,31,9,100744.05,2,0,1,123798.3,0
15727530,606,France,Female,67,8,121202.93,2,0,0,100052.51,1
15709294,639,Spain,Female,31,6,143478.42,1,0,0,2449.86,0
15736402,743,Spain,Male,39,4,0.0,1,1,1,91613.28,0
15694413,785,Germany,Male,42,3,94119.28,2,1,0,15960.53,0
15707831,620,France,Female,37,8,0.0,2,1,0,178442.44,1
15673901,634,France,Male,40,8,106902.71,2,0,0,170994.18,1
15647189,641,Germany,Female,39,3,0.0,2,0,1,48988.55,1
15740615,707,France,Female,38,5,98257.97,2,0,1,359.2,0
15785259,647,Spain,Male,67,4,94423.77,1,1,0,58693.86,1
15775922,712,Germany,Male,32,0,114275.17,2,1,0,7779.04,0
15676962,655,France,Female,26,1,0.0,1,0,1,86715.87,0
15639306,716,France,Female,27,0,212945.36,1,1,0,135550.79,1
15805347,584,Spain,Male,50,1,0.0,2,1,1,34603.83,0
15718690,433,Spain,Male,32,8,99002.35,1,1,1,101415.01,1
15590226,612,Spain,Male,40,4,124548.56,2,1,1,56529.36,0
15624686,730,Germany,Male,36,9,0.0,1,1,0,105465.94,0
15768181,459,Germany,Male,51,0,39713.76,2,0,1,116783.04,0
15754754,637,France,Male,30,2,109734.04,1,0,1,85040.17,0
15676765,612,France,Male,28,5,0.0,2,1,1,193711.07,0
15646070,531,France,Male,41,1,86825.0,1,1,0,55780.44,0
15614707,549,France,Male,52,10,103622.47,1,0,1,48028.59,1
15684579,496,Germany,Male,37,9,100210.33,2,1,0,181353.03,1
15706538,591,Spain,Female,26,6,0.0,1,1,1,36544.1,0
15696522,802,France,Female,45,3,122604.22,2,1,0,111612.06,1
15712263,776,France,Female,48,0,87695.88,1,1,1,129391.05,0
15672602,606,Spain,Female,48,9,0.0,1,1,1,22555.27,0
15728503,626,Germany,Male,44,9,163521.11,1,0,0,173576.85,1
15746441,563,France,Male,29,8,66714.84,1,1,1,29939.93,0
15781353,759,Spain,Female,26,1,0.0,1,0,0,175655.58,1
15804541,677,France,Male,34,2,61225.56,1,1,1,5799.07,0
15759994,801,France,Female,46,6,116132.09,2,0,1,185033.82,0
15590367,651,Spain,Male,49,4,59057.53,1,1,0,150766.5,1
15677006,735,Spain,Female,28,5,110021.57,1,1,0,26456.78,0
15569436,481,Germany,Male,32,2,0.0,1,0,1,125277.73,1
15623099,658,France,Female,37,10,0.0,1,1,1,152989.53,0
15784893,486,Spain,Male,42,3,180511.17,1,1,1,40114.46,0
15754965,670,Germany,Male,78,3,0.0,1,1,1,172735.83,1
15593228,598,France,Male,25,2,151485.26,2,1,1,111360.38,0
15771237,813,France,Male,42,10,116639.97,1,1,0,2616.54,0
15733975,476,Spain,Female,28,6,74013.42,2,0,1,129126.35,0
15703329,849,France,Male,43,4,62799.35,2,1,0,36571.1,0
15804548,762,France,Female,38,1,115508.62,1,1,1,54130.59,0
15626988,819,Spain,Female,40,6,118382.98,1,1,1,166587.49,0
15734115,826,Spain,Female,32,3,96390.21,1,1,0,94075.32,0
15782763,650,France,Male,43,0,0.0,1,1,1,99091.57,0
15744234,722,Spain,Male,28,2,73674.88,1,0,0,68507.76,0
15579355,642,France,Male,35,9,0.0,2,1,1,186077.5,0
15582330,604,France,Female,35,6,88831.77,2,1,1,124139.0,0
15791644,603,France,Female,48,10,71553.85,1,1,0,176385.75,1
15756615,737,France,Male,27,2,137713.65,1,1,0,182810.21,0
15585017,637,Germany,Female,39,3,93082.15,1,0,0,81931.57,1
15635863,548,France,Female,36,3,0.0,1,0,0,61224.6,0
15753529,726,Germany,Female,47,7,189074.78,1,0,1,60480.52,1
15673625,675,Germany,Female,41,1,194896.11,2,1,0,41051.35,1
15692671,615,Germany,Male,51,1,0.0,2,1,0,36411.02,1
15815652,666,Spain,Male,32,8,136824.17,1,0,1,121747.57,1
15709829,596,France,Female,57,4,87704.61,2,1,0,150883.55,1
15735335,696,France,Male,57,6,0.0,1,1,0,187122.68,1
15794793,520,Germany,Male,40,0,86440.3,1,1,0,64260.41,1
15613274,673,Germany,Female,28,4,142980.98,1,0,1,196747.65,0
15727814,767,France,Male,26,10,128379.55,2,1,1,19111.16,1
15654784,621,France,Male,34,7,79328.93,1,0,1,72132.34,0
15645724,614,France,Female,26,8,103941.75,2,1,0,118355.79,0
15591864,717,Spain,Male,32,1,111594.72,2,1,0,168642.31,1
15811916,651,Germany,Male,29,7,97322.57,1,1,0,123245.34,1
15608002,573,France,Female,37,8,93741.87,1,1,1,38150.72,0
15646621,664,France,Female,36,9,0.0,1,1,0,49560.02,1
15623866,751,France,Male,38,1,109198.15,1,0,1,170197.0,0
15715987,513,France,Female,26,7,0.0,2,1,0,70642.38,0
15588094,636,France,Female,28,4,0.0,1,1,1,7461.17,0
15579266,633,Germany,Male,54,10,0.0,2,1,1,125902.9,0
15692975,740,Spain,Female,27,5,126935.47,1,1,0,171822.38,0
15719101,568,France,Female,26,2,119024.55,2,1,1,168349.26,0
15585192,778,Germany,Male,23,9,0.0,2,0,1,18463.89,0
15659500,546,Spain,Female,29,2,90077.18,1,1,1,191516.3,0
15806123,599,France,Male,28,3,128113.88,1,0,0,158824.76,0
15616009,610,France,Male,39,5,104761.65,1,1,1,4699.13,0
15810669,811,France,Female,26,9,135583.06,2,1,0,146730.36,1
15778502,672,France,Male,25,8,62336.43,2,1,1,39110.74,0
15741718,829,France,Male,72,5,101231.42,2,1,0,156486.3,1
15722516,850,France,Female,30,1,0.0,2,1,1,35581.18,0
15758822,706,France,Female,33,4,0.0,1,1,0,77854.18,0
15689363,641,Germany,Female,47,5,0.0,3,1,1,149275.15,1
15750183,511,France,Female,51,1,169602.6,1,1,1,160485.89,0
15663339,625,France,Male,54,0,98216.68,2,1,0,80803.73,1
15592716,690,Spain,Male,32,4,0.0,1,1,1,101561.57,0
15737986,585,Germany,Male,36,6,0.0,1,1,1,16428.64,0
15655007,563,France,Male,25,8,95477.51,2,1,0,21405.9,1
15578646,652,France,Female,41,1,99918.76,2,1,1,39518.38,0
15699291,493,France,Female,36,9,122344.02,2,0,0,177088.54,0
15617287,723,Spain,Male,33,2,0.0,2,1,0,114324.36,0
15702808,850,Spain,Female,32,0,128187.74,2,1,1,7495.64,0
15705642,707,Spain,Female,28,8,96072.98,1,0,1,100466.05,0
15707178,660,Spain,Male,37,10,170806.44,1,1,0,31371.47,0
15779858,826,Spain,Male,34,8,92661.2,1,1,0,70356.24,0
15566280,588,France,Female,44,10,136579.49,2,1,0,18822.26,0
15699775,626,France,Male,38,10,137892.11,2,0,1,150802.98,0
15810760,604,Spain,Male,31,2,0.0,2,1,0,118126.95,0
15767618,687,Spain,Female,31,2,0.0,1,1,0,93955.03,0
15651410,717,France,Female,25,5,156497.13,1,0,0,104101.03,0
15631373,604,Germany,Female,31,7,128862.15,1,1,1,191780.72,0
15717750,700,Spain,Female,32,6,124303.33,1,1,0,15342.16,0
15755794,799,Germany,Male,31,1,75717.98,1,0,1,120908.94,0
15635593,645,France,Female,42,3,122560.63,1,0,1,132478.52,0
15761102,631,Germany,Male,44,1,0.0,1,0,1,184584.19,1
15605524,609,Spain,Male,47,8,126190.22,2,1,1,158590.44,0
15634663,642,Germany,Male,40,6,204743.5,1,1,1,191292.2,0
15729396,595,Spain,Female,46,3,192046.87,1,0,0,9183.59,1
15738445,365,Germany,Male,41,4,139899.83,1,1,1,145720.27,0
15738407,748,Germany,Female,36,4,125450.0,1,1,0,3723.99,0
15645916,491,France,Male,46,10,108392.45,2,1,1,111991.52,0
15770197,764,Germany,Male,39,0,79391.81,2,0,1,125362.36,0
15753961,685,France,Male,34,6,0.0,1,1,1,193646.15,0
15628124,744,Spain,Male,50,2,0.0,1,1,0,19799.93,1
15811580,424,France,Female,39,3,175329.03,2,1,0,107891.3,0
15783085,676,France,Male,34,1,106218.24,2,0,1,97958.72,0
15672943,585,Spain,Male,37,10,157496.2,1,0,1,3680.56,0
15744336,794,France,Female,30,4,0.0,1,1,1,169877.12,0
15756961,703,France,Female,47,4,0.0,1,1,0,49574.92,0
15596438,443,France,Male,38,2,123611.09,2,1,1,167873.26,0
15724216,802,France,Female,39,10,79249.28,2,1,1,177757.93,0
15565865,511,Germany,Female,55,10,108938.09,2,1,1,128474.01,0
15771822,672,France,Female,51,10,70329.98,2,1,1,100970.03,0
15644187,680,Germany,Female,66,6,112030.65,1,0,0,63646.16,1
15700857,560,France,Female,39,0,0.0,1,0,1,14376.22,0
15774690,613,Germany,Male,35,0,117978.89,2,1,0,150928.32,0
15603636,551,Germany,Male,25,1,115429.89,1,1,1,43298.72,0
15659726,592,France,Female,43,2,0.0,2,0,1,446.93,0
15622769,579,Spain,Male,26,2,86389.35,1,1,0,148969.25,0
15759215,718,France,Female,35,9,158494.35,2,1,0,177974.84,0
15750931,637,France,Male,37,4,0.0,1,1,1,58170.93,0
15573513,606,France,Male,32,8,91906.97,2,1,1,93919.0,0
15620613,822,France,Male,29,8,128354.19,2,1,1,50327.07,0
15806787,827,France,Female,37,6,121450.87,3,0,0,33079.09,1
15569675,512,France,Male,56,6,117194.47,1,1,1,42727.85,0
15608480,438,France,Male,36,8,132187.31,1,0,1,109042.83,0
15668077,782,Spain,Female,35,1,138508.71,2,0,0,31864.45,1
15687213,642,France,Male,53,4,0.0,2,1,0,164705.54,0
15599440,715,Germany,Female,34,4,115200.88,2,1,1,173829.2,1
15809273,502,Germany,Female,41,0,99645.8,1,1,1,83641.52,1
15657445,640,France,Female,35,0,0.0,1,1,0,58868.91,0
15685429,665,Spain,Male,38,9,109379.52,1,0,1,106007.02,0
15608586,602,France,Female,41,3,126489.88,2,1,0,183986.84,0
15618544,742,Spain,Male,28,4,157802.98,1,1,0,52575.04,0
15589862,647,Spain,Female,50,5,95611.92,1,1,0,158557.84,0
15633730,663,Spain,Male,32,9,0.0,2,0,1,172996.12,0
15757564,642,Spain,Female,34,1,111472.69,2,0,0,14145.05,0
15671089,732,Spain,Female,37,0,0.0,1,0,1,57474.95,0
15648634,510,France,Female,51,3,154456.82,1,1,1,45432.2,0
15598332,764,France,Male,50,1,150745.61,1,1,0,53921.95,0
15724649,729,France,Female,63,3,0.0,2,1,0,180548.94,1
15652266,583,France,Male,37,5,98726.55,1,1,1,25614.15,0
15760697,602,Spain,Female,34,7,124587.06,2,1,1,177234.31,0
15632480,632,France,Female,36,10,131942.58,1,1,0,55299.38,1
15701410,726,France,Female,31,3,0.0,1,0,1,18733.47,0
15635785,682,Germany,Female,31,6,0.0,1,0,0,183829.57,0
15727525,668,Spain,Male,40,9,0.0,1,1,1,144762.79,0
15736612,804,Germany,Female,22,1,85563.26,1,1,1,161095.08,0
15629724,637,Spain,Female,52,1,0.0,2,0,0,127454.37,0
15748802,850,Germany,Female,51,9,134451.32,2,1,0,53768.15,1
15732530,664,France,Female,26,7,0.0,1,0,1,174171.01,0
15687642,683,Spain,Male,31,0,0.0,2,1,0,177089.67,0
15739299,692,France,Female,58,8,129651.82,1,1,1,92684.73,1
15696247,648,Germany,Male,39,6,0.0,2,1,0,188713.68,0
15675097,547,France,Male,29,0,0.0,2,1,0,113395.27,0
15777348,723,Germany,Female,29,10,132879.81,2,1,1,78053.53,0
15600263,593,Spain,Female,60,2,0.0,1,1,0,100054.48,1
15738459,628,France,Male,29,9,97268.95,2,1,0,189904.83,1
15663261,671,Spain,Female,35,2,135647.14,1,1,0,132736.52,1
15777411,652,France,Male,42,10,98161.61,1,1,1,82435.32,0
15642289,653,Spain,Female,41,6,70486.17,2,1,0,29933.83,0
15798482,802,France,Male,45,0,100884.04,2,0,1,170031.57,1
15643086,608,Germany,Female,74,2,114156.93,1,0,1,88576.34,1
15667076,765,France,Male,32,0,115391.79,2,1,0,36138.9,1
15729644,677,Germany,Female,27,7,110851.54,1,1,1,42919.98,0
15609512,616,Germany,Female,23,4,134516.03,2,1,0,48794.81,0
15763213,697,France,Male,62,9,174516.56,3,1,0,42714.38,1
15604163,569,France,Female,26,6,88618.9,2,1,1,158916.19,0
15676978,718,France,Male,46,10,0.0,1,1,1,116253.67,0
15722807,737,Spain,Male,32,0,0.0,2,1,1,128623.71,0
15589167,672,Germany,Female,35,0,0.0,1,0,0,13536.55,0
15759582,780,France,Female,52,5,0.0,2,1,1,62661.63,0
15780410,850,France,Male,32,9,155935.2,2,1,1,4169.02,1
15670597,745,France,Female,25,4,0.0,2,1,1,23494.42,0
15729846,706,France,Female,30,4,107217.94,1,1,1,172796.2,0
15634119,778,Germany,Male,54,0,91044.75,1,0,0,118052.0,1
15594314,655,France,Male,41,1,142168.59,2,1,1,84621.95,1
15752756,592,France,Male,37,3,0.0,1,0,0,71026.44,0
15668959,629,France,Male,38,2,122408.16,2,1,0,46399.3,1
15691582,416,Spain,Female,40,6,0.0,2,1,0,32160.09,0
15645221,505,Germany,Male,38,6,156932.9,1,1,1,126319.83,0
15758926,621,Spain,Male,76,7,87332.42,2,1,1,154006.57,1
15723904,501,France,Female,34,3,145075.85,1,1,0,140013.97,0
15687612,603,France,Male,40,6,125543.99,1,1,1,86704.46,0
15727911,704,France,Male,41,9,0.0,1,1,1,25819.93,0
15689642,580,France,Female,34,3,68625.08,2,1,0,187813.05,0
15588447,659,France,Male,53,6,0.0,1,1,1,188344.98,0
15645942,584,Germany,Male,32,5,0.0,2,1,0,172429.55,0
15659605,685,France,Male,47,8,0.0,3,1,0,180809.0,0
15593636,543,Spain,Male,32,6,141642.84,1,0,1,109161.13,0
15621673,615,France,Female,42,4,116837.28,1,1,1,156413.42,0
15679415,734,Germany,Female,37,2,0.0,1,1,1,181776.36,0
15681594,665,France,Female,34,10,159269.99,1,1,1,148421.61,1
15639615,481,Germany,Female,49,8,115675.23,2,1,1,104111.88,0
15668881,553,France,Male,46,2,116129.77,2,1,0,140205.46,0
15613341,770,France,Male,32,4,0.0,1,1,1,134698.39,0
15673504,540,France,Male,33,8,136899.46,2,1,0,40272.79,0
15721566,585,France,Female,27,4,117543.58,1,1,0,90953.39,0
15687701,612,Germany,Male,27,6,171574.31,2,1,1,62256.89,0
15594735,850,Germany,Male,31,4,128463.44,2,1,0,186116.89,1
15631058,494,France,Female,29,3,124680.0,3,1,1,149746.52,0
15648793,740,Germany,Male,43,0,73902.91,1,1,1,194260.1,0
15652333,702,Spain,Female,46,3,115944.21,3,1,1,3150.12,0
15754606,631,France,Male,38,8,70938.83,1,1,1,169736.78,0
15742519,742,Germany,Male,33,3,108414.33,1,0,0,96347.48,0
15770923,635,France,Female,39,9,93173.81,1,1,1,64368.8,0
15683789,564,Spain,Male,47,4,110870.77,2,0,0,196648.41,0
15635638,609,France,Male,24,7,0.0,2,1,1,60164.88,0
15676881,565,France,Male,25,6,94389.63,3,1,1,99700.07,0
15570217,597,France,Male,56,5,138397.5,2,1,1,178416.52,0
15664082,526,France,Female,38,10,150440.29,1,1,0,62686.03,0
15583740,537,Germany,Male,46,5,0.0,1,1,1,190657.9,0
15618098,756,Germany,Female,34,9,0.0,2,1,1,54169.95,0
15705749,527,Germany,Male,51,0,125051.76,2,0,0,141432.26,0
15633945,649,France,Male,58,0,131525.96,3,1,0,186887.97,1
15648212,609,France,Female,55,8,74277.2,2,0,0,152540.51,1
15758212,739,Germany,Male,29,2,146993.4,2,0,0,197722.73,0
15787648,593,Spain,Male,50,10,160264.81,1,0,0,139978.21,1
15631172,583,France,Male,31,0,94438.37,1,1,1,82339.82,1
15605096,850,Germany,Female,24,9,0.0,2,1,0,62978.64,0
15663974,741,Spain,Female,44,10,150078.61,2,1,1,145497.17,1
15767071,775,France,Female,26,9,0.0,1,1,0,149614.7,0
15697125,602,France,Male,36,6,0.0,1,0,1,166284.9,0
15664004,528,France,Female,49,8,0.0,1,0,1,124104.58,0
15708975,653,Germany,Female,44,7,98784.82,1,1,1,114566.69,1
15800727,557,France,Male,59,10,174218.99,1,1,0,45643.46,0
15735495,564,France,Female,32,5,0.0,1,1,0,60731.33,0
15652370,605,Germany,Female,53,2,158368.61,1,1,1,38572.22,1
15645519,621,France,Male,41,9,120181.36,1,1,1,62534.94,0
15585198,595,Spain,Male,34,6,0.0,1,1,0,48464.71,0
15663923,661,Spain,Male,30,8,120077.82,1,0,1,128402.5,0
15709756,841,Germany,Male,41,6,108681.51,1,1,1,93695.38,0
15767264,625,France,Male,40,0,0.0,1,1,0,145363.24,0
15683231,683,France,Male,33,5,142631.63,2,0,0,136448.71,1
15661805,786,France,Female,37,10,0.0,1,0,0,169552.04,0
15706025,716,Spain,Male,33,10,0.0,1,1,1,26508.28,0
15787303,741,Spain,Female,29,4,89018.11,1,1,0,194734.99,0
15643238,453,France,Male,49,4,0.0,2,1,1,142544.84,1
15804645,627,France,Male,38,6,0.0,2,0,1,30806.88,0
15792252,774,France,Female,38,6,128321.19,2,1,1,39127.73,0
15602844,802,France,Male,30,5,0.0,2,1,0,11458.67,0
15795319,758,Germany,Male,34,5,0.0,2,1,1,14314.8,0
15585999,692,France,Female,30,9,0.0,2,1,1,5269.65,0
15641507,559,France,Female,39,1,0.0,2,1,1,144873.37,0
15757398,657,Germany,Male,30,6,90698.95,1,1,0,181616.73,0
15677027,593,Spain,Male,31,7,0.0,2,1,1,46839.53,0
15640324,835,France,Male,50,9,0.0,2,1,0,178722.33,1
15660359,640,France,Female,36,1,0.0,1,1,0,131000.59,1
15614174,546,France,Male,39,5,0.0,1,0,0,80918.85,0
15576591,670,France,Female,46,5,0.0,2,1,0,164761.56,1
15580821,778,France,Male,31,4,0.0,2,1,0,53026.64,0
15589123,679,France,Female,44,1,72631.69,2,1,1,35394.62,0
15663913,495,Germany,Male,31,1,87061.49,2,1,0,28002.72,0
15601478,702,France,Male,35,9,102159.95,2,1,1,81163.17,0
15606690,717,France,Male,40,4,112993.1,1,1,1,162159.2,1
15779920,590,Germany,Male,31,4,118486.35,2,1,0,99167.85,0
15768880,797,Germany,Female,23,3,105793.21,2,1,0,27327.66,0
15784534,507,France,Male,42,2,0.0,2,1,1,137376.85,0
15740422,671,France,Female,40,10,112389.79,2,1,0,136389.15,0
15769011,626,France,Male,36,7,72283.02,1,1,0,101043.8,0
15764215,587,Germany,Female,33,7,0.0,2,1,0,2902.26,0
15728512,732,France,Female,33,10,0.0,1,1,1,77742.74,0
15742830,676,France,Female,37,3,0.0,1,1,1,152986.57,0
15685887,850,Germany,Male,42,8,132557.98,1,1,1,107182.79,0
15805600,462,France,Male,44,10,101594.25,2,1,1,140841.28,0
15764500,603,France,Male,38,3,94351.66,1,0,0,137171.07,0
15586860,788,Spain,Male,36,1,142934.15,4,1,1,191185.43,0
15573205,850,Germany,Male,33,2,0.0,1,1,0,168642.32,0
15676694,746,Spain,Female,35,7,97609.69,1,0,1,67192.99,0
15772282,627,France,Female,31,4,146152.28,1,0,0,122005.03,0
15674218,639,France,Male,37,1,88413.71,1,1,1,117697.62,0
15748495,596,France,Male,30,2,121071.92,2,1,0,62768.29,0
15718936,664,Germany,Male,37,9,115602.13,1,0,1,191553.45,1
15689142,577,France,Female,42,4,107437.09,2,0,0,169635.94,0
15683234,482,Germany,Male,30,7,0.0,2,1,1,36085.87,0
15642095,622,France,Female,28,7,0.0,1,0,1,109392.38,0
15613391,673,France,Male,39,6,147545.11,2,1,1,168287.74,0
15686644,788,France,Male,29,10,148426.51,2,1,1,64576.0,1
15675862,734,France,Male,44,2,0.0,2,1,0,19070.67,0
15682273,611,Spain,Female,47,8,154200.03,2,1,0,155226.35,1
15728315,573,Germany,Male,54,2,0.0,1,1,1,188719.57,0
15566885,573,Spain,Male,33,9,0.0,2,1,1,122449.39,0
15582713,508,France,Male,54,0,120499.61,2,1,0,1513.49,0
15622842,660,France,Female,31,2,0.0,2,1,1,125924.56,0
15585858,583,France,Male,46,2,137975.61,1,1,0,4933.91,0
15783912,767,France,Male,50,10,127648.99,2,1,0,101707.85,0
15717188,542,France,Male,38,0,101390.01,1,1,1,26201.03,0
15686037,693,Spain,Female,52,9,114374.49,2,1,1,39923.67,0
15610290,632,Spain,Male,39,3,155629.64,1,1,1,5115.37,0
15741015,574,France,Female,35,7,66989.61,1,1,0,197321.91,0
15786909,649,Germany,Female,51,5,77562.3,1,1,1,90818.06,0
15814664,602,Germany,Female,44,4,0.0,1,1,1,130451.5,1
15594898,548,France,Male,47,3,149280.75,2,1,1,82321.66,1
15752467,677,Germany,Male,39,6,0.0,1,1,1,155476.25,0
15755369,838,France,Male,40,0,143590.53,1,1,0,84403.61,0
15710196,549,Germany,Female,39,6,102542.73,2,1,0,88355.63,1
15757510,509,Spain,Female,45,8,96086.12,1,0,0,76017.3,1
15650413,692,Germany,Female,31,6,0.0,2,0,1,90173.35,0
15634899,625,France,Female,29,3,136851.43,1,0,1,20864.42,0
15812796,718,Germany,Male,35,8,83658.0,1,1,1,74476.02,0
15576749,613,France,Female,38,9,0.0,2,1,1,14400.51,0
15772677,664,Germany,Male,37,5,112710.57,2,1,0,127939.29,1
15569878,453,France,Male,25,8,0.0,2,1,0,134295.27,0
15643734,813,France,Female,55,7,0.0,2,1,1,157174.27,0
15634893,799,France,Male,45,8,0.0,1,1,1,28176.73,0
15666918,591,Spain,Female,55,10,82620.32,2,0,1,50204.01,0
15595312,642,Germany,Female,26,3,114939.7,2,1,1,152736.58,0
15703580,732,France,Female,43,6,117978.95,2,1,0,56769.14,0
15626190,555,Spain,Male,34,6,140881.69,2,1,1,6740.15,0
15803346,786,France,Female,50,2,0.0,2,1,1,180461.86,1
15715261,758,France,Male,34,0,140387.59,1,0,1,173.78,0
15689537,665,Germany,Male,28,4,71175.64,1,0,1,103852.9,0
15589446,669,France,Female,39,2,172650.42,2,1,1,13270.8,0
15753093,585,Spain,Female,53,0,125585.48,2,1,0,21004.33,1
15798024,701,France,Male,65,3,0.0,2,1,0,34749.55,1
15690740,701,France,Male,29,6,0.0,2,0,1,76822.5,0
15792079,708,France,Male,46,8,0.0,1,1,0,101587.92,1
15629177,587,France,Male,34,3,105419.08,3,1,1,43659.11,0
15665074,691,France,Male,39,2,0.0,1,0,1,1251.87,0
15634851,608,Spain,Male,41,3,0.0,2,0,1,93845.45,0
15572556,649,Germany,Female,49,1,74539.0,2,1,1,170123.64,1
15795347,796,Spain,Female,37,10,103721.04,1,0,1,127536.04,0
15744745,685,Germany,Female,31,9,123013.0,1,1,0,1444.7,0
15727596,703,France,Female,45,1,0.0,2,0,1,36449.67,0
15694834,664,France,Female,34,7,0.0,1,0,1,172550.89,0
15661230,850,Germany,Male,44,8,116816.49,2,0,0,35982.74,0
15705005,757,Spain,Male,37,2,150062.54,2,0,1,190793.69,0
15786542,701,France,Male,40,6,98727.92,2,1,0,125449.49,1
15751305,633,Germany,Female,42,9,133120.07,1,1,1,8648.02,0
15587116,482,Germany,Female,41,5,126691.5,1,1,1,35149.83,1
15566878,731,Spain,Male,62,4,0.0,1,1,0,106891.57,1
15814157,586,Germany,Male,28,0,103196.95,2,1,1,91406.55,0
15638818,522,France,Female,39,4,110969.0,1,1,1,164780.48,0
15577024,803,Germany,Female,24,0,150017.6,2,1,0,43507.45,0
15803353,489,Germany,Male,46,10,73458.32,2,1,1,15711.01,1
15665244,766,Germany,Male,66,10,91060.95,1,0,0,98232.71,0
15812444,672,France,Female,40,8,129925.07,2,1,0,158358.82,0
15815586,524,France,Male,28,0,142075.45,2,1,1,169266.5,0
15689055,544,Germany,Male,38,5,77817.93,1,0,0,153230.97,1
15655451,724,Germany,Male,43,0,0.0,1,1,0,118393.17,1
15680879,675,France,Female,28,10,170472.79,2,1,1,165653.41,0
15790410,809,France,Male,42,3,83424.33,1,0,1,119748.32,0
15743809,613,France,Female,39,2,154805.84,2,1,1,111237.45,0
15683376,577,France,Male,53,2,0.0,2,0,1,18904.6,0
15710424,673,Spain,Male,36,7,115005.28,1,1,1,77694.66,0
15732505,570,France,Male,45,9,0.0,1,0,0,85488.64,1
15735753,660,Spain,Male,40,10,0.0,1,0,1,47700.57,0
15689491,559,Spain,Male,34,2,116952.65,1,1,1,102381.36,0
15624347,850,Germany,Female,30,8,0.0,2,1,0,23286.6,0
15798478,569,Spain,Female,35,3,114855.24,2,1,0,104285.02,0
15770242,716,Spain,Male,41,0,116715.23,2,1,1,116427.79,1
15573356,540,Germany,Male,42,1,170401.57,1,0,0,130868.99,1
15796846,621,France,Female,36,0,125673.39,2,1,1,28453.77,0
15792038,350,France,Male,45,3,0.0,1,1,0,83371.86,1
15622897,615,Germany,Male,51,7,105772.49,1,0,1,59510.64,1
15811820,616,Spain,Male,38,5,144834.98,2,0,0,176716.73,0
15814504,573,France,Male,42,3,123224.27,1,1,0,116373.64,0
15626049,752,France,Male,60,10,124974.14,2,0,1,193198.49,1
15630607,675,Germany,Male,38,5,120402.13,1,1,0,104477.33,0
15601316,427,France,Female,58,9,0.0,2,1,1,79834.79,0
15738290,710,France,Male,41,3,120313.47,1,0,0,23660.89,1
15583490,515,France,Male,50,4,0.0,1,1,1,133884.37,0
15702429,687,Spain,Male,47,9,121691.43,1,1,1,59336.26,0
15727638,726,Germany,Female,44,2,129746.81,2,1,1,171137.55,1
15723051,554,France,Female,25,1,127635.44,1,0,0,152665.1,0
15645683,644,France,Male,46,2,75941.72,1,1,1,128449.56,0
15666183,665,France,Male,43,2,148776.37,1,0,0,99847.32,0
15697234,620,France,Female,34,5,0.0,2,0,1,189060.14,0
15605220,541,Germany,Male,45,3,119088.16,2,1,1,66710.19,1
15678243,619,France,Male,60,2,0.0,2,0,0,115330.79,1
15675484,542,France,Male,58,10,0.0,1,1,1,49118.94,0
15606499,850,France,Female,32,1,76293.65,2,0,0,11860.55,0
15635380,609,France,Male,33,9,95878.63,2,1,1,41332.1,0
15614222,608,France,Male,50,0,164457.66,1,0,0,54946.57,0
15774381,678,France,Female,31,2,140892.38,1,1,1,165530.28,0
15686250,620,Germany,Male,30,3,61835.4,2,0,0,29374.51,0
15670840,687,France,Male,31,10,119466.95,1,1,0,75525.69,0
15585217,705,Germany,Female,40,7,0.0,1,1,0,15056.43,1
15789888,755,Spain,Female,51,4,126223.57,1,0,0,192954.84,0
15653544,487,France,Female,52,5,137250.27,1,1,1,120436.37,0
15737023,834,France,Female,34,6,126893.12,2,1,0,140024.2,0
15775059,500,Germany,Female,40,5,136392.07,1,1,1,174280.31,1
15742427,499,France,Male,25,10,94229.33,2,1,1,7733.88,0
15694904,657,France,Female,59,9,112142.48,1,1,0,73582.71,0
15634850,630,Spain,Female,38,4,0.0,2,1,0,112286.54,0
15747345,704,France,Female,35,5,97028.54,2,1,1,111222.28,0
15594646,517,France,Male,41,0,75602.02,1,1,1,5794.5,0
15668109,682,France,Female,32,8,0.0,2,0,1,53457.32,0
15806883,509,France,Male,45,3,0.0,1,1,0,40335.84,1
15621014,850,Spain,Male,38,3,73205.35,2,1,0,152118.29,0
15749968,678,Germany,Female,35,8,131058.76,2,1,0,74787.94,1
15792216,540,Spain,Female,26,9,119997.98,2,1,0,85556.01,0
15578155,512,France,Male,49,3,96286.04,2,0,1,175633.14,0
15669030,850,Spain,Female,56,6,149547.05,2,0,0,113516.72,1
15752425,850,Spain,Female,58,10,0.0,1,1,0,178046.59,0
15673572,564,Germany,Female,37,0,108881.81,1,1,0,194173.42,0
15802849,597,Spain,Female,47,3,0.0,1,1,0,89838.38,0
15662241,637,France,Male,50,8,82782.67,1,1,0,66421.4,0
15694997,838,Spain,Male,40,7,159132.89,1,0,0,187719.64,1
15630808,752,France,Male,37,5,0.0,2,1,1,45042.85,0
15729974,572,France,Male,47,7,162760.9,1,1,0,87198.76,0
15691779,722,France,Female,42,7,130146.63,2,1,0,143341.38,1
15643688,584,Germany,Male,30,2,91286.89,2,1,1,135029.36,0
15572542,537,France,Male,30,1,111354.29,2,1,1,29012.93,0
15643026,677,Germany,Female,32,4,0.0,1,1,0,109291.84,0
15608062,629,Spain,Female,52,7,88412.65,2,1,0,81853.8,0
15615779,653,Germany,Male,25,0,98194.36,1,1,0,198101.64,0
15752137,551,Germany,Male,61,1,0.0,1,1,1,187697.97,1
15608824,772,France,Female,49,10,0.0,2,1,0,157474.92,0
15711873,654,Spain,Male,30,8,94423.07,1,0,1,37748.86,1
15608681,626,Germany,Male,37,4,124508.23,2,0,1,53901.94,0
15737534,784,Spain,Male,35,1,201198.24,2,1,0,33285.59,0
15726767,509,Germany,Female,31,9,97071.84,1,1,1,16236.83,0
15797819,547,France,Male,26,4,110175.85,1,1,0,160563.59,1
15766229,713,France,Female,21,0,147909.9,2,1,0,142871.11,0
15638311,704,France,Female,50,5,0.0,1,1,0,31461.97,1
15575708,622,France,Male,34,3,164463.21,1,0,1,117243.58,0
15756106,632,Spain,Female,23,10,119646.17,1,1,1,131486.79,0
15805552,613,France,Male,40,4,0.0,2,1,0,34930.94,0
15580116,592,Germany,Female,29,2,159390.91,2,1,1,69926.51,0
15754489,559,France,Male,32,10,165197.63,2,0,1,170154.69,0
15630523,750,Germany,Female,30,3,123919.87,1,0,1,108041.05,0
15590307,652,Spain,Male,55,10,0.0,1,1,0,136960.98,1
15783306,705,Germany,Male,36,1,87014.21,2,1,0,74357.72,0
15599337,649,Germany,Female,38,5,142230.35,1,0,0,149824.55,1
15705617,587,Germany,Male,42,8,104947.81,2,1,0,54401.43,1
15789349,728,Spain,Female,29,4,125854.69,2,1,1,96571.55,0
15658426,715,France,Male,34,5,0.0,1,0,1,178314.08,0
15683407,626,Germany,Male,62,2,86519.45,1,1,0,163.29,1
15799380,430,Spain,Female,51,0,163754.47,2,1,1,82937.39,0
15763582,661,Germany,Female,38,5,130757.26,1,1,1,105949.07,0
15739277,546,France,Male,30,9,138283.18,1,1,0,109204.64,0
15782694,792,France,Male,28,3,0.0,1,1,1,36614.97,0
15710940,671,Germany,Male,42,8,0.0,2,1,1,37100.82,0
15773686,599,Spain,Male,35,5,114119.73,1,1,0,22537.15,1
15672153,814,France,Female,41,2,0.0,1,1,1,101091.01,0
15673547,688,Germany,Male,27,2,75560.73,1,1,0,28891.32,1
15762547,819,Spain,Female,49,1,109075.1,2,1,1,189704.2,1
15648052,635,France,Male,36,6,106495.07,2,1,0,168839.46,0
15577161,655,France,Female,81,3,0.0,1,1,1,100739.45,1
15748963,771,France,Female,34,8,0.0,1,1,1,38865.33,1
15755219,648,France,Male,31,8,0.0,2,1,0,69244.5,0
15718439,475,France,Male,28,5,138521.73,1,1,1,189555.87,0
15754122,559,France,Male,42,3,0.0,2,0,0,156117.89,0
15611790,560,Germany,Male,29,10,0.0,1,1,1,108378.83,0
15581013,626,Germany,Male,52,4,0.0,1,1,1,40016.55,1
15732365,748,Germany,Male,43,3,152498.97,1,1,1,53361.16,1
15714055,603,France,Male,31,9,107696.12,1,1,0,117694.66,0
15724030,638,Spain,Female,51,7,138020.28,1,1,0,87000.16,0
15616752,686,France,Male,33,1,0.0,2,0,1,193556.87,1
15764333,771,France,Female,56,3,70084.01,1,0,0,118053.54,1
15609186,630,France,Female,74,10,121467.72,1,0,0,170356.94,1
15632026,597,France,Male,38,5,0.0,1,1,1,96219.2,0
15698157,604,France,Female,41,0,0.0,1,1,1,70756.2,0
15635663,745,France,Male,31,8,131543.04,2,0,1,76673.01,0
15778818,597,France,Female,45,2,107629.63,1,1,1,17480.59,0
15590294,668,France,Male,34,10,0.0,1,0,1,81512.08,0
15768143,645,Germany,Female,30,1,0.0,2,1,1,62226.05,0
15722382,595,Germany,Female,40,7,0.0,1,1,0,44361.1,1
15688635,689,Germany,Female,34,10,0.0,2,0,0,120169.76,0
15786230,780,Germany,Male,42,10,152520.42,2,1,0,199472.9,0
15807021,772,France,Male,40,7,113905.93,1,1,0,186994.54,0
15711252,716,Spain,Female,40,10,139292.4,2,0,1,52336.24,0
15577206,615,France,Female,30,0,0.0,2,1,1,61298.67,0
15690171,543,France,Male,55,10,60432.36,1,0,0,167641.75,1
15697919,594,France,Male,36,0,103536.73,2,1,1,80783.58,0
15676052,644,France,Female,47,10,143351.33,1,1,0,109787.8,0
15636884,535,France,Male,43,1,116882.65,2,0,0,13246.89,1
15754472,618,Spain,Female,40,0,125669.15,2,1,1,108558.11,0
15806708,716,France,Female,31,1,0.0,1,1,1,109031.56,0
15677076,792,Spain,Male,36,2,0.0,2,1,0,20674.43,0
15614338,598,France,Female,30,1,147655.83,1,0,0,146406.22,0
15582207,671,France,Male,37,6,142609.12,2,0,0,98422.54,0
15783936,807,Spain,Male,33,6,125599.33,1,1,0,130262.08,0
15766068,586,France,Female,26,8,155215.72,1,0,0,24944.29,0
15732994,509,Germany,Male,34,2,0.0,2,1,1,80189.12,0
15713856,709,Spain,Male,51,2,167640.59,1,0,1,168682.83,0
15742121,637,France,Male,31,6,161157.96,1,1,0,70106.43,0
15650888,519,Germany,Female,39,3,0.0,1,1,0,16985.8,1
15585196,564,Spain,Male,37,7,91893.46,1,1,1,23846.24,0
15662583,631,France,Male,47,10,0.0,2,1,0,158674.53,0
15728398,740,Spain,Female,30,2,0.0,2,1,1,106834.31,0
15592234,741,France,Female,35,7,0.0,1,1,0,93384.92,0
15587568,551,France,Female,50,6,126179.76,2,1,1,148766.42,1
15586938,672,Spain,Male,44,3,130054.78,1,1,0,121939.97,0
15684413,526,France,Male,29,6,0.0,2,1,1,178935.9,0
15793770,671,Germany,Female,38,7,118945.86,1,1,1,51154.36,1
15628164,791,France,Female,31,3,111256.82,1,0,0,67502.99,0
15710340,581,Spain,Male,32,9,79704.15,2,1,0,73280.6,0
15591640,715,Spain,Male,33,5,69200.85,1,1,1,28999.71,0
15616593,573,France,Female,28,3,98041.04,3,1,1,108567.33,0
15605533,614,Germany,Female,46,0,0.0,2,1,1,137368.45,0
15814665,692,France,Male,30,9,0.0,1,1,1,136230.81,0
15702644,823,Spain,Male,37,5,0.0,1,0,1,21560.07,0
15650115,718,Spain,Female,41,0,0.0,2,0,0,40435.68,1
15721933,548,France,Male,44,3,92234.43,1,1,1,121332.96,0
15633587,666,Spain,Male,41,10,109933.64,1,1,0,25780.44,0
15726323,738,Spain,Male,34,0,126386.24,1,0,1,18117.98,0
15702659,681,Germany,Female,45,0,113863.53,1,0,0,87461.68,1
15634174,629,Germany,Male,33,2,132089.36,1,0,0,55803.31,0
15590745,651,Germany,Female,25,7,0.0,1,1,0,176936.62,0
15711785,640,Spain,Male,36,1,0.0,1,1,1,71947.79,0
15579613,850,France,Female,51,8,88135.39,2,0,0,180299.72,0
15698458,492,France,Female,36,9,103096.96,1,0,1,137187.83,0
15569777,695,France,Female,34,0,100906.18,3,1,1,55294.79,0
15702131,708,Germany,Male,32,4,152326.68,1,0,0,91160.61,1
15645781,757,Spain,Male,23,0,142097.65,1,0,1,177544.16,0
15730742,731,Germany,Male,27,8,0.0,1,0,0,135691.97,0
15640864,667,France,Male,36,10,0.0,2,0,0,68560.56,0
15717641,491,France,Male,55,0,138441.7,2,1,1,181048.57,1
15652251,589,France,Female,32,8,132915.19,1,1,1,53574.75,0
15750911,686,France,Male,49,3,133603.31,1,1,1,144611.25,0
15754269,643,Germany,Female,62,6,131884.18,1,1,1,141212.82,1
15609590,597,France,Male,39,9,0.0,2,1,0,76437.59,0
15800959,601,Spain,Male,31,4,117543.75,1,1,1,79740.05,0
15759972,652,Germany,Male,28,6,148416.98,1,1,0,21514.56,0
15793696,664,Germany,Male,34,1,91381.88,1,1,1,4833.28,0
15809393,593,France,Male,45,9,142989.95,1,1,1,98731.91,0
15727372,539,Spain,Male,29,9,146856.64,1,1,0,178708.73,0
15632445,595,France,Female,27,1,0.0,2,1,0,9247.3,0
15765312,717,France,Male,49,0,0.0,2,0,0,106915.29,0
15619767,784,Spain,Female,26,0,146340.26,1,1,1,95971.64,0
15741225,622,Spain,Male,30,5,0.0,1,1,0,7908.89,0
15569374,698,France,Female,45,7,121028.14,2,1,1,92083.94,0
15713974,498,France,Male,26,6,34060.89,1,1,0,152825.71,0
15576139,696,France,Male,30,4,55401.59,1,1,0,193442.19,0
15727363,587,Germany,Male,42,1,0.0,1,1,1,94896.77,0
15706423,634,France,Male,39,9,0.0,1,0,1,147716.27,0
15791300,600,France,Female,38,6,0.0,2,0,0,190145.86,1
15704263,490,France,Male,35,2,154777.56,2,0,0,165908.44,0
15663401,817,Germany,Female,45,0,0.0,1,0,1,144621.32,0
15788027,688,Spain,Female,43,10,74693.4,2,1,1,109201.85,0
15628530,549,Germany,Female,33,6,135914.41,1,1,0,44888.36,0
15667666,792,France,Female,30,8,0.0,1,0,0,83760.57,0
15735993,522,Spain,Female,24,8,0.0,2,0,1,155981.04,0
15724191,589,Germany,Male,43,9,0.0,3,1,0,108554.71,0
15654028,709,Spain,Female,44,4,127228.33,2,1,1,69505.13,0
15684771,597,Spain,Female,30,0,0.0,1,1,0,121193.86,0
15801769,685,France,Male,33,6,0.0,1,1,1,181959.97,0
15573894,687,Germany,Female,30,4,90873.82,2,0,1,179396.45,0
15613865,642,France,Female,46,7,0.0,1,1,1,151808.28,0
15694374,502,France,Female,35,5,130563.69,2,1,1,173881.81,1
15635349,539,Germany,Female,41,7,108875.52,2,1,1,177896.03,0
15628752,609,Germany,Male,54,5,70391.5,1,1,1,177281.34,1
15646529,673,France,Male,40,7,129010.39,1,1,1,44866.55,0
15775909,678,Germany,Male,47,4,152455.94,2,1,1,35316.34,0
15683008,710,France,Male,32,6,0.0,2,1,0,65421.49,0
15665537,675,Spain,Male,27,0,145964.08,1,0,0,46565.17,0
15702768,633,France,Male,35,7,104538.84,1,1,0,151232.43,0
15797423,543,France,Male,41,2,113604.79,2,1,1,31412.16,0
15772979,698,France,Female,37,8,0.0,1,1,1,49465.05,0
15646241,630,Germany,Female,47,5,104132.77,2,1,0,187270.33,0
15736303,631,France,Female,35,4,155007.15,2,0,1,35160.98,0
15585188,763,France,Male,48,10,140734.03,1,1,0,54280.06,0
15789600,682,France,Male,53,4,0.0,2,1,0,38618.79,0
15769362,639,Germany,Female,33,7,119258.18,2,1,0,167774.34,0
15767660,549,Germany,Female,24,9,138334.68,2,0,0,145784.42,1
15700520,685,Spain,Male,31,3,134050.6,2,1,0,54388.81,0
15653454,695,Germany,Female,31,10,0.0,2,1,1,174285.23,0
15717455,469,Germany,Male,42,8,127681.39,2,1,1,107362.09,0
15799658,597,France,Male,27,6,185750.86,1,1,0,140458.13,0
15645202,805,France,Male,31,2,118935.84,1,0,0,21671.94,0
15592641,794,Spain,Female,33,6,0.0,2,1,1,99669.36,0
15628680,683,Spain,Female,31,7,170920.13,2,1,1,159202.32,0
15617573,651,France,Female,52,0,0.0,2,1,0,28359.63,1
15695661,589,France,Male,37,5,0.0,3,1,0,138440.87,0
15631970,598,France,Male,24,3,0.0,2,1,0,9708.64,0
15799099,629,Germany,Female,31,2,0.0,1,1,0,68543.3,0
15639785,651,France,Male,45,0,133171.69,1,0,1,38775.59,0
15685539,700,France,Female,54,10,155922.66,1,1,1,43649.14,0
15614339,683,Germany,Female,36,2,0.0,2,0,0,55615.43,1
15748158,654,France,Male,34,7,0.0,2,1,1,108652.11,0
15582899,571,France,Female,29,4,128529.41,1,0,0,107779.0,0
15714535,580,Germany,Female,37,6,0.0,1,1,0,161504.93,0
15696840,795,Spain,Female,44,10,96746.65,1,1,1,98195.7,0
15629211,625,France,Male,37,3,0.0,2,0,0,71926.51,0
15607976,807,Germany,Male,43,10,171914.73,2,0,1,38279.31,0
15635316,694,Spain,Male,37,2,103149.25,2,0,0,165742.84,0
15671323,645,Germany,Female,29,0,110995.12,1,1,1,17367.12,0
15665202,705,France,Male,34,9,0.0,1,1,0,65028.83,0
15784190,541,Germany,Female,29,3,86435.77,1,0,1,52997.55,0
15707901,676,Spain,Male,43,8,0.0,2,0,0,95399.73,0
15748366,676,France,Female,37,1,0.0,1,1,0,15134.29,0
15613172,701,Spain,Male,50,4,147939.23,1,1,1,158217.65,0
15805688,718,Germany,Male,39,3,79389.78,1,1,1,137388.7,0
15577831,777,France,Male,25,1,117855.53,2,1,0,5265.86,0
15719961,718,France,Male,43,4,0.0,3,1,1,110609.59,0
15781373,581,France,Female,44,8,112723.91,2,0,1,111594.0,0
15603723,675,Germany,Male,34,7,201354.38,1,1,0,40484.46,1
15606246,649,France,Female,31,5,0.0,2,0,0,100863.29,0
15789270,592,Germany,Female,51,5,127647.01,2,1,0,29584.48,1
15719774,731,France,Female,46,3,98588.19,1,1,1,199615.68,0
15571359,551,Spain,Female,36,6,0.0,1,0,0,151710.23,0
15669138,569,Spain,Male,46,7,0.0,1,1,0,65673.28,1
15654112,705,France,Male,42,5,152923.31,4,1,1,188344.39,0
15593507,622,Spain,Female,31,7,94598.07,1,0,1,123943.48,0
15733056,576,Germany,Female,33,3,121519.92,2,0,1,24809.44,0
15593407,567,Germany,Female,41,6,134974.9,1,1,1,109817.56,1
15732522,721,Spain,Male,25,2,0.0,1,1,1,52819.84,0
15598144,668,Spain,Male,28,5,0.0,2,0,0,79067.57,1
15575770,649,France,Female,31,2,99688.34,1,1,0,928.75,0
15704487,651,Spain,Female,43,0,116387.86,2,1,0,181154.25,1
15590346,745,Germany,Female,51,9,68656.02,2,1,1,68967.89,1
15577929,711,France,Male,30,9,0.0,1,1,0,139880.89,0
15595072,744,Germany,Female,33,5,0.0,1,1,1,10201.14,0
15755512,649,Spain,Female,25,10,108033.63,1,0,1,187075.78,0
15790176,665,Spain,Female,48,5,135395.08,1,1,1,36692.08,0
15768279,784,Spain,Male,29,10,0.0,2,0,1,160398.74,0
15699938,575,Spain,Male,32,10,152885.6,1,1,0,97963.17,0
15590539,681,France,Male,24,7,129814.62,1,1,1,194305.49,0
15788600,654,Spain,Male,42,10,87991.36,2,1,0,52077.47,1
15725292,804,Germany,Female,36,1,141270.44,2,1,0,182238.61,0
15601051,833,Germany,Male,40,8,156148.42,2,1,0,77191.54,0
15656498,600,France,Female,36,7,82622.21,2,1,0,197437.77,0
15802646,687,France,Male,36,10,143115.68,1,0,1,53352.8,0
15806065,602,France,Male,34,2,110540.04,2,1,1,91264.65,0
15630527,571,Spain,Female,46,4,152952.7,2,0,1,178892.78,0
15814893,683,France,Male,28,6,157462.86,1,1,1,31121.6,0
15655330,616,France,Male,39,5,0.0,2,0,0,25872.52,0
15683310,791,France,Male,44,10,138016.49,2,1,0,5556.58,1
15617002,750,Spain,Male,28,8,122354.51,2,1,1,108076.22,0
15667823,646,Spain,Female,34,10,124660.13,3,1,0,100730.86,1
15611086,740,Germany,Female,55,8,78923.54,2,1,0,166872.05,1
15586669,785,France,Male,28,4,155341.4,1,1,0,40266.22,0
15755867,590,Spain,Male,28,1,132835.86,2,1,1,35361.52,0
15735271,850,Spain,Female,54,10,61450.31,1,1,1,166864.99,0
15668052,676,France,Female,46,5,78083.31,1,1,0,130923.47,0
15606501,769,France,Female,27,1,91965.05,2,1,1,144790.93,0
15753986,551,France,Female,46,4,138098.66,1,0,1,142337.52,0
15797113,488,France,Male,35,5,0.0,1,1,1,114886.15,0
15770185,646,Spain,Female,26,5,165031.78,2,0,1,122138.87,0
15766218,640,Germany,Female,45,5,124400.92,1,1,0,52772.99,0
15628508,850,France,Male,32,8,58211.03,2,1,0,166659.67,0
15591643,850,France,Male,41,0,103615.61,2,1,1,154068.03,0
15573731,541,Germany,Female,23,7,120365.55,2,1,0,147202.78,1
15741509,634,France,Male,48,1,0.0,1,0,0,54163.84,0
15640157,755,Spain,Female,48,7,0.0,1,1,0,162097.37,0
15714987,654,Spain,Female,46,8,0.0,1,1,0,95496.94,0
15661569,789,France,Male,45,7,116527.96,2,1,1,159941.1,0
15799816,507,Germany,Female,35,0,122938.33,1,0,0,13595.91,0
15644972,850,Germany,Female,29,5,119756.92,2,1,0,64991.65,0
15600282,745,Germany,Female,27,7,0.0,1,1,1,35543.19,0
15636753,602,Germany,Male,41,5,118262.81,2,1,0,16508.78,0
15794677,625,Germany,Female,29,1,94577.04,2,1,0,177938.05,0
15759088,490,France,Female,44,5,154946.8,1,0,0,57254.74,1
15776807,561,Spain,Female,49,10,0.0,2,0,1,110653.56,0
15574477,700,France,Male,31,6,81595.17,1,1,0,18867.0,0
15740455,748,France,Male,35,1,0.0,1,1,0,79069.67,0
15769933,848,Spain,Female,48,1,120166.18,1,1,1,99186.11,1
15751423,471,Germany,Female,37,7,172423.65,1,0,1,22784.8,0
15638647,586,Spain,Male,29,7,154501.28,1,1,0,78608.95,1
15752168,631,Spain,Male,51,5,0.0,2,1,0,157564.45,0
15788984,466,France,Male,31,1,140377.22,1,0,0,56543.29,1
15765280,676,Germany,Male,32,3,11792.45,2,1,0,54005.35,1
15675593,667,Germany,Male,29,9,0.0,1,1,0,176821.58,0
15679158,746,France,Female,35,3,0.0,1,0,1,55038.93,0
15609738,804,Germany,Female,28,6,106382.59,2,1,0,172233.77,1
15747774,850,Germany,Male,49,6,0.0,1,0,0,140368.41,1
15714594,777,France,Female,35,0,0.0,2,1,1,170707.15,0
15777845,638,Spain,Male,40,10,0.0,1,1,0,173745.83,0
15628955,801,Spain,Male,42,4,0.0,1,0,1,172720.48,0
15577834,661,Spain,Female,46,10,175613.49,1,0,0,87444.91,1
15655977,708,Spain,Female,49,4,116041.55,2,1,0,177710.62,1
15799980,554,Spain,Male,57,9,102659.84,2,0,0,104831.32,0
15657790,507,Spain,Male,39,8,0.0,2,0,0,93067.88,0
15812982,558,France,Female,36,7,56955.23,2,1,1,179521.27,0
15790304,453,Germany,Female,62,1,122451.5,2,0,0,176017.32,1
15658270,654,France,Male,29,10,132294.93,2,1,1,123895.03,0
15751537,637,Spain,Female,31,2,118013.63,1,1,1,35139.65,0
15577948,723,Spain,Male,47,8,0.0,1,1,1,145494.95,0
15626036,639,France,Male,49,1,0.0,1,1,1,91804.38,0
15679625,643,Spain,Male,41,2,109241.78,2,1,0,49213.52,1
15633477,763,France,Female,27,0,124064.67,2,0,0,169887.87,0
15638584,850,France,Female,31,9,88650.61,2,1,0,172460.26,0
15622060,663,France,Male,28,5,96898.64,2,1,0,144998.73,0
15766622,619,Spain,Female,56,3,0.0,1,1,1,105813.52,0
15655011,571,France,Male,45,4,112484.47,2,1,1,180779.74,1
15689462,570,Spain,Male,29,4,88939.49,1,0,1,28086.4,0
15580755,542,France,Female,36,8,105126.09,1,1,0,163190.36,1
15711330,660,France,Male,37,10,103709.79,2,0,0,76984.81,0
15779690,643,France,Male,53,7,58462.68,1,1,0,190129.13,0
15767642,759,France,Male,55,5,162266.82,1,1,0,166829.2,0
15721497,562,France,Male,27,3,147279.82,1,1,1,4662.44,1
15571285,654,France,Male,45,5,0.0,2,0,1,180528.96,0
15596191,612,France,Female,33,8,96645.46,2,1,1,113084.73,0
15786760,653,France,Female,47,10,0.0,1,1,0,130432.24,0
15606193,604,Germany,Female,36,7,0.0,3,1,1,49813.01,0
15756041,643,Spain,Male,25,1,116492.1,2,1,0,184107.88,0
15723552,662,France,Female,50,0,126072.88,2,1,0,139895.33,0
15799791,763,Germany,Male,34,3,94462.64,1,1,1,167744.85,0
15583676,498,France,Male,29,8,0.0,1,1,0,168713.71,0
15708996,658,France,Female,30,1,147984.13,2,0,0,170181.12,0
15589043,779,France,Male,29,6,89868.93,2,1,0,172515.23,0
15605914,600,Germany,Female,34,2,159484.8,2,0,1,134177.6,0
15648803,668,France,Male,31,6,109885.87,2,1,1,184239.04,0
15582868,467,Germany,Male,41,0,139069.31,2,1,1,178191.23,0
15659011,726,Spain,Female,44,3,0.0,2,0,0,21606.03,0
15690418,695,Spain,Female,41,9,0.0,1,0,0,2047.57,0
15715474,768,France,Male,36,1,0.0,1,1,0,100191.78,0
15583848,723,France,Female,32,9,0.0,1,1,1,147730.63,0
15566211,788,Spain,Male,33,10,0.0,2,1,0,168619.11,1
15613311,673,Germany,Female,41,7,110030.06,2,1,1,172066.43,0
15654515,649,France,Male,51,2,0.0,1,1,1,166953.25,0
15812924,830,France,Female,54,10,0.0,2,0,1,29794.9,0
15597681,671,Spain,Male,30,2,0.0,2,0,1,143076.03,0
15576229,636,Spain,Female,34,8,105193.64,1,1,0,162984.49,0
15731295,520,France,Female,45,2,0.0,2,1,1,51696.38,0
15779601,443,Germany,Male,31,2,89065.53,2,1,0,140156.9,0
15753414,497,Germany,Female,34,5,0.0,2,1,0,66040.22,1
15764748,675,France,Female,28,0,0.0,2,1,0,178745.24,0
15794097,577,Germany,Female,40,8,71469.87,2,0,1,89518.34,1
15653900,721,France,Male,40,1,0.0,2,0,0,187158.74,1
15777150,666,Germany,Male,36,9,0.0,1,0,0,97818.86,0
15730689,533,Germany,Female,39,9,94250.87,1,1,0,126003.73,1
15738478,675,France,Male,34,5,0.0,1,0,0,39080.65,0
15809522,582,France,Female,29,4,70133.61,2,0,1,60470.79,0
15589500,651,Germany,Male,40,8,141375.63,1,0,0,6012.95,1
15800222,452,France,Male,23,3,130715.62,2,1,0,127398.57,0
15690057,693,Germany,Male,39,7,108301.05,1,1,1,71073.03,0
15730519,575,France,Male,42,3,95856.5,1,1,0,186571.1,0
15658868,594,Germany,Female,41,9,97709.69,1,1,1,99586.33,0
15777092,692,Spain,Female,36,2,154224.14,1,1,0,187910.46,0
15568473,671,Spain,Female,30,7,0.0,2,1,1,158796.84,0
15789860,531,France,Female,33,2,115504.46,2,0,0,113936.96,0
15690423,661,Spain,Male,30,3,179966.7,2,1,0,194561.96,0
15650151,580,Spain,Female,36,2,100820.46,1,0,0,135080.42,0
15736705,641,France,Male,44,1,166391.33,2,1,1,87512.1,0
15572360,785,France,Male,22,7,96933.74,1,1,1,102043.77,0
15746984,773,Germany,Male,34,10,0.0,1,0,1,104672.61,0
15593471,649,Spain,Male,29,6,162347.24,1,1,1,6533.02,0
15710485,654,Germany,Male,48,2,0.0,2,0,1,188575.51,1
15690920,488,France,Male,33,2,131134.76,1,1,0,10084.61,0
15738814,779,France,Male,43,9,0.0,2,0,1,47059.73,0
15739550,669,France,Male,39,3,139132.69,1,1,0,167631.97,0
15681006,518,France,Female,36,9,150102.85,2,0,0,160616.13,0
15629111,619,Spain,Female,49,2,129518.79,2,1,1,148749.96,0
15704572,570,France,Male,39,0,0.0,1,0,1,25943.67,0
15700593,711,France,Female,37,5,122181.64,2,1,1,135090.74,0
15744207,589,France,Female,25,10,96601.64,1,1,0,128340.13,1
15626276,729,France,Female,34,1,60269.89,1,1,1,95414.79,0
15608547,510,Germany,Male,50,4,84015.92,1,0,0,104190.76,1
15730971,660,France,Male,42,3,103526.88,1,1,1,56970.78,0
15720957,643,France,Male,33,4,109976.97,1,0,0,141121.46,0
15761734,530,France,Male,59,6,0.0,2,1,0,31448.42,0
15695547,826,Germany,Female,29,6,108788.44,2,1,1,140517.84,0
15705401,548,France,Female,31,10,93952.16,2,0,1,169929.38,0
15689259,720,France,Male,46,2,148908.29,2,0,1,34794.99,0
15795312,813,France,Female,37,5,110463.81,1,1,1,15619.76,0
15724477,549,Germany,Male,30,0,0.0,1,0,0,170177.04,0
15615855,743,Spain,Male,35,5,0.0,2,1,1,100870.42,1
15714423,846,France,Male,41,9,69180.2,1,1,0,69193.73,0
15796438,606,France,Male,56,7,0.0,1,1,0,87137.23,1
15697758,542,France,Female,38,8,155015.47,2,1,0,66639.62,0
15570060,681,Spain,Female,42,2,171691.72,1,0,1,108591.73,0
15806126,609,France,Male,32,0,69754.09,1,0,1,147951.32,0
15596151,610,France,Female,43,8,130206.06,2,0,1,137338.33,0
15601531,707,Spain,Male,54,4,101530.46,2,0,0,13275.21,0
15670342,410,Germany,Female,43,6,122264.71,2,1,1,80881.81,0
15580455,631,France,Male,42,0,151449.22,3,1,1,63840.7,0
15729557,828,Spain,Male,28,3,0.0,2,0,0,60519.79,0
15613806,703,Germany,Male,23,8,0.0,2,1,1,66546.24,0
15784125,536,Spain,Female,35,3,61890.18,1,1,1,196802.97,1
15598231,657,Spain,Female,42,7,166128.57,1,0,1,114862.71,0
15599645,611,Spain,Male,50,4,0.0,2,1,1,20633.38,0
15810659,822,France,Male,52,1,76516.76,2,0,1,62218.65,1
15728238,578,Spain,Male,38,10,0.0,1,1,1,78653.62,0
15739349,615,France,Female,30,0,0.0,1,1,1,115182.38,0
15758449,673,Spain,Male,36,1,0.0,1,1,0,132507.94,0
15706262,699,Germany,Female,42,0,169986.78,2,1,1,9786.81,0
15683742,665,France,Male,41,4,0.0,1,0,0,166321.68,0
15673289,635,France,Male,35,1,0.0,1,1,1,106741.49,0
15796815,707,France,Male,33,0,0.0,1,1,1,170973.51,0
15592478,740,Germany,Male,23,3,0.0,2,1,0,124277.96,0
15693948,599,Spain,Female,42,4,92495.6,2,0,0,131381.67,0
15692099,508,France,Male,29,9,179498.17,2,1,1,142772.18,0
15745267,477,France,Male,35,2,112658.07,1,0,0,8082.28,0
15744666,665,France,Female,37,5,120276.24,2,1,1,60556.21,0
15661521,533,Spain,Male,55,2,137112.98,1,1,1,122795.44,1
15599117,672,France,Male,37,0,90561.83,1,1,0,49036.93,0
15635690,597,France,Female,33,5,127818.54,3,1,0,170504.03,0
15631525,695,Germany,Female,36,6,0.0,1,1,1,156900.99,0
15592368,633,France,Male,71,6,0.0,1,0,1,39513.39,0
15621227,594,Spain,Male,73,3,168066.62,2,1,1,117988.48,0
15754211,656,Germany,Male,52,0,0.0,1,1,1,104886.71,0
15736219,505,France,Female,51,1,104784.49,1,0,0,167263.05,0
15786758,650,Spain,Male,30,5,0.0,1,1,0,74841.54,0
15671644,586,Germany,Female,32,10,131429.46,1,1,1,126903.39,0
15626268,799,France,Male,46,0,0.0,1,0,1,196490.58,0
15593419,565,France,Male,39,0,84043.91,2,0,0,4502.11,0
15766286,746,Germany,Female,47,8,0.0,2,1,0,91701.78,1
15651248,692,France,Male,29,1,0.0,2,1,1,59588.66,0
15640242,604,Spain,Male,28,3,155749.48,2,1,1,57522.11,0
15580702,609,Germany,Male,25,0,134348.54,2,1,1,28435.98,0
15655382,658,France,Female,30,7,0.0,2,1,0,79483.97,1
15578261,623,Spain,Male,46,0,0.0,2,1,1,107459.98,0
15695060,624,France,Male,47,5,116769.74,2,1,1,40818.36,0
15798607,720,France,Female,37,7,0.0,1,1,1,9703.36,0
15616871,679,France,Female,47,7,99125.28,2,1,1,103633.43,0
15585965,639,Spain,Female,33,7,112571.1,1,1,0,16544.22,0
15614281,555,France,Female,37,2,0.0,2,1,0,87345.37,0
15744124,733,Germany,Male,35,3,112257.51,2,1,0,98433.79,0
15815270,720,Spain,Male,33,1,0.0,2,1,1,103435.61,0
15802011,524,France,Male,33,6,88476.91,3,1,1,55605.65,1
15659595,850,France,Female,42,10,188275.05,2,1,0,154707.83,0
15599619,587,Germany,Male,40,1,92455.29,1,0,0,135425.19,1
15639596,714,Spain,Male,33,4,132770.27,2,1,1,94623.06,0
15802643,613,France,Male,36,8,182685.76,2,1,1,9348.63,0
15683326,700,France,Male,38,1,96266.24,2,1,0,43415.89,0
15663946,445,Germany,Female,40,7,146469.92,2,0,1,47385.31,1
15707566,581,Spain,Female,36,8,0.0,2,1,1,51288.96,0
15659259,606,Spain,Male,34,2,137697.25,1,0,0,74266.82,0
15769956,623,Germany,Male,30,9,91774.39,2,1,1,81127.79,0
15667887,800,France,Female,34,3,107098.7,1,1,0,100285.26,0
15613510,517,Germany,Female,30,2,0.0,1,1,1,116334.66,0
15701523,850,Germany,Female,46,5,175096.41,2,0,1,26648.31,0
15749604,491,France,Female,44,2,88121.57,2,1,1,67274.79,0
15674072,477,Spain,Female,36,10,0.0,1,1,1,22394.03,0
15671578,811,France,Male,34,1,0.0,1,1,0,41227.19,0
15575632,566,Spain,Female,39,8,0.0,2,0,1,88812.55,0
15620749,789,Germany,Female,48,5,101192.55,1,0,1,54477.42,0
15681329,577,France,Female,66,8,0.0,2,0,1,126258.96,1
15570516,586,Spain,Male,33,9,0.0,2,0,1,89831.98,0
15748374,503,Spain,Male,41,2,131867.34,1,1,0,91844.56,0
15603573,817,Germany,Female,42,1,169285.42,1,1,1,6140.59,1
15673212,601,France,Male,44,7,150121.7,2,1,0,150402.41,0
15678763,643,France,Female,44,1,108559.13,1,0,0,58023.73,0
15810820,850,France,Male,36,9,0.0,2,0,0,176334.89,0
15796712,701,Germany,Female,39,7,0.0,2,1,1,44946.13,1
15619129,633,Germany,Female,46,8,99675.23,1,1,0,188709.57,1
15674054,767,Spain,Female,41,2,0.0,2,1,0,46577.93,0
15649747,376,France,Male,43,5,140849.52,2,1,0,145294.18,1
15786358,742,France,Male,32,1,119741.16,2,1,1,194781.9,0
15648674,780,Spain,Female,30,6,0.0,2,0,0,124358.89,0
15813519,678,Spain,Male,25,8,111460.01,2,1,0,196862.8,0
15615109,739,France,Male,33,2,114515.38,2,0,0,141053.39,0
15591540,850,Germany,Female,33,1,80542.6,1,0,1,129187.64,1
15795976,695,France,Female,30,3,105921.21,2,1,1,138186.01,0
15596740,566,Germany,Male,45,9,153571.53,2,1,0,134023.74,0
15773521,668,Spain,Female,47,2,150804.22,2,1,0,55964.11,0
15761616,742,France,Female,34,10,158735.4,1,1,1,102802.78,0
15591596,716,France,Male,34,3,150622.8,2,1,0,39243.17,0
15782118,715,France,Male,32,5,134398.84,1,1,1,146891.89,0
15576730,670,Germany,Male,38,8,0.0,2,1,0,127091.73,1
15805369,686,Germany,Female,26,5,0.0,2,1,0,167410.93,0
15806774,593,France,Female,31,8,0.0,2,0,0,119820.07,0
15754770,739,France,Female,38,1,0.0,2,1,1,176728.01,0
15696040,785,Spain,Female,36,4,0.0,2,1,1,129947.53,0
15753153,833,Germany,Female,35,9,130444.48,2,1,0,187831.62,0
15699325,632,France,Female,35,4,81140.07,2,0,0,87343.63,0
15781866,570,France,Female,39,6,0.0,2,1,0,69457.05,1
15711705,622,France,Female,28,4,0.0,1,0,1,85774.71,0
15599409,641,Germany,Male,27,0,88261.36,2,0,0,171882.16,0
15791137,752,France,Female,46,10,125835.49,1,0,0,184855.48,1
15765250,543,Germany,Female,34,3,138207.46,2,1,0,154611.06,1
15571349,644,France,Female,38,2,149169.61,2,1,1,199636.34,1
15640678,706,France,Female,37,8,0.0,1,0,1,79347.12,1
15591034,614,France,Female,40,4,0.0,1,1,0,177111.75,0
15739422,749,France,Male,48,0,0.0,2,0,0,73691.59,0
15774253,804,Germany,Female,38,0,0.0,2,1,0,91560.65,1
15607778,611,France,Female,38,10,143538.48,2,0,1,60900.89,0
15765677,621,Spain,Female,45,8,134119.68,2,0,0,110424.81,1
15643029,709,France,Female,47,5,65418.09,3,1,1,136810.14,1
15772077,805,Spain,Male,28,9,0.0,1,0,1,48593.17,0
15573010,670,Germany,Female,31,4,77578.82,1,1,0,112366.43,0
15580353,750,Germany,Female,37,7,119444.32,1,1,0,191916.89,0
15814242,589,France,Female,40,0,0.0,2,1,0,97366.4,0
15685558,811,Germany,Male,47,5,0.0,1,0,1,198452.21,0
15728622,598,France,Male,26,3,140547.01,1,0,1,103792.89,0
15733602,601,Germany,Male,30,2,0.0,2,0,0,54757.22,0
15714759,682,France,Male,28,4,0.0,1,0,1,4937.06,0
15649962,535,Germany,Male,29,6,148916.46,1,1,0,178687.14,0
15722256,639,Spain,Female,34,9,116896.27,2,1,1,154910.78,0
15718198,654,Spain,Male,22,4,0.0,2,1,0,48779.76,0
15616076,624,Germany,Male,48,2,139178.25,2,0,1,133411.98,1
15754130,543,Spain,Female,42,7,115214.34,2,0,0,199706.02,0
15570796,780,Germany,Male,45,10,91255.65,2,1,0,49450.05,1
15766557,656,France,Female,34,9,103584.05,2,1,0,54213.32,1
15768996,675,France,Female,31,3,0.0,2,1,0,129781.9,0
15607368,708,Spain,Male,34,0,115403.5,2,1,1,140859.79,0
15793448,634,France,Female,38,4,111328.95,2,1,1,156487.53,0
15726689,608,Spain,Male,41,4,0.0,2,0,1,44336.8,0
15672968,688,France,Male,40,8,136924.43,1,1,1,27964.13,0
15640350,669,France,Female,39,2,91752.23,2,1,1,64540.24,0
15774698,693,France,Female,34,2,149333.47,1,1,1,151608.05,0
15701341,777,France,Female,33,6,0.0,1,1,0,110200.08,1
15643639,509,Spain,Female,45,2,0.0,2,1,1,30672.97,0
15611703,600,Germany,Female,60,3,0.0,2,1,0,160294.71,0
15743872,575,France,Female,47,1,56965.04,2,1,0,148258.55,1
15678927,685,France,Female,44,3,0.0,2,1,1,32396.42,0
15620818,645,Spain,Female,42,1,94916.94,2,1,0,101481.26,0
15785117,699,France,Male,48,2,125426.56,1,1,0,141137.55,0
15745998,481,France,Female,54,5,127189.48,2,0,1,58328.62,0
15603406,704,Spain,Female,49,10,67304.95,1,1,1,137384.86,0
15781787,789,Spain,Male,46,9,0.0,1,1,0,124404.85,0
15703304,747,Germany,Male,36,10,98864.0,2,0,1,142718.73,1
15716376,637,Spain,Female,27,7,0.0,1,1,0,189995.88,0
15688304,647,Germany,Female,34,4,0.0,2,0,1,75116.81,1
15676475,654,Germany,Female,39,10,0.0,2,0,1,26844.09,0
15729097,667,Spain,Female,34,7,0.0,2,1,0,109341.5,0
15655291,625,France,Male,49,7,103758.01,2,0,1,49581.97,0
15810143,601,France,Male,37,7,0.0,2,1,0,181312.47,1
15728438,850,Germany,Female,27,4,0.0,2,1,1,160931.5,0
15780850,687,France,Male,41,9,0.0,1,1,0,1022.86,0
15598819,693,France,Female,27,3,84226.01,2,1,0,2211.87,0
15608394,585,Spain,Male,43,9,123814.99,2,1,1,155434.94,0
15781314,836,France,Female,41,0,0.0,2,1,1,53432.6,0
15585154,513,France,Female,28,8,99705.24,1,1,1,102728.73,1
15724279,741,Spain,Male,33,7,0.0,2,1,1,103006.04,0
15618385,537,Spain,Male,37,7,126012.53,1,1,0,147840.74,0
15695731,396,Spain,Male,34,0,150348.99,2,1,1,10437.6,0
15581091,526,France,Male,27,7,86413.49,2,1,0,98145.82,0
15697935,692,France,Male,34,2,0.0,1,1,0,173376.96,0
15752776,590,Spain,Female,39,8,0.0,1,1,0,146935.15,0
15615836,792,Spain,Female,38,8,0.0,1,1,0,30133.27,0
15570960,624,Germany,Male,28,6,0.0,1,1,0,172044.92,0
15716585,647,France,Male,45,6,131949.95,1,1,0,116201.95,1
15708510,760,Germany,Male,33,10,0.0,2,1,0,89253.53,0
15605835,666,Germany,Male,26,7,150437.97,2,1,0,93850.98,0
15652238,850,France,Male,40,10,58921.62,2,1,0,78124.25,1
15656418,626,France,Male,31,8,208164.23,1,1,0,98166.07,1
15725593,850,Spain,Female,49,4,0.0,1,1,0,117188.69,0
15720351,760,France,Male,29,10,94464.87,3,1,1,54707.44,0
15573426,643,Spain,Male,52,1,150830.64,1,0,0,101645.06,0
15593517,626,Germany,Female,52,7,106391.82,1,1,0,172291.59,0
15660048,604,Spain,Female,28,7,115146.08,1,1,1,21562.87,0
15777345,637,Spain,Male,41,7,79630.65,2,1,1,93829.92,1
15716568,753,France,Male,50,5,0.0,1,1,0,199076.67,0
15706546,743,Germany,Male,35,9,130358.65,1,1,1,170491.56,0
15625713,674,France,Female,28,8,92613.84,3,1,1,46746.14,0
15575046,631,Germany,Male,48,8,128557.75,2,1,0,170930.17,1
15664876,652,France,Male,29,6,0.0,1,1,1,34577.53,0
15659533,576,France,Female,32,2,0.0,2,1,0,64773.51,0
15607077,665,France,Female,58,0,89878.66,2,0,1,115536.68,0
15785524,583,France,Female,33,0,0.0,1,0,0,144497.22,0
15771079,587,Germany,Male,24,2,0.0,1,1,1,175625.27,0
15783177,613,France,Male,27,9,0.0,1,1,1,64014.75,0
15790796,730,Spain,Male,49,5,0.0,2,1,1,26388.74,1
15782509,781,Spain,Male,28,10,144231.73,2,0,1,95410.04,0
15644820,588,France,Male,38,4,153203.38,2,1,0,130217.19,1
15731890,696,France,Male,26,6,140923.68,2,1,0,73793.17,0
15762527,600,France,Male,44,5,0.0,1,1,1,116656.6,0
15583031,769,Spain,Female,33,3,85642.16,1,1,1,35126.35,0
15580807,737,Spain,Male,53,3,151870.31,2,1,1,51487.12,1
15696892,622,France,Male,26,9,100528.03,1,0,0,168073.53,0
15719086,840,France,Female,34,0,112095.87,1,0,1,39013.13,0
15600612,510,Spain,Female,29,5,85073.76,1,1,0,111785.95,0
15798855,720,France,Male,39,10,137949.42,3,0,1,14604.31,0
15639555,596,France,Male,35,5,174346.24,2,1,0,71944.75,0
15653113,463,France,Female,48,5,97774.3,2,1,1,115605.07,0
15735838,775,France,Female,31,8,54510.39,1,1,1,130027.91,0
15753936,616,Germany,Female,34,9,192027.64,2,0,1,148518.74,1
15631918,609,Spain,Male,35,7,0.0,2,0,0,107864.55,0
15759557,546,Germany,Male,50,2,147027.96,1,1,0,136514.2,1
15779588,754,France,Male,29,5,140674.61,1,1,0,100050.42,0
15573079,737,Germany,Female,39,2,119680.91,2,1,1,186485.14,0
15715644,661,Spain,Female,33,9,128335.3,1,1,0,88064.31,0
15586872,624,France,Male,47,2,96581.03,1,1,1,117945.88,1
15744209,734,Germany,Female,35,0,98758.27,2,1,1,145183.11,0
15641536,602,France,Female,35,0,0.0,2,1,0,128836.81,0
15649179,653,France,Female,32,3,130536.56,2,0,1,22270.18,0
15629429,840,France,Male,46,1,0.0,2,1,0,94580.61,0
15652835,606,Germany,Female,39,3,172221.02,2,0,0,178565.21,1
15582432,700,France,Female,29,1,116081.44,2,0,0,147694.37,0
15611421,637,France,Female,30,8,166798.11,1,0,0,122371.41,0
15652632,638,France,Female,30,8,168008.12,1,1,1,175350.42,0
15678682,768,France,Female,30,1,113151.84,1,0,1,29226.11,0
15689014,592,Germany,Male,33,3,123552.31,2,0,1,185837.91,0
15596374,634,Germany,Female,37,4,0.0,1,1,1,166260.75,0
15642100,591,Spain,Male,38,0,134704.39,2,0,0,4311.23,0
15698241,699,Spain,Male,24,8,77919.54,1,0,1,160757.31,0
15604984,755,Germany,Female,29,5,108366.51,1,1,0,87710.17,1
15738035,693,France,Male,29,8,173785.68,2,1,0,147405.4,1
15738346,774,Germany,Male,32,6,110315.25,2,1,0,146626.09,0
15592406,624,France,Female,32,3,0.0,2,1,0,91955.7,0
15801411,729,France,Female,27,4,106344.37,1,1,1,24495.03,0
15723584,744,Spain,Female,41,6,94277.45,1,0,1,103989.88,0
15582171,517,Spain,Male,44,5,0.0,2,1,1,10228.56,0
15615148,634,Germany,Female,40,5,0.0,1,1,1,56954.14,1
15567234,665,Germany,Male,31,0,70937.51,2,1,0,129818.44,0
15750284,620,France,Male,37,5,182218.13,2,1,0,148123.34,0
15728717,621,France,Female,40,3,147709.74,2,1,1,88751.33,0
15759235,653,Germany,Female,32,0,109325.29,2,0,1,112266.07,1
15672278,569,France,Male,48,5,164863.01,2,1,1,110.97,0
15573495,748,Germany,Male,42,7,0.0,2,1,0,54459.46,1
15641743,596,France,Male,42,5,0.0,2,1,1,132934.69,0
15745388,619,France,Female,54,6,54001.91,1,0,1,12989.81,0
15671072,599,France,Female,42,9,0.0,1,0,0,137082.37,0
15737750,658,Spain,Female,25,6,151913.57,1,1,1,31644.49,0
15752341,717,Germany,Female,41,3,107233.7,1,1,1,138481.54,0
15770642,646,Spain,Female,27,10,155313.5,1,1,0,34506.45,0
15690117,604,France,Male,40,9,157070.22,1,0,0,46258.23,1
15596403,588,Germany,Female,26,7,135868.79,1,0,0,32759.3,0
15741186,594,Germany,Male,40,4,137655.58,1,0,1,138997.68,1
15673908,511,Germany,Male,41,7,70132.65,3,0,0,123348.97,1
15777220,544,Spain,Female,25,1,130849.26,2,1,0,69631.63,0
15606643,611,France,Male,32,2,112790.28,2,1,1,67220.53,0
15721502,596,Spain,Male,24,6,0.0,1,1,1,72639.77,0
15699825,644,France,Male,47,10,133534.66,1,1,1,27579.0,0
15809856,666,France,Male,28,0,115036.06,1,0,1,121693.48,0
15630259,565,Spain,Male,29,3,50698.72,1,0,1,36460.63,1
15762132,572,Spain,Male,69,6,0.0,1,0,0,91876.19,0
15802253,571,Spain,Female,26,0,185493.99,2,1,0,79512.17,0
15739332,560,Germany,Male,50,8,125316.61,1,0,0,194015.22,1
15798552,591,Spain,Male,33,5,0.0,2,0,0,126861.45,0
15620688,538,France,Male,59,3,104894.35,1,1,1,37800.21,0
15588728,562,Germany,Female,49,9,128096.31,1,0,1,43517.71,0
15674828,754,France,Female,39,1,132766.6,2,1,1,39857.95,0
15610868,850,France,Female,59,9,0.0,1,1,0,162641.97,1
15730727,537,Spain,Male,38,1,0.0,2,1,0,119663.85,0
15581325,610,France,Male,33,10,148362.7,1,0,1,197160.46,0
15587564,595,Spain,Female,29,4,0.0,1,1,1,125757.16,0
15650232,692,Spain,Male,29,2,143957.55,1,1,1,171452.12,0
15636822,683,Germany,Male,50,6,0.0,2,0,0,158035.27,0
15731094,727,Spain,Male,39,4,0.0,2,0,1,79900.93,0
15745458,596,France,Female,27,9,121514.65,1,0,0,114668.61,0
15635434,767,France,Male,39,6,103616.77,1,1,1,186109.94,0
15695242,749,Spain,Male,26,9,94169.8,1,1,0,158149.52,0
15633869,610,France,Male,41,0,134383.45,1,1,0,3477.19,0
15568615,629,Spain,Male,41,6,161077.62,1,1,0,31298.84,0
15748381,785,France,Female,53,3,0.0,1,1,0,72203.36,0
15779398,719,Spain,Female,38,10,134279.98,2,1,0,22864.66,0
15585338,515,France,Female,36,0,177583.38,2,0,1,38111.21,0
15788818,731,France,Male,32,1,121186.66,2,1,1,16904.88,0
15749643,629,Germany,Female,33,10,0.0,2,1,1,99874.82,0
15790011,642,Germany,Male,29,10,201740.19,2,1,1,110076.59,0
15626557,511,France,Female,46,4,151333.81,2,1,1,35695.33,0
15571656,743,Germany,Female,52,5,0.0,1,1,0,55186.5,1
15571867,625,Spain,Female,39,6,0.0,2,0,1,93198.91,0
15655930,608,France,Male,48,1,114089.46,2,0,1,113568.89,0
15717259,512,Spain,Male,39,1,0.0,2,1,0,44637.89,0
15586406,650,France,Female,49,1,0.0,2,1,1,69291.5,0
15714138,547,Spain,Male,34,0,127927.63,2,0,0,174273.06,0
15654182,620,France,Female,53,6,0.0,1,1,0,156011.16,0
15724151,571,France,Female,42,0,119764.34,1,0,0,82296.53,0
15571546,547,France,Male,44,5,0.0,1,0,1,40799.02,0
15686710,646,France,Male,32,4,0.0,1,1,0,33814.0,0
15673463,786,Spain,Male,38,0,167427.21,2,1,0,186980.82,1
15625841,644,France,Male,37,6,0.0,1,1,1,198391.48,0
15730817,648,France,Male,55,1,0.0,1,1,0,88588.13,0
15688991,545,Spain,Female,35,2,162859.94,1,1,1,155951.31,0
15792562,600,France,Male,49,1,0.0,1,1,1,47003.8,0
15574259,739,France,Male,41,0,79847.27,1,1,0,92030.67,0
15767603,769,Germany,Female,33,7,0.0,2,0,1,55739.6,0
15579205,634,Germany,Female,56,8,80594.76,1,1,1,126649.18,0
15604511,697,France,Male,34,2,134313.46,1,0,1,7908.5,0
15610829,610,France,Female,39,0,0.0,1,0,1,136256.82,0
15708463,664,France,Male,30,2,0.0,1,1,0,185171.96,0
15754789,665,Spain,Female,27,2,97782.94,2,0,0,26485.62,0
15628498,605,France,Male,38,2,53834.27,1,1,0,197688.11,0
15642411,850,Spain,Female,33,3,0.0,2,1,0,61638.7,0
15570045,811,Germany,Male,34,10,0.0,2,0,0,185916.79,0
15566293,607,France,Male,33,3,0.0,1,0,1,9161.67,0
15662569,662,France,Male,36,8,117850.68,1,1,0,57804.31,0
15763411,542,Germany,Female,33,5,0.0,2,1,0,97676.21,1
15577120,571,France,Male,27,8,141024.9,1,0,0,50276.38,0
15654728,850,Spain,Female,36,5,101664.41,1,0,0,119479.94,0
15690041,547,Spain,Male,27,7,0.0,1,0,1,123153.44,0
15637751,621,France,Female,42,10,96888.81,1,0,1,157294.29,0
15614906,556,France,Female,36,9,81350.52,1,1,1,51670.78,0
15663111,656,Germany,Female,39,10,91088.66,1,1,0,102653.85,0
15723908,597,Spain,Female,51,7,0.0,1,1,1,8237.52,0
15651931,714,France,Male,27,0,121315.59,1,1,0,101791.32,0
15728644,470,Germany,Male,41,7,157781.1,1,1,1,85862.05,0
15813110,711,France,Female,26,6,0.0,1,1,0,102367.14,0
15780376,726,Spain,Female,47,3,131098.85,1,1,0,3806.11,1
15751969,653,France,Male,23,7,172653.01,1,1,0,97923.4,0
15706637,582,France,Female,37,2,99491.19,1,0,0,161248.64,0
15712818,807,France,Male,51,1,0.0,1,1,1,181977.68,1
15761903,486,France,Female,34,3,54863.57,1,1,0,96067.71,0
15616660,604,Germany,Male,47,2,0.0,2,1,1,5233.35,0
15680464,646,Spain,Female,39,9,0.0,1,1,0,117911.95,1
15679406,688,Germany,Female,49,4,128964.08,1,0,0,3313.63,1
15624391,586,Germany,Female,36,6,120785.49,2,1,1,120384.45,0
15704337,793,France,Female,34,7,0.0,2,0,1,83991.78,0
15739511,553,France,Male,43,0,87554.91,2,0,1,21276.37,0
15603293,723,Spain,Female,42,0,164514.9,1,1,1,188620.88,0
15646501,634,France,Female,38,0,0.0,1,1,1,12869.79,0
15583032,598,France,Female,46,10,0.0,1,0,0,180569.18,1
15576605,482,Spain,Male,28,1,0.0,1,1,0,96497.96,1
15712702,671,Spain,Male,45,6,149996.9,1,0,1,71114.97,0
15692080,633,France,Male,43,4,0.0,2,0,1,129443.5,0
15666812,562,Spain,Female,40,5,0.0,2,1,0,46289.77,0
15764525,744,Germany,Female,36,7,0.0,1,0,0,159724.51,1
15665621,545,France,Female,59,2,140484.29,2,1,0,135422.37,1
15731361,540,Spain,Female,44,3,111044.84,2,1,0,79005.22,0
15716570,759,France,Female,25,1,114395.64,2,1,1,127226.16,0
15807653,658,Spain,Female,25,9,0.0,2,1,1,117973.8,0
15785129,511,France,Female,27,6,114431.92,1,1,1,85642.64,0
15612758,566,France,Male,37,3,113041.3,1,1,1,129285.86,0
15707807,613,Germany,Male,42,2,0.0,2,1,1,11026.15,0
15751306,690,France,Female,30,7,0.0,3,0,0,117231.64,0
15573593,745,France,Male,38,1,0.0,2,1,1,196948.57,0
15806145,712,France,Male,31,0,0.0,2,1,1,178660.93,0
15699263,702,France,Female,55,9,0.0,1,1,1,38259.28,0
15776214,807,Germany,Female,31,9,140220.0,2,1,0,97325.4,0
15610684,626,France,Female,38,4,88546.25,2,1,1,92309.04,1
15809290,586,France,Male,48,3,103972.61,2,1,1,133136.38,0
15724138,850,France,Female,33,4,0.0,1,1,1,94845.63,1
15638375,508,France,Male,53,2,0.0,2,0,0,58029.11,0
15690202,494,France,Female,32,7,139773.16,2,1,0,188172.41,0
15618505,770,Germany,Male,33,5,0.0,2,1,1,65720.15,1
15626780,751,Spain,Male,42,7,0.0,2,1,1,147255.17,0
15596560,658,Germany,Male,37,7,120677.11,2,1,0,139410.04,1
15814959,659,France,Male,31,7,100528.37,2,0,1,63997.04,0
15717256,692,Spain,Male,40,10,0.0,1,1,0,74262.16,0
15803150,659,France,Female,38,0,114787.45,1,0,0,110684.77,0
15752452,710,France,Female,29,6,101623.52,1,0,0,28737.49,0
15778174,816,Germany,Male,47,8,127490.33,2,0,0,169686.87,1
15602984,690,France,Male,32,0,90966.26,1,0,0,83705.39,0
15729768,529,Spain,Male,62,1,117899.16,2,0,0,46134.15,1
15626658,603,Germany,Male,46,4,107000.1,2,1,0,9445.88,1
15615705,652,France,Male,45,0,162217.1,1,0,1,133429.49,0
15698297,808,Germany,Male,34,7,0.0,2,0,1,80886.46,0
15794886,742,France,Male,29,7,74145.15,2,1,1,26725.27,0
15687183,678,France,Female,50,5,159852.16,1,1,1,111693.33,1
15575190,735,France,Female,24,8,0.0,2,1,0,45654.73,0
15592569,800,Germany,Male,33,7,144197.46,1,0,1,85910.26,0
15788249,645,France,Female,44,6,199899.2,1,0,0,111041.33,0
15658401,625,France,Male,38,9,137886.76,1,0,1,89916.15,0
15766978,650,Germany,Female,37,0,117140.31,2,1,0,68447.33,1
15715366,651,France,Male,32,8,0.0,1,1,1,87532.4,1
15771927,621,Germany,Male,38,10,149836.36,1,1,1,72082.63,1
15593409,561,Spain,Male,30,9,0.0,1,0,1,127150.58,0
15810245,850,France,Male,22,6,112862.79,1,0,1,109894.71,0
15609148,676,France,Male,54,10,0.0,2,1,0,91962.29,0
15609155,652,Spain,Male,26,0,0.0,2,1,0,88551.61,0
15653295,652,Germany,Female,32,7,146428.25,1,0,1,56884.74,0
15643514,551,Germany,Female,50,6,167277.4,1,1,1,14584.14,0
15814281,519,France,Male,24,4,121547.28,1,1,0,151936.4,0
15798760,570,France,Male,35,5,0.0,4,0,1,28612.03,0
15587632,790,France,Male,42,10,77046.67,2,1,0,196829.7,0
15631765,831,France,Female,27,9,143272.63,1,1,0,184966.95,0
15612833,637,Spain,Female,36,5,138821.85,1,1,1,179367.12,0
15776111,620,Germany,Female,25,0,142751.42,1,0,1,119638.12,0
15763017,709,Spain,Female,42,6,0.0,2,1,1,78742.55,0
15701780,666,France,Male,40,4,94059.94,1,1,1,97508.71,0
15638641,850,Germany,Male,48,1,0.0,1,1,0,177007.96,0
15688572,585,France,Female,48,0,142925.47,2,0,1,193415.42,1
15767653,614,France,Male,26,3,137329.65,1,1,1,10379.21,0
15774509,564,France,Male,37,7,88836.19,1,1,0,103174.63,0
15708250,620,France,Female,40,8,113024.92,1,1,1,27227.93,0
15606480,596,France,Female,33,7,0.0,1,1,1,104257.42,0
15786545,670,Spain,Male,30,3,116782.36,2,1,0,173771.97,0
15641314,770,Spain,Male,49,2,101004.43,2,0,1,152591.74,0
15650036,731,France,Male,41,7,0.0,1,1,0,122497.39,1
15623526,638,France,Male,51,8,0.0,1,1,1,198545.03,0
15745364,692,France,Male,35,2,0.0,3,1,1,91434.22,0
15630841,706,Germany,Male,26,8,0.0,2,1,1,94344.05,0
15612227,617,France,Male,53,1,0.0,2,1,0,52799.41,0
15809780,798,Germany,Male,48,5,76392.06,2,1,1,84042.16,0
15790502,680,France,Female,35,9,83501.77,1,1,1,196446.84,0
15807743,630,France,Male,38,1,130399.64,2,1,0,41112.1,1
15694265,598,France,Female,42,6,158987.31,1,1,0,19794.73,1
15724253,739,Germany,Male,31,4,162317.61,2,0,0,169728.53,0
15753017,583,France,Female,29,3,0.0,1,1,0,149292.56,0
15732120,534,France,Male,35,7,0.0,1,0,1,141388.82,0
15638738,621,France,Female,34,10,68877.51,2,0,0,144911.79,0
15702629,606,France,Female,26,10,120102.26,2,1,1,127179.49,0
15670179,845,France,Female,30,0,130982.03,4,0,1,125627.61,0
15646687,707,France,Male,39,4,0.0,1,1,1,61120.28,0
15804050,624,France,Female,28,9,187321.97,2,1,0,191233.12,0
15790386,540,France,Male,42,0,121079.69,1,0,0,92437.72,1
15613115,752,France,Female,57,10,103581.59,2,1,1,166462.59,0
15751962,821,France,Female,29,5,134880.61,1,1,1,35254.04,0
15768094,472,Spain,Male,56,10,0.0,1,1,0,156401.88,1
15631999,480,France,Female,59,2,146227.01,2,0,0,122397.16,0
15602036,648,France,Female,31,4,0.0,3,1,1,168749.85,0
15705044,710,France,Female,30,5,144531.36,1,1,0,500.75,0
15599123,795,France,Male,45,1,104179.0,1,0,0,123759.9,0
15616997,801,Germany,Female,44,3,98876.46,1,0,0,58386.81,1
15735558,778,France,Male,34,2,121675.67,2,1,1,108155.93,0
15812973,562,Spain,Female,35,9,158911.99,1,1,1,62823.56,0
15812897,757,Spain,Male,44,7,119968.62,3,1,0,11469.96,0
15803926,697,France,Male,30,9,113054.97,1,1,1,141167.3,0
15704394,665,Germany,Female,36,2,132780.91,2,1,1,67661.5,1
15612543,680,France,Female,32,0,0.0,1,1,1,169681.89,1
15739162,751,Spain,Female,41,7,121102.11,2,1,0,8577.67,0
15605609,680,Spain,Female,35,2,0.0,1,1,1,18872.54,0
15655892,712,France,Female,39,3,169897.14,1,1,1,66276.11,0
15730826,569,France,Male,35,10,118213.72,2,1,0,48742.7,0
15619851,709,Spain,Male,39,0,0.0,1,1,1,152081.83,0
15712099,559,France,Male,37,1,112241.09,1,1,0,2673.03,0
15718146,585,France,Male,38,10,159795.54,2,1,1,140431.17,0
15688474,652,Germany,Female,38,2,117215.28,1,1,1,104497.56,0
15784643,594,Germany,Female,35,4,145287.79,1,1,1,91042.64,0
15757035,531,Germany,Male,51,9,124673.2,2,0,1,139548.26,0
15663142,560,Spain,Male,29,5,130883.08,2,1,1,162001.15,0
15734714,701,Spain,Female,55,10,0.0,3,1,0,94726.79,0
15576598,557,Spain,Female,47,9,132728.3,1,1,1,32077.1,0
15573527,825,Spain,Male,44,5,0.0,1,1,0,166866.23,0
15568522,627,France,Male,55,9,114567.45,1,1,0,111166.32,1
15606371,600,Germany,Female,55,4,61123.22,2,1,1,101286.12,0
15736092,715,Germany,Male,30,7,0.0,1,1,1,41592.39,0
15647281,723,France,Female,51,1,0.0,1,1,1,196175.86,0
15693615,760,Spain,Male,26,1,118313.31,1,0,0,123798.74,0
15598186,631,France,Female,30,3,0.0,2,0,0,177736.73,0
15605614,675,France,Male,36,1,135121.93,2,0,1,138151.08,0
15812790,761,France,Female,39,6,0.0,1,1,1,156365.39,0
15619411,684,France,Female,24,6,147788.19,1,1,0,161741.15,0
15778012,629,France,Male,35,5,120727.26,2,1,1,69113.84,0
15693111,520,France,Female,27,3,81729.26,2,1,1,8409.38,0
15623423,818,Spain,Male,32,4,0.0,1,1,0,44128.34,0
15637735,655,Germany,Female,33,4,0.0,1,0,1,57253.52,0
15615934,536,Spain,Female,36,5,134961.79,2,0,1,176467.87,0
15662613,654,Spain,Male,33,3,143363.6,1,0,1,128370.58,0
15678483,649,Germany,Male,48,9,179987.87,2,1,0,78824.1,1
15695757,741,France,Female,52,7,108562.38,1,1,0,85357.71,1
15724070,613,France,Female,30,4,149098.34,2,0,0,191430.28,0
15650314,623,France,Male,29,1,0.0,1,1,1,100307.69,0
15791625,814,France,Female,52,2,121924.39,2,1,1,137276.96,0
15634724,706,Germany,Male,34,7,92455.13,2,1,1,99048.97,0
15636782,662,Spain,Male,30,0,132800.53,2,1,0,100513.75,0
15744518,409,France,Female,27,5,0.0,2,0,0,184877.13,0
15693089,514,France,Male,50,8,164593.95,3,1,0,108347.22,0
15638028,447,Spain,Male,34,1,132070.92,2,1,1,39652.53,0
15754230,637,France,Male,49,2,75724.41,3,0,0,195597.88,0
15579043,731,Spain,Male,38,5,119869.65,1,1,0,174813.65,0
15756309,573,Germany,Male,36,9,125770.07,2,0,1,59404.0,0
15615191,755,Spain,Male,36,6,144959.7,1,1,0,53128.58,1
15673037,635,France,Male,32,9,0.0,1,1,0,16746.25,0
15764196,742,France,Male,38,8,125905.62,2,1,0,168022.72,0
15593083,531,France,Male,55,9,165580.07,1,1,1,9078.28,1
15750757,572,Germany,Female,37,9,0.0,2,0,0,185184.42,1
15639650,732,France,Male,53,0,108002.65,1,1,0,175786.64,1
15592313,553,Germany,Male,39,4,118780.99,2,1,1,92536.49,1
15630988,682,France,Male,51,0,89139.43,1,0,0,132822.39,0
15642359,713,Germany,Female,30,6,101031.05,1,1,1,193011.41,0
15753380,775,Germany,Male,46,7,79428.68,2,1,0,26171.08,1
15693455,699,Germany,Male,68,1,100172.39,2,1,0,151713.59,1
15719613,593,France,Female,32,9,83753.98,2,0,0,23364.75,0
15649842,730,Germany,Male,38,1,0.0,1,1,1,138796.13,0
15751631,675,France,Female,29,2,0.0,2,1,1,179415.91,0
15574631,544,France,Male,43,2,119771.03,1,1,1,193469.83,1
15812283,628,France,Female,41,3,82130.26,1,1,1,24881.65,0
15796586,750,Germany,Female,43,2,97592.82,1,0,0,167251.86,1
15808060,631,Germany,Male,44,3,126248.78,1,1,1,192890.38,1
15675536,459,France,Male,58,6,0.0,2,1,1,50190.03,0
15686168,567,France,Female,36,6,150155.2,1,1,1,4485.99,0
15643643,524,Spain,Female,31,10,124341.93,2,1,1,103392.85,0
15676659,646,Spain,Male,49,1,90220.92,2,1,1,12914.87,0
15673653,508,Germany,Female,39,10,150796.52,1,0,1,127640.26,0
15798091,622,France,Male,29,3,0.0,1,0,0,179852.38,1
15695465,756,Spain,Male,43,7,0.0,1,0,0,173028.11,0
15579642,702,France,Male,34,7,97985.38,1,0,0,100775.49,0
15686127,559,Spain,Female,24,3,92685.39,2,1,1,125423.07,0
15656316,668,France,Male,32,5,0.0,2,1,1,41210.25,0
15569431,616,Germany,Female,27,9,0.0,1,1,0,29842.98,0
15750365,590,France,Female,55,1,170908.7,1,0,0,168655.99,1
15575335,597,Spain,Male,44,10,143145.33,2,0,1,1401.0,0
15710633,716,France,Male,36,9,0.0,2,0,0,77896.47,0
15774545,591,Spain,Female,34,6,125610.59,1,0,0,90529.21,0
15699471,717,France,Male,29,5,142557.24,2,1,1,99021.89,0
15707323,640,France,Female,43,8,0.0,2,1,1,173837.99,0
15793501,547,France,Male,28,8,152677.25,1,1,1,151807.18,0
15810773,645,France,Male,27,2,142842.47,1,0,1,64491.38,0
15593290,425,Germany,Female,45,2,125970.85,1,0,1,65018.47,0
15766867,564,Spain,Male,45,0,0.0,2,1,1,115214.85,0
15747117,538,Germany,Female,36,2,0.0,2,1,0,122250.03,1
15798953,711,France,Female,34,9,63270.99,1,1,0,33471.13,0
15735895,580,France,Female,31,9,112499.72,2,1,1,101450.08,0
15607128,554,France,Female,45,4,147499.42,1,1,0,56655.77,0
15791515,692,France,Male,28,9,0.0,1,1,0,120435.11,0
15636238,629,Spain,Male,60,8,136104.88,2,1,1,130823.43,0
15682937,805,Spain,Male,30,7,113945.63,1,1,0,55791.92,0
15631521,715,Germany,Male,38,7,115009.99,2,0,0,21147.02,0
15762772,576,France,Male,32,4,97143.64,2,1,0,72755.59,0
15651732,466,Germany,Female,31,0,141728.85,2,0,1,198494.08,0
15724985,520,France,Female,53,8,182959.55,1,1,0,71124.85,0
15587656,609,France,Female,30,6,155617.31,1,1,0,144915.12,0
15598494,850,France,Female,34,1,132087.64,1,0,0,165781.34,0
15735527,677,Spain,Male,35,4,123088.14,2,1,0,181409.11,0
15718331,552,Germany,Female,30,7,147266.74,1,0,1,120821.94,1
15803234,603,Germany,Male,30,2,0.0,1,0,0,31575.84,0
15585193,683,France,Male,32,0,45664.48,1,1,0,156731.92,0
15608688,710,Germany,Female,33,0,176314.38,1,1,1,187798.65,1
15640409,634,Spain,Male,35,1,0.0,2,1,1,28801.88,0
15657507,606,Germany,Male,40,0,0.0,1,1,0,106392.82,0
15566584,727,Germany,Male,31,0,0.0,1,1,1,106484.63,0
15755996,674,Germany,Male,43,2,133641.0,2,1,1,59534.75,1
15784107,753,Germany,Male,54,2,0.0,1,1,1,31083.08,1
15790494,679,Germany,Female,35,6,176932.18,2,1,0,104796.18,0
15769423,623,France,Male,41,3,117710.76,2,1,1,100083.68,0
15622916,512,Germany,Male,36,0,171474.05,2,0,1,148584.82,1
15810107,612,Spain,Male,27,10,0.0,3,0,0,184184.99,0
15668895,706,Spain,Male,44,0,62319.55,2,1,1,95620.04,0
15579073,807,France,Female,33,1,155909.76,1,0,0,56273.82,1
15795122,687,France,Female,25,10,173252.58,2,0,0,30879.04,0
15673119,688,Germany,Male,38,10,0.0,2,0,0,66142.39,0
15696591,803,France,Female,28,4,0.0,2,0,1,24526.21,1
15648453,628,Spain,Female,32,2,0.0,2,0,0,42910.42,0
15592921,792,Spain,Female,51,9,136771.14,2,1,0,161033.56,1
15633890,602,France,Male,38,8,0.0,2,0,0,442.06,0
15780331,549,Germany,Female,37,6,126531.58,1,1,0,13641.12,0
15758754,598,France,Female,43,5,0.0,2,1,1,5517.0,0
15784935,733,France,Male,38,7,160697.46,2,0,0,31543.31,0
15731324,606,France,Female,42,4,0.0,1,1,1,5108.79,0
15633488,850,Spain,Female,27,2,132929.1,2,0,1,8497.07,0
15760669,553,Spain,Female,34,5,0.0,2,0,1,99326.79,0
15709951,354,France,Male,44,10,108878.43,1,0,0,137845.84,0
15744598,576,Spain,Male,29,8,96662.09,2,1,0,142950.53,0
15710523,671,France,Male,41,10,137293.45,1,1,1,122914.21,0
15739943,549,France,Male,50,6,99161.86,2,1,1,175245.03,0
15761466,592,France,Male,36,2,146945.6,2,1,1,111827.48,0
15778034,793,France,Male,56,5,161466.89,1,1,1,84448.56,0
15674420,677,France,Female,24,5,116923.64,2,0,1,172729.9,0
15773738,763,Germany,Male,41,9,144004.33,1,1,0,198166.73,1
15632614,712,France,Male,55,6,169160.14,1,1,0,142042.85,1
15635295,551,France,Female,27,6,0.0,1,1,0,65954.79,0
15808451,691,France,Male,33,9,111868.13,1,1,1,26838.66,0
15768531,649,Spain,Male,34,6,94764.19,2,0,0,75877.92,0
15627176,663,France,Female,30,9,102893.2,1,1,0,98777.65,0
15621019,771,France,Female,24,10,143543.38,2,1,0,126082.59,0
15803940,601,France,Male,24,8,82717.97,1,1,0,92542.9,0
15613019,528,France,Female,35,6,0.0,2,1,0,35435.18,0
15799572,721,France,Female,34,4,119605.79,1,1,1,31093.74,0
15624790,580,France,Male,41,3,0.0,2,1,1,149031.69,0
15616848,506,France,Female,41,10,136366.74,1,0,1,131655.86,0
15573352,669,Germany,Female,41,3,99324.0,2,1,1,586.47,0
15636086,613,France,Male,41,5,0.0,1,1,0,128995.06,0
15570653,707,France,Male,28,0,167231.22,1,1,0,62920.04,0
15670998,539,Spain,Female,35,9,115589.84,1,0,0,3512.63,0
15756754,553,Germany,Male,33,7,0.0,2,1,1,11798.27,0
15674871,728,France,Female,39,2,139459.09,2,1,0,187776.43,0
15587547,762,France,Male,41,5,117738.75,2,0,1,108305.87,0
15789788,509,Spain,Male,27,6,0.0,2,0,0,170355.25,1
15699855,592,Germany,Female,47,10,106273.18,2,1,0,120756.08,0
15611550,839,Spain,Female,38,2,0.0,1,0,1,197448.15,0
15587556,653,France,Female,38,3,0.0,2,1,1,39207.34,1
15681295,625,France,Male,29,0,118721.69,2,1,0,166907.35,0
15745102,474,Spain,Male,35,6,118583.86,2,1,0,168974.65,0
15586474,504,Germany,Female,33,7,132690.98,2,0,0,24737.84,0
15601652,581,Germany,Male,33,8,90677.74,2,0,1,38854.84,0
15733893,789,Spain,Female,34,7,103996.65,2,1,1,154715.7,0
15741284,682,Germany,Female,29,3,107179.15,2,1,0,161334.74,1
15661181,470,Germany,Male,36,10,0.0,1,0,0,149941.74,1
15776964,585,France,Female,56,5,132236.54,1,1,0,79334.64,0
15689061,572,France,Female,34,2,62521.43,2,1,0,1308.25,0
15626520,634,Spain,Male,30,10,0.0,1,1,1,165510.01,0
15694919,576,France,Male,34,9,0.0,2,1,0,151528.89,1
15586327,683,Germany,Male,50,1,120175.59,3,1,1,19437.77,1
15596823,616,Germany,Female,45,4,0.0,2,1,1,61581.41,1
15763064,640,Spain,Female,32,5,68810.09,1,1,1,64753.61,0
15581962,700,Germany,Male,37,5,0.0,3,0,1,171249.43,0
15566011,799,France,Female,41,0,156211.81,2,1,0,159509.25,0
15748816,790,France,Female,47,9,0.0,2,1,0,199465.81,0
15658452,649,Spain,Female,41,7,132663.69,1,1,1,135982.93,0
15783145,611,Spain,Male,33,3,0.0,1,1,0,2725.89,0
15796250,523,Spain,Female,46,6,133503.66,2,1,0,62986.59,1
15647149,671,Germany,Male,50,5,142570.95,1,0,0,642.85,1
15628618,763,France,Female,31,2,153649.04,1,1,1,189697.29,0
15709995,541,France,Male,44,4,135680.16,2,1,0,96105.2,0
15655390,492,Germany,Male,46,4,70106.14,1,1,0,166676.52,1
15808763,631,Spain,Male,34,8,109530.98,1,1,0,33338.99,1
15593199,567,Spain,Female,34,8,102922.84,2,1,0,71452.44,0
15610493,741,France,Male,30,8,119106.73,2,0,1,13814.98,0
15800884,584,France,Female,32,10,125541.55,2,1,1,74981.45,0
15630908,514,France,Female,31,4,120388.72,2,0,0,186550.11,0
15692530,448,Germany,Female,28,4,0.0,1,0,0,102947.02,0
15810993,597,Spain,Male,31,3,0.0,1,1,1,35141.98,0
15786218,765,Germany,Male,37,8,0.0,1,1,1,154596.13,0
15711089,591,Germany,Male,40,1,162899.22,1,1,1,193695.58,1
15811227,572,France,Male,40,4,118068.75,1,1,1,16599.24,0
15683328,663,France,Male,30,2,48682.2,1,1,1,69997.53,0
15718946,640,France,Male,47,5,140601.48,1,0,0,174156.53,1
15644296,491,France,Female,24,1,133201.62,2,0,0,16790.6,0
15807952,544,France,Male,25,5,164677.04,2,1,1,166159.38,0
15679062,608,Germany,Male,36,1,131698.41,1,1,1,111247.35,0
15587298,657,France,Female,27,8,130414.03,2,1,0,88882.74,1
15787516,767,France,Male,23,6,127207.28,1,1,1,120711.9,0
15577984,625,France,Male,37,5,106169.45,2,1,1,17822.27,0
15721588,686,France,Male,60,2,0.0,1,0,0,186265.77,1
15710577,459,Spain,Male,32,4,147357.77,2,1,0,152139.24,1
15672933,736,Germany,Male,33,8,0.0,2,1,0,66277.2,0
15770071,782,Germany,Female,36,2,0.0,1,1,1,113115.96,0
15749513,615,France,Female,42,8,161378.45,1,1,1,17714.84,0
15676314,572,Spain,Female,36,10,130584.92,2,1,0,52441.74,0
15731542,636,France,Female,40,10,0.0,2,1,1,23247.11,0
15750619,647,Germany,Female,27,8,113577.96,1,0,1,99466.56,0
15733898,694,Germany,Female,33,6,0.0,2,0,1,127068.27,0
15677805,514,Germany,Male,38,5,125690.6,3,1,0,87626.47,1
15606859,689,France,Male,36,5,0.0,2,1,0,14478.36,0
15643108,634,Germany,Male,51,9,105501.37,2,0,0,160897.43,0
15721211,447,Germany,Male,38,7,0.0,2,0,0,50101.02,1
15754422,709,France,Male,38,0,157522.49,1,1,0,4250.8,1
15707649,707,France,Male,36,9,109507.28,1,1,0,102130.19,0
15712960,760,France,Male,47,3,130492.56,2,1,0,168658.55,0
15703522,850,Germany,Female,41,4,0.0,1,1,1,31744.86,0
15602905,652,Spain,Female,47,8,92513.37,1,1,0,155215.68,0
15588446,673,Spain,Female,32,0,59578.19,1,1,1,192527.24,0
15580787,732,Spain,Male,42,5,0.0,2,1,1,47480.49,0
15749220,613,Germany,Male,35,1,123177.85,1,1,1,57335.88,0
15638751,649,France,Female,41,9,0.0,2,1,0,8861.97,0
15689622,643,France,Female,46,9,129118.35,2,1,0,127823.97,0
15675984,502,Spain,Male,37,10,89822.34,1,1,1,138432.47,0
15619454,662,France,Female,40,0,130523.65,1,0,1,1703.49,1
15606968,591,Spain,Female,35,3,80798.91,1,0,0,143143.59,0
15779502,850,Germany,Male,33,8,132092.83,1,1,0,177916.3,1
15672957,743,Spain,Female,29,4,130565.53,2,1,1,67139.86,0
15737159,674,Germany,Male,34,8,0.0,1,1,1,66711.65,0
15578973,512,France,Female,37,3,185501.61,1,1,0,37575.99,1
15569311,684,France,Male,54,9,91301.39,1,1,1,105532.48,1
15707256,519,Spain,Male,33,6,0.0,1,1,0,186887.74,0
15735115,517,Germany,Female,35,7,175652.49,1,1,0,24587.64,1
15810242,735,Germany,Male,41,5,0.0,1,1,0,17509.46,1
15609595,717,France,Male,32,7,111462.81,3,1,1,11401.95,0
15607490,636,France,Male,36,6,85052.2,1,1,0,110285.26,0
15787631,665,Spain,Male,37,3,142902.06,1,1,0,34484.02,0
15760299,717,Spain,Male,28,7,89810.96,2,0,1,132588.21,0
15644026,707,Germany,Female,61,2,0.0,1,0,1,170404.98,0
15790865,581,Germany,Male,30,0,0.0,1,1,1,171751.36,0
15658563,676,France,Female,35,4,160742.97,1,1,1,25963.59,1
15738113,538,France,Male,38,10,76501.2,2,1,1,138781.02,0
